#
# A fatal error has been detected by the Java Runtime Environment:
#
#  SIGSEGV (0xb) at pc=0x000000000000a106, pid=846417, tid=846472
#
# JRE version: OpenJDK Runtime Environment Temurin-25+36 (25.0+36) (build 25+36-LTS)
# Java VM: OpenJDK 64-Bit Server VM Temurin-25+36 (25+36-LTS, mixed mode, tiered, compressed oops, compact obj headers, g1 gc, linux-amd64)
# Problematic frame:
# 
[error occurred during error reporting (printing problematic frame), id 0xb, SIGSEGV (0xb) at pc=0x00007e7839d83ede]
# Core dump will be written. Default location: Core dumps may be processed with "/usr/share/apport/apport -p%p -s%s -c%c -d%d -P%P -u%u -g%g -F%F -- %E" (or dumping to /home/sergey/defold_projects/Defigma_Defold/core.846417)
#
# If you would like to submit a bug report, please visit:
#   https://github.com/adoptium/adoptium-support/issues
# The crash happened outside the Java Virtual Machine in native code.
# See problematic frame for where to report the bug.
#

---------------  S U M M A R Y ------------

Command Line: -Dfile.encoding=UTF-8 -Djna.nosys=true -Ddefold.launcherpath=/home/sergey/defold_engines/1.13.1/Defold -Ddefold.resourcespath=/home/sergey/defold_engines/1.13.1 -Ddefold.version=1.13.1 -Ddefold.editor.sha1=574678c7d44be490d874fbed2d0ae6211feec4d9 -Ddefold.engine.sha1=574678c7d44be490d874fbed2d0ae6211feec4d9 -Ddefold.buildtime=2026-08-17T09:32:15.286642 -Ddefold.channel=stable -Ddefold.archive.domain=d.defold.com -Djava.net.preferIPv4Stack=true -Ddefold.library.connectTimeoutMillis=10000 -Ddefold.library.hostProbeTimeoutMillis=10000 -Dsun.net.client.defaultConnectTimeout=30000 -Dsun.net.client.defaultReadTimeout=30000 -Djogl.texture.notexrect=true -Dglass.accessible.force=false -Ddefold.schema.check.disable=true --add-opens=java.base/java.lang=ALL-UNNAMED --add-opens=java.desktop/sun.awt=ALL-UNNAMED --add-opens=java.desktop/sun.java2d.opengl=ALL-UNNAMED --add-opens=java.xml/com.sun.org.apache.xerces.internal.jaxp=ALL-UNNAMED --add-opens=java.base/sun.nio.fs=ALL-UNNAMED --add-opens=java.desktop/sun.awt.image=ALL-UNNAMED --enable-native-access=ALL-UNNAMED -XX:+UseCompactObjectHeaders --sun-misc-unsafe-memory-access=allow -Xmx25121323008 com.defold.editor.Main /home/sergey/defold_projects/Defigma_Defold/game.project

Host: 12th Gen Intel(R) Core(TM) i5-12400F, 12 cores, 31G, Ubuntu 24.04.4 LTS
Time: Mon Sep 28 22:15:56 2026 +03 elapsed time: 4204.890225 seconds (0d 1h 10m 4s)

---------------  T H R E A D  ---------------

Current thread (0x00007e77ac24f500):  JavaThread "JavaFX Application Thread"        [_thread_in_native, id=846472, stack(0x00007e77f4c00000,0x00007e77f4d00000) (1024K)]

Stack: [0x00007e77f4c00000,0x00007e77f4d00000],  sp=0x00007e77f4cf83f0,  free space=992k
Native frames: (J=compiled Java code, j=interpreted, Vv=VM code, C=native code)

[error occurred during error reporting (printing native stack (with source info)), id 0xb, SIGSEGV (0xb) at pc=0x00007e7839d83ede]

Retrying call stack printing without source information...

[error occurred during error reporting (retry printing native stack (no source info)), id 0xb, SIGSEGV (0xb) at pc=0x00007e7839d8d991]
Java frames: (J=compiled Java code, j=interpreted, Vv=VM code)
j  com.sun.jna.Native.invokeInt(Lcom/sun/jna/Function;JI[Ljava/lang/Object;)I+0
j  com.sun.jna.Function.invoke([Ljava/lang/Object;Ljava/lang/Class;ZI)Ljava/lang/Object;+211
j  com.sun.jna.Function.invoke(Ljava/lang/reflect/Method;[Ljava/lang/Class;Ljava/lang/Class;[Ljava/lang/Object;Ljava/util/Map;)Ljava/lang/Object;+271
j  com.sun.jna.Function.invoke(Ljava/lang/Class;[Ljava/lang/Object;Ljava/util/Map;)Ljava/lang/Object;+37
j  com.sun.jna.Function.invoke(Ljava/lang/Class;[Ljava/lang/Object;)Ljava/lang/Object;+7
j  com.sun.jna.Function.invokeInt([Ljava/lang/Object;)I+4
j  editor.defigma_shape$build_vertices.invokeStatic(Ljava/lang/Object;Ljava/lang/Object;Ljava/lang/Object;Ljava/lang/Object;Ljava/lang/Object;Ljava/lang/Object;Ljava/lang/Object;Ljava/lang/Object;Ljava/lang/Object;)Ljava/lang/Object;+274
j  editor.defigma_shape$build_vertices.invoke(Ljava/lang/Object;Ljava/lang/Object;Ljava/lang/Object;Ljava/lang/Object;Ljava/lang/Object;Ljava/lang/Object;Ljava/lang/Object;Ljava/lang/Object;Ljava/lang/Object;)Ljava/lang/Object;+39
j  editor.defigma_shape$fn__1375.invokeStatic(Ljava/lang/Object;)Ljava/lang/Object;+128
j  editor.defigma_shape$fn__1375.invoke(Ljava/lang/Object;)Ljava/lang/Object;+3
J 18873 c2 clojure.lang.AFn.applyToHelper(Lclojure/lang/IFn;Lclojure/lang/ISeq;)Ljava/lang/Object; (3238 bytes) @ 0x00007e782b0f3b70 [0x00007e782b0ef380+0x00000000000047f0]
J 5884 c2 clojure.lang.AFn.applyTo(Lclojure/lang/ISeq;)Ljava/lang/Object; (12 bytes) @ 0x00007e782aad2740 [0x00007e782aad2700+0x0000000000000040]
J 21327 c2 clojure.lang.Var.invoke(Ljava/lang/Object;)Ljava/lang/Object; (17 bytes) @ 0x00007e782acb84b8 [0x00007e782acb8200+0x00000000000002b8]
j  editor.defigma_shape$DefigmaShapeNode$behavior$shape_vertices$fn__2318.invoke()Ljava/lang/Object;+800
J 24806 c2 internal.node$trace_expr.invokeStatic(Ljava/lang/Object;Ljava/lang/Object;Ljava/lang/Object;Ljava/lang/Object;Ljava/lang/Object;)Ljava/lang/Object; (157 bytes) @ 0x00007e782ac36f40 [0x00007e782ac36d00+0x0000000000000240]
J 20644 c2 internal.node$trace_expr.invoke(Ljava/lang/Object;Ljava/lang/Object;Ljava/lang/Object;Ljava/lang/Object;Ljava/lang/Object;)Ljava/lang/Object; (23 bytes) @ 0x00007e782aad3a50 [0x00007e782aad3a00+0x0000000000000050]
j  editor.defigma_shape$DefigmaShapeNode$behavior$shape_vertices.invokeStatic(Ljava/lang/Object;Ljava/lang/Object;Ljava/lang/Object;)Ljava/lang/Object;+218
j  editor.defigma_shape$DefigmaShapeNode$behavior$shape_vertices.invoke(Ljava/lang/Object;Ljava/lang/Object;Ljava/lang/Object;)Ljava/lang/Object;+9
J 15887 c2 internal.node.NodeImpl.produce_value(Ljava/lang/Object;Ljava/lang/Object;)Ljava/lang/Object; (281 bytes) @ 0x00007e782af5559c [0x00007e782af55000+0x000000000000059c]
j  editor.defigma_shape$DefigmaShapeNode$behavior$scene_renderable_user_data$fn__2060.invoke()Ljava/lang/Object;+525
J 24806 c2 internal.node$trace_expr.invokeStatic(Ljava/lang/Object;Ljava/lang/Object;Ljava/lang/Object;Ljava/lang/Object;Ljava/lang/Object;)Ljava/lang/Object; (157 bytes) @ 0x00007e782ac36f40 [0x00007e782ac36d00+0x0000000000000240]
J 20644 c2 internal.node$trace_expr.invoke(Ljava/lang/Object;Ljava/lang/Object;Ljava/lang/Object;Ljava/lang/Object;Ljava/lang/Object;)Ljava/lang/Object; (23 bytes) @ 0x00007e782aad3a50 [0x00007e782aad3a00+0x0000000000000050]
j  editor.defigma_shape$DefigmaShapeNode$behavior$scene_renderable_user_data.invokeStatic(Ljava/lang/Object;Ljava/lang/Object;Ljava/lang/Object;)Ljava/lang/Object;+218
j  editor.defigma_shape$DefigmaShapeNode$behavior$scene_renderable_user_data.invoke(Ljava/lang/Object;Ljava/lang/Object;Ljava/lang/Object;)Ljava/lang/Object;+9
J 15887 c2 internal.node.NodeImpl.produce_value(Ljava/lang/Object;Ljava/lang/Object;)Ljava/lang/Object; (281 bytes) @ 0x00007e782af5559c [0x00007e782af55000+0x000000000000059c]
j  editor.defigma_shape$DefigmaShapeNode$behavior$scene_outline_renderable$fn__1904.invoke()Ljava/lang/Object;+147
J 24806 c2 internal.node$trace_expr.invokeStatic(Ljava/lang/Object;Ljava/lang/Object;Ljava/lang/Object;Ljava/lang/Object;Ljava/lang/Object;)Ljava/lang/Object; (157 bytes) @ 0x00007e782ac36f40 [0x00007e782ac36d00+0x0000000000000240]
J 20644 c2 internal.node$trace_expr.invoke(Ljava/lang/Object;Ljava/lang/Object;Ljava/lang/Object;Ljava/lang/Object;Ljava/lang/Object;)Ljava/lang/Object; (23 bytes) @ 0x00007e782aad3a50 [0x00007e782aad3a00+0x0000000000000050]
j  editor.defigma_shape$DefigmaShapeNode$behavior$scene_outline_renderable.invokeStatic(Ljava/lang/Object;Ljava/lang/Object;Ljava/lang/Object;)Ljava/lang/Object;+218
j  editor.defigma_shape$DefigmaShapeNode$behavior$scene_outline_renderable.invoke(Ljava/lang/Object;Ljava/lang/Object;Ljava/lang/Object;)Ljava/lang/Object;+9
J 15887 c2 internal.node.NodeImpl.produce_value(Ljava/lang/Object;Ljava/lang/Object;)Ljava/lang/Object; (281 bytes) @ 0x00007e782af5559c [0x00007e782af55000+0x000000000000059c]
j  editor.defigma_shape$DefigmaShapeNode$behavior$scene$fn__2389.invoke()Ljava/lang/Object;+147
J 24806 c2 internal.node$trace_expr.invokeStatic(Ljava/lang/Object;Ljava/lang/Object;Ljava/lang/Object;Ljava/lang/Object;Ljava/lang/Object;)Ljava/lang/Object; (157 bytes) @ 0x00007e782ac36f40 [0x00007e782ac36d00+0x0000000000000240]
J 20644 c2 internal.node$trace_expr.invoke(Ljava/lang/Object;Ljava/lang/Object;Ljava/lang/Object;Ljava/lang/Object;Ljava/lang/Object;)Ljava/lang/Object; (23 bytes) @ 0x00007e782aad3a50 [0x00007e782aad3a00+0x0000000000000050]
j  editor.defigma_shape$DefigmaShapeNode$behavior$scene.invokeStatic(Ljava/lang/Object;Ljava/lang/Object;Ljava/lang/Object;)Ljava/lang/Object;+218
j  editor.defigma_shape$DefigmaShapeNode$behavior$scene.invoke(Ljava/lang/Object;Ljava/lang/Object;Ljava/lang/Object;)Ljava/lang/Object;+9
J 15887 c2 internal.node.NodeImpl.produce_value(Ljava/lang/Object;Ljava/lang/Object;)Ljava/lang/Object; (281 bytes) @ 0x00007e782af5559c [0x00007e782af55000+0x000000000000059c]
J 22261 c2 internal.node$pull_input_values$fn__21414.invoke(Ljava/lang/Object;)Ljava/lang/Object; (159 bytes) @ 0x00007e782b2551e0 [0x00007e782b254f00+0x00000000000002e0]
J 7886 c2 clojure.core$mapv$fn__8565.invoke(Ljava/lang/Object;Ljava/lang/Object;)Ljava/lang/Object; (24 bytes) @ 0x00007e782abaf888 [0x00007e782abaf800+0x0000000000000088]
J 7821 c2 clojure.core$reduce.invokeStatic(Ljava/lang/Object;Ljava/lang/Object;Ljava/lang/Object;)Ljava/lang/Object; (94 bytes) @ 0x00007e782aba6cdc [0x00007e782aba6b80+0x000000000000015c]
J 17758 c1 internal.node$pull_input_values.invokeStatic(Ljava/lang/Object;Ljava/lang/Object;Ljava/lang/Object;)Ljava/lang/Object; (213 bytes) @ 0x00007e782414b844 [0x00007e7824149300+0x0000000000002544]
j  editor.gui$BoxNode$behavior$scene_children$fn__100277.invoke()Ljava/lang/Object;+30
J 24806 c2 internal.node$trace_expr.invokeStatic(Ljava/lang/Object;Ljava/lang/Object;Ljava/lang/Object;Ljava/lang/Object;Ljava/lang/Object;)Ljava/lang/Object; (157 bytes) @ 0x00007e782ac36f40 [0x00007e782ac36d00+0x0000000000000240]
j  editor.gui$BoxNode$behavior$scene_children.invokeStatic(Ljava/lang/Object;Ljava/lang/Object;Ljava/lang/Object;)Ljava/lang/Object;+174
j  editor.gui$BoxNode$behavior$scene_children.invoke(Ljava/lang/Object;Ljava/lang/Object;Ljava/lang/Object;)Ljava/lang/Object;+9
J 15887 c2 internal.node.NodeImpl.produce_value(Ljava/lang/Object;Ljava/lang/Object;)Ljava/lang/Object; (281 bytes) @ 0x00007e782af5559c [0x00007e782af55000+0x000000000000059c]
j  editor.gui$BoxNode$behavior$scene$fn__100994.invoke()Ljava/lang/Object;+73
J 24806 c2 internal.node$trace_expr.invokeStatic(Ljava/lang/Object;Ljava/lang/Object;Ljava/lang/Object;Ljava/lang/Object;Ljava/lang/Object;)Ljava/lang/Object; (157 bytes) @ 0x00007e782ac36f40 [0x00007e782ac36d00+0x0000000000000240]
j  editor.gui$BoxNode$behavior$scene.invokeStatic(Ljava/lang/Object;Ljava/lang/Object;Ljava/lang/Object;)Ljava/lang/Object;+176
j  editor.gui$BoxNode$behavior$scene.invoke(Ljava/lang/Object;Ljava/lang/Object;Ljava/lang/Object;)Ljava/lang/Object;+9
J 15887 c2 internal.node.NodeImpl.produce_value(Ljava/lang/Object;Ljava/lang/Object;)Ljava/lang/Object; (281 bytes) @ 0x00007e782af5559c [0x00007e782af55000+0x000000000000059c]
J 22261 c2 internal.node$pull_input_values$fn__21414.invoke(Ljava/lang/Object;)Ljava/lang/Object; (159 bytes) @ 0x00007e782b2551e0 [0x00007e782b254f00+0x00000000000002e0]
J 7886 c2 clojure.core$mapv$fn__8565.invoke(Ljava/lang/Object;Ljava/lang/Object;)Ljava/lang/Object; (24 bytes) @ 0x00007e782abaf888 [0x00007e782abaf800+0x0000000000000088]
J 7821 c2 clojure.core$reduce.invokeStatic(Ljava/lang/Object;Ljava/lang/Object;Ljava/lang/Object;)Ljava/lang/Object; (94 bytes) @ 0x00007e782aba6cdc [0x00007e782aba6b80+0x000000000000015c]
J 17758 c1 internal.node$pull_input_values.invokeStatic(Ljava/lang/Object;Ljava/lang/Object;Ljava/lang/Object;)Ljava/lang/Object; (213 bytes) @ 0x00007e782414b844 [0x00007e7824149300+0x0000000000002544]
j  editor.gui$NodeTree$behavior$child_scenes$fn__105547.invoke()Ljava/lang/Object;+30
J 24806 c2 internal.node$trace_expr.invokeStatic(Ljava/lang/Object;Ljava/lang/Object;Ljava/lang/Object;Ljava/lang/Object;Ljava/lang/Object;)Ljava/lang/Object; (157 bytes) @ 0x00007e782ac36f40 [0x00007e782ac36d00+0x0000000000000240]
j  editor.gui$NodeTree$behavior$child_scenes.invokeStatic(Ljava/lang/Object;Ljava/lang/Object;Ljava/lang/Object;)Ljava/lang/Object;+174
j  editor.gui$NodeTree$behavior$child_scenes.invoke(Ljava/lang/Object;Ljava/lang/Object;Ljava/lang/Object;)Ljava/lang/Object;+9
J 15887 c2 internal.node.NodeImpl.produce_value(Ljava/lang/Object;Ljava/lang/Object;)Ljava/lang/Object; (281 bytes) @ 0x00007e782af5559c [0x00007e782af55000+0x000000000000059c]
j  editor.gui$NodeTree$behavior$scene$fn__105595.invoke()Ljava/lang/Object;+72
J 24806 c2 internal.node$trace_expr.invokeStatic(Ljava/lang/Object;Ljava/lang/Object;Ljava/lang/Object;Ljava/lang/Object;Ljava/lang/Object;)Ljava/lang/Object; (157 bytes) @ 0x00007e782ac36f40 [0x00007e782ac36d00+0x0000000000000240]
j  editor.gui$NodeTree$behavior$scene.invokeStatic(Ljava/lang/Object;Ljava/lang/Object;Ljava/lang/Object;)Ljava/lang/Object;+174
j  editor.gui$NodeTree$behavior$scene.invoke(Ljava/lang/Object;Ljava/lang/Object;Ljava/lang/Object;)Ljava/lang/Object;+9
J 15887 c2 internal.node.NodeImpl.produce_value(Ljava/lang/Object;Ljava/lang/Object;)Ljava/lang/Object; (281 bytes) @ 0x00007e782af5559c [0x00007e782af55000+0x000000000000059c]
J 23660 c2 internal.node$pull_first_input_value.invokeStatic(Ljava/lang/Object;Ljava/lang/Object;Ljava/lang/Object;)Ljava/lang/Object; (408 bytes) @ 0x00007e782ab625d8 [0x00007e782ab61d80+0x0000000000000858]
j  editor.gui$GuiSceneNode$behavior$child_scenes$fn__106841.invoke()Ljava/lang/Object;+30
J 24806 c2 internal.node$trace_expr.invokeStatic(Ljava/lang/Object;Ljava/lang/Object;Ljava/lang/Object;Ljava/lang/Object;Ljava/lang/Object;)Ljava/lang/Object; (157 bytes) @ 0x00007e782ac36f40 [0x00007e782ac36d00+0x0000000000000240]
j  editor.gui$GuiSceneNode$behavior$child_scenes.invokeStatic(Ljava/lang/Object;Ljava/lang/Object;Ljava/lang/Object;)Ljava/lang/Object;+174
j  editor.gui$GuiSceneNode$behavior$child_scenes.invoke(Ljava/lang/Object;Ljava/lang/Object;Ljava/lang/Object;)Ljava/lang/Object;+9
J 15887 c2 internal.node.NodeImpl.produce_value(Ljava/lang/Object;Ljava/lang/Object;)Ljava/lang/Object; (281 bytes) @ 0x00007e782af5559c [0x00007e782af55000+0x000000000000059c]
j  editor.gui$GuiSceneNode$behavior$scene$fn__107002.invoke()Ljava/lang/Object;+73
J 24806 c2 internal.node$trace_expr.invokeStatic(Ljava/lang/Object;Ljava/lang/Object;Ljava/lang/Object;Ljava/lang/Object;Ljava/lang/Object;)Ljava/lang/Object; (157 bytes) @ 0x00007e782ac36f40 [0x00007e782ac36d00+0x0000000000000240]
j  editor.gui$GuiSceneNode$behavior$scene.invokeStatic(Ljava/lang/Object;Ljava/lang/Object;Ljava/lang/Object;)Ljava/lang/Object;+176
j  editor.gui$GuiSceneNode$behavior$scene.invoke(Ljava/lang/Object;Ljava/lang/Object;Ljava/lang/Object;)Ljava/lang/Object;+9
J 15887 c2 internal.node.NodeImpl.produce_value(Ljava/lang/Object;Ljava/lang/Object;)Ljava/lang/Object; (281 bytes) @ 0x00007e782af5559c [0x00007e782af55000+0x000000000000059c]
J 23660 c2 internal.node$pull_first_input_value.invokeStatic(Ljava/lang/Object;Ljava/lang/Object;Ljava/lang/Object;)Ljava/lang/Object; (408 bytes) @ 0x00007e782ab625d8 [0x00007e782ab61d80+0x0000000000000858]
j  editor.scene$SceneView$behavior$scene_render_data$fn__57236.invoke()Ljava/lang/Object;+236
J 24806 c2 internal.node$trace_expr.invokeStatic(Ljava/lang/Object;Ljava/lang/Object;Ljava/lang/Object;Ljava/lang/Object;Ljava/lang/Object;)Ljava/lang/Object; (157 bytes) @ 0x00007e782ac36f40 [0x00007e782ac36d00+0x0000000000000240]
J 26423 c1 editor.scene$SceneView$behavior$scene_render_data.invokeStatic(Ljava/lang/Object;Ljava/lang/Object;Ljava/lang/Object;)Ljava/lang/Object; (189 bytes) @ 0x00007e782367230c [0x00007e7823670c80+0x000000000000168c]
J 26422 c1 editor.scene$SceneView$behavior$scene_render_data.invoke(Ljava/lang/Object;Ljava/lang/Object;Ljava/lang/Object;)Ljava/lang/Object; (13 bytes) @ 0x00007e78248fe604 [0x00007e78248fe580+0x0000000000000084]
J 15887 c2 internal.node.NodeImpl.produce_value(Ljava/lang/Object;Ljava/lang/Object;)Ljava/lang/Object; (281 bytes) @ 0x00007e782af5559c [0x00007e782af55000+0x000000000000059c]
j  editor.scene$SceneView$behavior$selected_aabb$fn__57171.invoke()Ljava/lang/Object;+72
J 24806 c2 internal.node$trace_expr.invokeStatic(Ljava/lang/Object;Ljava/lang/Object;Ljava/lang/Object;Ljava/lang/Object;Ljava/lang/Object;)Ljava/lang/Object; (157 bytes) @ 0x00007e782ac36f40 [0x00007e782ac36d00+0x0000000000000240]
j  editor.scene$SceneView$behavior$selected_aabb.invokeStatic(Ljava/lang/Object;Ljava/lang/Object;Ljava/lang/Object;)Ljava/lang/Object;+176
j  editor.scene$SceneView$behavior$selected_aabb.invoke(Ljava/lang/Object;Ljava/lang/Object;Ljava/lang/Object;)Ljava/lang/Object;+9
J 15887 c2 internal.node.NodeImpl.produce_value(Ljava/lang/Object;Ljava/lang/Object;)Ljava/lang/Object; (281 bytes) @ 0x00007e782af5559c [0x00007e782af55000+0x000000000000059c]
J 24516 c2 internal.node$node_value.invokeStatic(Ljava/lang/Object;Ljava/lang/Object;Ljava/lang/Object;)Ljava/lang/Object; (74 bytes) @ 0x00007e782af0bd30 [0x00007e782af0bc80+0x00000000000000b0]
J 19494 c2 dynamo.graph$node_value.invokeStatic(Ljava/lang/Object;Ljava/lang/Object;Ljava/lang/Object;)Ljava/lang/Object; (134 bytes) @ 0x00007e782b171aa0 [0x00007e782b171800+0x00000000000002a0]
j  editor.scene$selection_framing_info.invokeStatic(Ljava/lang/Object;Ljava/lang/Object;)Ljava/lang/Object;+5
j  editor.scene$frame_selection_BANG_.invokeStatic(Ljava/lang/Object;Ljava/lang/Object;)Ljava/lang/Object;+19
j  editor.scene$make_gl_pane_BANG_$fn__59188$fn__59189.invoke()Ljava/lang/Object;+811
j  editor.scene$make_gl_pane_BANG_$fn__59188.invoke(Ljava/lang/Object;)Ljava/lang/Object;+47
j  editor.scene.proxy$com.defold.control.Region$ff19274a.layoutChildren()V+17
J 15842 c2 javafx.scene.Parent.layout()V (160 bytes) @ 0x00007e782af3f104 [0x00007e782af3f000+0x0000000000000104]
J 15842 c2 javafx.scene.Parent.layout()V (160 bytes) @ 0x00007e782af3f334 [0x00007e782af3f000+0x0000000000000334]
J 15842 c2 javafx.scene.Parent.layout()V (160 bytes) @ 0x00007e782af3f334 [0x00007e782af3f000+0x0000000000000334]
J 15842 c2 javafx.scene.Parent.layout()V (160 bytes) @ 0x00007e782af3f334 [0x00007e782af3f000+0x0000000000000334]
J 15842 c2 javafx.scene.Parent.layout()V (160 bytes) @ 0x00007e782af3f334 [0x00007e782af3f000+0x0000000000000334]
J 15842 c2 javafx.scene.Parent.layout()V (160 bytes) @ 0x00007e782af3f334 [0x00007e782af3f000+0x0000000000000334]
J 15842 c2 javafx.scene.Parent.layout()V (160 bytes) @ 0x00007e782af3f334 [0x00007e782af3f000+0x0000000000000334]
J 15842 c2 javafx.scene.Parent.layout()V (160 bytes) @ 0x00007e782af3f334 [0x00007e782af3f000+0x0000000000000334]
J 15842 c2 javafx.scene.Parent.layout()V (160 bytes) @ 0x00007e782af3f334 [0x00007e782af3f000+0x0000000000000334]
J 15842 c2 javafx.scene.Parent.layout()V (160 bytes) @ 0x00007e782af3f334 [0x00007e782af3f000+0x0000000000000334]
j  javafx.scene.Node.doLayoutPass()V+20
j  javafx.scene.Node.doCSSLayoutSyncForSnapshot()V+5
j  javafx.scene.Node$1.layoutNodeForPrinting(Ljavafx/scene/Node;)V+1
j  com.sun.javafx.scene.NodeHelper.layoutNodeForPrinting(Ljavafx/scene/Node;)V+4
j  editor.ui$force_layout_BANG_.invokeStatic(Ljava/lang/Object;)Ljava/lang/Object;+6
j  editor.ui$force_scene_layout_BANG_.invokeStatic(Ljava/lang/Object;)Ljava/lang/Object;+9
j  editor.app_view$select_editor_tab_BANG_.invokeStatic(Ljava/lang/Object;Ljava/lang/Object;Ljava/lang/Object;)Ljava/lang/Object;+123
j  editor.app_view$perform_open_resource_plan_BANG_.invokeStatic(Ljava/lang/Object;Ljava/lang/Object;)Ljava/lang/Object;+992
j  editor.app_view$open_resource_BANG_.invokeStatic(Ljava/lang/Object;Ljava/lang/Object;Ljava/lang/Object;Ljava/lang/Object;Ljava/lang/Object;Ljava/lang/Object;)Ljava/lang/Object;+59
j  editor.app_view$open_resource_BANG_.invoke(Ljava/lang/Object;Ljava/lang/Object;Ljava/lang/Object;Ljava/lang/Object;Ljava/lang/Object;Ljava/lang/Object;)Ljava/lang/Object;+24
j  editor.app_view$open_resource_BANG_.invokeStatic(Ljava/lang/Object;Ljava/lang/Object;Ljava/lang/Object;Ljava/lang/Object;Ljava/lang/Object;)Ljava/lang/Object;+29
j  editor.app_view$fn__76560$fnk76553_positional__76561$fn__76562.invoke(Ljava/lang/Object;)Ljava/lang/Object;+21
J 18377 c1 clojure.core$run_BANG_$fn__8922.invoke(Ljava/lang/Object;Ljava/lang/Object;)Ljava/lang/Object; (18 bytes) @ 0x00007e7824906f84 [0x00007e7824906d80+0x0000000000000204]
J 20747 c2 clojure.core.protocols$fn__8270.invoke(Ljava/lang/Object;Ljava/lang/Object;Ljava/lang/Object;)Ljava/lang/Object; (13 bytes) @ 0x00007e782a8fdf0c [0x00007e782a8fdd80+0x000000000000018c]
J 20144 c2 clojure.core.protocols$fn__8262.invoke(Ljava/lang/Object;Ljava/lang/Object;Ljava/lang/Object;)Ljava/lang/Object; (13 bytes) @ 0x00007e782aae1a88 [0x00007e782aae1780+0x0000000000000308]
J 7821 c2 clojure.core$reduce.invokeStatic(Ljava/lang/Object;Ljava/lang/Object;Ljava/lang/Object;)Ljava/lang/Object; (94 bytes) @ 0x00007e782aba710c [0x00007e782aba6b80+0x000000000000058c]
j  clojure.core$run_BANG_.invokeStatic(Ljava/lang/Object;Ljava/lang/Object;)Ljava/lang/Object;+14
j  editor.app_view$fn__76560$fnk76553_positional__76561.invoke(Ljava/lang/Object;Ljava/lang/Object;Ljava/lang/Object;Ljava/lang/Object;Ljava/lang/Object;Ljava/lang/Object;)Ljava/lang/Object;+115
j  editor.app_view$fn__76560$fnk76553__76575$fn__76576.invoke()Ljava/lang/Object;+124
j  editor.app_view$fn__76560$fnk76553__76575.invoke(Ljava/lang/Object;)Ljava/lang/Object;+262
J 18873 c2 clojure.lang.AFn.applyToHelper(Lclojure/lang/IFn;Lclojure/lang/ISeq;)Ljava/lang/Object; (3238 bytes) @ 0x00007e782b0f3b70 [0x00007e782b0ef380+0x00000000000047f0]
J 5884 c2 clojure.lang.AFn.applyTo(Lclojure/lang/ISeq;)Ljava/lang/Object; (12 bytes) @ 0x00007e782aad2740 [0x00007e782aad2700+0x0000000000000040]
J 23640 c2 editor.handler$invoke_fnk.invokeStatic(Ljava/lang/Object;Ljava/lang/Object;Ljava/lang/Object;Ljava/lang/Object;Ljava/lang/Object;)Ljava/lang/Object; (629 bytes) @ 0x00007e782ada3e3c [0x00007e782ada3300+0x0000000000000b3c]
j  editor.handler$run.invokeStatic(Ljava/lang/Object;)Ljava/lang/Object;+45
j  editor.ui$execute_handler_ctx.invokeStatic(Ljava/lang/Object;)Ljava/lang/Object;+3
j  editor.ui$execute_command.invokeStatic(Ljava/lang/Object;Ljava/lang/Object;Ljava/lang/Object;)Ljava/lang/Object;+79
j  editor.ui$run_command.invokeStatic(Ljava/lang/Object;Ljava/lang/Object;Ljava/lang/Object;Ljava/lang/Object;Ljava/lang/Object;)Ljava/lang/Object;+89
j  editor.ui$bind_double_click_BANG_$reify__28736.handle(Ljavafx/event/Event;)V+41
J 25575 c1 com.sun.javafx.event.CompositeEventHandler$NormalEventFilterRecord.handleCapturingEvent(Ljavafx/event/Event;)V (11 bytes) @ 0x00007e7823babd94 [0x00007e7823babc80+0x0000000000000114]
J 25574 c1 com.sun.javafx.event.CompositeEventHandler.dispatchCapturingEvent(Ljavafx/event/Event;)V (40 bytes) @ 0x00007e78235e85d4 [0x00007e78235e8380+0x0000000000000254]
J 26155 c2 com.sun.javafx.event.EventHandlerManager.dispatchCapturingEvent(Ljavafx/event/Event;)Ljavafx/event/Event; (23 bytes) @ 0x00007e782abdd560 [0x00007e782abdcd00+0x0000000000000860]
J 26814 c2 com.sun.javafx.event.CompositeEventDispatcher.dispatchCapturingEvent(Ljavafx/event/Event;)Ljavafx/event/Event; (35 bytes) @ 0x00007e782b33fe8c [0x00007e782b33fe00+0x000000000000008c]
J 26157 c2 com.sun.javafx.event.BasicEventDispatcher.dispatchEvent(Ljavafx/event/Event;Ljavafx/event/EventDispatchChain;)Ljavafx/event/Event; (44 bytes) @ 0x00007e782b2c02d0 [0x00007e782b2c0280+0x0000000000000050]
J 26324 c1 editor.asset_browser$setup_asset_browser$reify__122542.dispatchEvent(Ljavafx/event/Event;Ljavafx/event/EventDispatchChain;)Ljavafx/event/Event; (142 bytes) @ 0x00007e78248b935c [0x00007e78248b8600+0x0000000000000d5c]
J 26157 c2 com.sun.javafx.event.BasicEventDispatcher.dispatchEvent(Ljavafx/event/Event;Ljavafx/event/EventDispatchChain;)Ljavafx/event/Event; (44 bytes) @ 0x00007e782b2c0390 [0x00007e782b2c0280+0x0000000000000110]
J 26157 c2 com.sun.javafx.event.BasicEventDispatcher.dispatchEvent(Ljavafx/event/Event;Ljavafx/event/EventDispatchChain;)Ljavafx/event/Event; (44 bytes) @ 0x00007e782b2c0390 [0x00007e782b2c0280+0x0000000000000110]
J 26157 c2 com.sun.javafx.event.BasicEventDispatcher.dispatchEvent(Ljavafx/event/Event;Ljavafx/event/EventDispatchChain;)Ljavafx/event/Event; (44 bytes) @ 0x00007e782b2c0390 [0x00007e782b2c0280+0x0000000000000110]
J 26157 c2 com.sun.javafx.event.BasicEventDispatcher.dispatchEvent(Ljavafx/event/Event;Ljavafx/event/EventDispatchChain;)Ljavafx/event/Event; (44 bytes) @ 0x00007e782b2c0390 [0x00007e782b2c0280+0x0000000000000110]
J 26157 c2 com.sun.javafx.event.BasicEventDispatcher.dispatchEvent(Ljavafx/event/Event;Ljavafx/event/EventDispatchChain;)Ljavafx/event/Event; (44 bytes) @ 0x00007e782b2c0390 [0x00007e782b2c0280+0x0000000000000110]
J 25463 c2 com.sun.javafx.event.EventDispatchChainImpl.dispatchEvent(Ljavafx/event/Event;)Ljavafx/event/Event; (101 bytes) @ 0x00007e782af56ac8 [0x00007e782af56a00+0x00000000000000c8]
J 15261 c1 com.sun.javafx.event.EventUtil.fireEvent(Ljavafx/event/EventTarget;Ljavafx/event/Event;)Ljavafx/event/Event; (81 bytes) @ 0x00007e78244c177c [0x00007e78244c0d80+0x00000000000009fc]
J 26613 c1 javafx.scene.Scene$ClickGenerator.postProcess(Ljavafx/scene/input/MouseEvent;Ljavafx/scene/Scene$TargetWrapper;Ljavafx/scene/Scene$TargetWrapper;)V (266 bytes) @ 0x00007e782460ad7c [0x00007e7824609400+0x000000000000197c]
J 26189 c1 javafx.scene.Scene$MouseHandler.process(Ljavafx/scene/input/MouseEvent;Z)V (793 bytes) @ 0x00007e7822f664ac [0x00007e7822f63600+0x0000000000002eac]
J 26356 c1 javafx.scene.Scene$ScenePeerListener.mouseEvent(Ljavafx/event/EventType;DDDDLjavafx/scene/input/MouseButton;ZZZZZZZZZZZ)V (54 bytes) @ 0x00007e782480d41c [0x00007e782480d180+0x000000000000029c]
J 26352 c1 com.sun.javafx.tk.quantum.GlassViewEventHandler$MouseEventNotification.get()Ljava/lang/Void; (637 bytes) @ 0x00007e782406ff34 [0x00007e782406eda0+0x0000000000001194]
J 26351 c1 com.sun.javafx.tk.quantum.GlassViewEventHandler$MouseEventNotification.get()Ljava/lang/Object; (5 bytes) @ 0x00007e7824779314 [0x00007e7824779280+0x0000000000000094]
J 25519 c1 com.sun.javafx.tk.quantum.QuantumToolkit.runWithoutRenderLock(Ljava/util/function/Supplier;)Ljava/lang/Object; (49 bytes) @ 0x00007e7823a83164 [0x00007e7823a82b00+0x0000000000000664]
J 26350 c1 com.sun.javafx.tk.quantum.GlassViewEventHandler.handleMouseEvent(Lcom/sun/glass/ui/View;JIIIIIIIZZ)V (106 bytes) @ 0x00007e78232c77f4 [0x00007e78232c7700+0x00000000000000f4]
J 26349 c1 com.sun.glass.ui.View.handleMouseEvent(JIIIIIIIZZ)V (34 bytes) @ 0x00007e782479306c [0x00007e7824792d00+0x000000000000036c]
J 26348 c1 com.sun.glass.ui.View.notifyMouse(IIIIIIIZZ)V (266 bytes) @ 0x00007e78239bb94c [0x00007e78239ba900+0x000000000000104c]
v  ~StubRoutines::call_stub 0x00007e782a337fa4
j  com.sun.glass.ui.gtk.GtkApplication._runLoop(Ljava/lang/Runnable;Z)V+0
j  com.sun.glass.ui.gtk.GtkApplication.lambda$runLoop$0(Ljava/lang/Runnable;Z)V+7
j  com.sun.glass.ui.gtk.GtkApplication$$Lambda+0x00000000541e5400.run()V+12
j  java.lang.Thread.runWith(Ljava/lang/Object;Ljava/lang/Runnable;)V+5 java.base@25
j  java.lang.Thread.run()V+19 java.base@25
v  ~StubRoutines::call_stub 0x00007e782a337fa4

siginfo: si_signo: 11 (SIGSEGV), si_code: 1 (SEGV_MAPERR), si_addr: 0x000000000000a106

Registers:
RAX=0x0000000000000000, RBX=0x00007e7797192710, RCX=0x00007e7797192870, RDX=0x00007e7797192850
RSP=0x00007e77f4cf83e8, RBP=0x00007e77f4cf8440, RSI=0x00007e76f0002e68, RDI=0x00007e7797192710
R8 =0x00007e7797194400, R9 =0x00007e77972a6ae0, R10=0x0000000000000000, R11=0x00007e76f000bcf0
R12=0x00007e779715d420, R13=0x00007e7797192870, R14=0x00007e7797194400, R15=0x00007e7797192850
RIP=0x000000000000a106, EFLAGS=0x0000000000010206, CSGSFS=0x002b000000000033, ERR=0x0000000000000014
  TRAPNO=0x000000000000000e

XMM[0]=0x0000000000000000 0x0000000000000000
XMM[1]=0x00007e77f4cf84f0 0x0000000042200000
XMM[2]=0x00007e782ac36f40 0x0000000042200000
XMM[3]=0x00007e782aaa8a50 0x00007e7742200000
XMM[4]=0x00007e7838ca8fd3 0x0000000200000000
XMM[5]=0x0000000000000000 0x0000000043960000
XMM[6]=0x0000000000000002 0x0000000043200000
XMM[7]=0x00007e782a36bd65 0x00007e77f4cf8570
XMM[8]=0x0000000000000000 0x0000000000000000
XMM[9]=0x0000000000000001 0x0000000000000001
XMM[10]=0x0000000000000002 0x0000000000000002
XMM[11]=0xffffffffffffffff 0xffffffffffffffff
XMM[12]=0x0000000000000001 0x0000000000000001
XMM[13]=0x0000000000000000 0x409e690ed813f80c
XMM[14]=0x0000000000000000 0x0000000000000000
XMM[15]=0x0000000000000000 0x0000000000000000
  MXCSR=0x00001fa6


Register to memory mapping:

RAX=0x0 is null
RBX=0x00007e7797192710 points into unknown readable memory: 0x00007e0074636572 | 72 65 63 74 00 7e 00 00
RCX=0x00007e7797192870 points into unknown readable memory: 0x0000656469736e69 | 69 6e 73 69 64 65 00 00
RDX=0x00007e7797192850 points into unknown readable memory: 0x00007e7070005d5b | 5b 5d 00 70 70 7e 00 00
RSP=0x00007e77f4cf83e8 is pointing into the stack for thread: 0x00007e77ac24f500
RBP=0x00007e77f4cf8440 is pointing into the stack for thread: 0x00007e77ac24f500
RSI=
[error occurred during error reporting (printing register info), id 0xb, SIGSEGV (0xb) at pc=0x00007e7839d83ede]
RDI=0x00007e7797192710 points into unknown readable memory: 0x00007e0074636572 | 72 65 63 74 00 7e 00 00
R8 =0x00007e7797194400 points into unknown readable memory: 0x00007e7070005d5b | 5b 5d 00 70 70 7e 00 00
R9 =0x00007e77972a6ae0 points into unknown readable memory: 0x00007e71abe0ab00 | 00 ab e0 ab 71 7e 00 00
R10=0x0 is null
R11=
[error occurred during error reporting (printing register info, attempt 2), id 0xb, SIGSEGV (0xb) at pc=0x00007e7839d83ede]
R12=0x00007e779715d420 points into unknown readable memory: 0x2265707974227b5b | 5b 7b 22 74 79 70 65 22
R13=0x00007e7797192870 points into unknown readable memory: 0x0000656469736e69 | 69 6e 73 69 64 65 00 00
R14=0x00007e7797194400 points into unknown readable memory: 0x00007e7070005d5b | 5b 5d 00 70 70 7e 00 00
R15=0x00007e7797192850 points into unknown readable memory: 0x00007e7070005d5b | 5b 5d 00 70 70 7e 00 00

Top of Stack: (sp=0x00007e77f4cf83e8)
0x00007e77f4cf83e8:   00007e76f0005b50 00007e7797192710   P[..v~...'..w~..
0x00007e77f4cf83f8:   00007e76f000bda9 4396000000000000   ....v~.........C
0x00007e77f4cf8408:   4220000043200000 4220000042200000   .. C.. B.. B.. B
0x00007e77f4cf8418:   0000000042200000 00007e77972a6ae0   .. B.....j*.w~..
0x00007e77f4cf8428:   0000000000000000 0000000000000000   ................
0x00007e77f4cf8438:   00007e7600000000 0000000000000000   ....v~..........
0x00007e77f4cf8448:   0000000000000000 0000000000000000   ................
0x00007e77f4cf8458:   0000000000000000 0000000000000000   ................
0x00007e77f4cf8468:   0000000000000000 0000000000000000   ................
0x00007e77f4cf8478:   0000000000000000 0000000000000000   ................
0x00007e77f4cf8488:   0000000000000000 00007e7700000000   ............w~..
0x00007e77f4cf8498:   0000000000000000 0000000000000000   ................
0x00007e77f4cf84a8:   0000000000000000 0000000000000000   ................
0x00007e77f4cf84b8:   0000000000000000 0000000000000000   ................
0x00007e77f4cf84c8:   0000000000000000 0000000000000000   ................
0x00007e77f4cf84d8:   0000000000000000 0000000000000000   ................
0x00007e77f4cf84e8:   0000000000000000 0000000000000000   ................
0x00007e77f4cf84f8:   0000000000000068 00007e77f4cf8740   h.......@...w~..
0x00007e77f4cf8508:   0000000000000004 000000000000000d   ................
0x00007e77f4cf8518:   00007e77f4cf86c0 00007e77f4cf8530   ....w~..0...w~..
0x00007e77f4cf8528:   00007e76f1616052 0000000000000806   R`a.v~..........
0x00007e77f4cf8538:   00007e77f4cf8ea8 00007e77f4cf8640   ....w~..@...w~..
0x00007e77f4cf8548:   00007e76f161514c 000000023ca75c38   LQa.v~..8\.<....
0x00007e77f4cf8558:   00007e77ac24f500 0000000000000005   ..$.w~..........
0x00007e77f4cf8568:   00007e77f4cf8470 00007e77f4cf8960   p...w~..`...w~..
0x00007e77f4cf8578:   00007e7700000000 0000000000000001   ....w~..........
0x00007e77f4cf8588:   00007e76f000bcf0 0000080600000008   ....v~..........
0x00007e77f4cf8598:   00007e77f4cf8470 00007e77f4cf8ea8   p...w~......w~..
0x00007e77f4cf85a8:   00000007f4cf8640 00007e77f4cf8e20   @....... ...w~..
0x00007e77f4cf85b8:   00007e77f4cf8470 00000006f4cf8658   p...w~..X.......
0x00007e77f4cf85c8:   00007e77f4cf85f0 00007e77f4cf860c   ....w~......w~..
0x00007e77f4cf85d8:   00007e77f4cf8608 0000000d00000060   ....w~..`.......

Instructions: (pc=0x00007e76f0005b50)
  0x00007e76f0005a50:   48 8b 44 24 68 4c 29 e8 48 c1 f8 03 48 b9 c5 4e
  0x00007e76f0005a60:   ec c4 4e ec c4 4e 48 0f af c1 49 39 c7 0f 82 0c
  0x00007e76f0005a70:   fa ff ff eb 02 31 db 4c 8d 64 24 50 4c 8b 74 24
  0x00007e76f0005a80:   78 4c 8b bc 24 80 00 00 00 4d 39 fe 74 3d 49 83
  0x00007e76f0005a90:   c6 10 eb 1c 66 66 66 2e 0f 1f 84 00 00 00 00 00
  0x00007e76f0005aa0:   49 8d 46 20 49 83 c6 10 4d 39 fe 49 89 c6 74 16
  0x00007e76f0005ab0:   49 8b 7e f0 49 39 fe 74 e7 49 8b 36 48 ff c6 e8
  0x00007e76f0005ac0:   dc 65 00 00 eb da 4c 8b 74 24 78 4d 85 f6 74 13
  0x00007e76f0005ad0:   48 8b b4 24 88 00 00 00 4c 29 f6 4c 89 f7 e8 bd
  0x00007e76f0005ae0:   65 00 00 48 8b 7c 24 60 48 8b 74 24 68 e8 ce 5e
  0x00007e76f0005af0:   00 00 48 8b 7c 24 60 48 85 ff 74 0d 48 8b 74 24
  0x00007e76f0005b00:   70 48 29 fe e8 97 65 00 00 48 8b 7c 24 40 4c 39
  0x00007e76f0005b10:   e7 74 0d 48 8b 74 24 50 48 ff c6 e8 80 65 00 00
  0x00007e76f0005b20:   89 d8 48 81 c4 d8 00 00 00 5b 41 5c 41 5d 41 5e
  0x00007e76f0005b30:   41 5f 5d c3 48 8d 3d de d2 ff ff e8 b0 65 00 00
  0x00007e76f0005b40:   53 48 89 fb 48 8d 35 1d d3 ff ff e8 b0 65 00 00
=>0x00007e76f0005b50:   85 c0 74 1c 48 8d 35 1c d3 ff ff 48 89 df e8 9d
  0x00007e76f0005b60:   65 00 00 89 c1 31 c0 85 c9 0f 94 c0 01 c0 5b c3
  0x00007e76f0005b70:   b8 01 00 00 00 5b c3 66 0f 1f 84 00 00 00 00 00
  0x00007e76f0005b80:   53 48 89 fb 48 8d 35 c5 d2 ff ff e8 70 65 00 00
  0x00007e76f0005b90:   85 c0 74 1c 48 8d 35 20 d3 ff ff 48 89 df e8 5d
  0x00007e76f0005ba0:   65 00 00 89 c1 31 c0 85 c9 0f 94 c0 01 c0 5b c3
  0x00007e76f0005bb0:   b8 01 00 00 00 5b c3 66 0f 1f 84 00 00 00 00 00
  0x00007e76f0005bc0:   55 41 57 41 56 41 55 41 54 53 48 81 ec 68 06 00
  0x00007e76f0005bd0:   00 48 89 fb 48 8b 06 48 39 46 08 74 04 48 89 46
  0x00007e76f0005be0:   08 0f 57 d2 0f 2e d0 0f 83 79 1c 00 00 0f 2e d1
  0x00007e76f0005bf0:   0f 83 70 1c 00 00 48 89 b4 24 38 01 00 00 f3 0f
  0x00007e76f0005c00:   11 84 24 40 01 00 00 f3 0f 11 8c 24 44 01 00 00
  0x00007e76f0005c10:   8b 03 83 f8 02 0f 85 c7 00 00 00 48 8b 53 18 48
  0x00007e76f0005c20:   39 53 20 48 89 dd 74 55 4c 8d 75 70 31 db 4c 8d
  0x00007e76f0005c30:   bc 24 38 01 00 00 49 bc 39 8e e3 38 8e e3 38 8e
  0x00007e76f0005c40:   45 31 ed 66 66 66 66 2e 0f 1f 84 00 00 00 00 00


Stack slot to memory mapping:

stack at sp + 0 slots: 0x00007e7797192710 points into unknown readable memory: 0x00007e0074636572 | 72 65 63 74 00 7e 00 00
stack at sp + 1 slots: 
[error occurred during error reporting (inspecting top of stack), id 0xb, SIGSEGV (0xb) at pc=0x00007e7839d83ede]
stack at sp + 2 slots: 0x4396000000000000 is an unknown value
stack at sp + 3 slots: 0x4220000043200000 is an unknown value
stack at sp + 4 slots: 0x4220000042200000 is an unknown value
stack at sp + 5 slots: 0x0000000042200000 is an unknown value
stack at sp + 6 slots: 0x00007e77972a6ae0 points into unknown readable memory: 0x00007e71abe0ab00 | 00 ab e0 ab 71 7e 00 00
stack at sp + 7 slots: 0x0 is null

Lock stack of current Java thread (top to bottom):


Compiled method (c2) 4204892 18873       4       clojure.lang.AFn::applyToHelper (3238 bytes)
 total in heap  [0x00007e782b0ef288,0x00007e782b0f5d38] = 27312
 main code      [0x00007e782b0ef380,0x00007e782b0f5c58] = 26840
 stub code      [0x00007e782b0f5c58,0x00007e782b0f5d30] = 216
 oops           [0x00007e782b0f5d30,0x00007e782b0f5d38] = 8
 mutable data [0x00007e77c4378e60,0x00007e77c4379ca8] = 3656
 relocation     [0x00007e77c4378e60,0x00007e77c4379be8] = 3464
 metadata       [0x00007e77c4379be8,0x00007e77c4379ca8] = 192
 immutable data [0x00007e77c47d4ff0,0x00007e77c47db6c8] = 26328
 dependencies   [0x00007e77c47d4ff0,0x00007e77c47d5018] = 40
 nul chk table  [0x00007e77c47d5018,0x00007e77c47d50c0] = 168
 handler table  [0x00007e77c47d50c0,0x00007e77c47d7d48] = 11400
 scopes pcs     [0x00007e77c47d7d48,0x00007e77c47d9de8] = 8352
 scopes data    [0x00007e77c47d9de8,0x00007e77c47db6c8] = 6368

[Constant Pool (empty)]

[MachCode]
[Verified Entry Point]
  # {method} {0x00007e77e5f6e038} 'applyToHelper' '(Lclojure/lang/IFn;Lclojure/lang/ISeq;)Ljava/lang/Object;' in 'clojure/lang/AFn'
  # parm0:    rsi:rsi   = 'clojure/lang/IFn'
  # parm1:    rdx:rdx   = 'clojure/lang/ISeq'
  #           [sp+0x150]  (sp of caller)
  0x00007e782b0ef380: 8984 2400 | c0fe ff55 | 4881 ec40 | 0100 0090 | 4181 7f20 | 1900 0000 | 0f85 ab68 | 0000 4889 
  0x00007e782b0ef3a0: b424 8800 | 0000 33ed | 4889 9424 | 8000 0000 | 4885 d20f | 846e 0300 | 0044 8b5a | 0441 c1eb 
  0x00007e782b0ef3c0: 0a48 8bf2 

  0x00007e782b0ef3c4: ;   {oop(a 'clojure/lang/PersistentList$EmptyList'{0x0000000227737bb0})}
  0x00007e782b0ef3c4: 49ba b07b | 7327 0200 | 0000 4c89 | 9424 9800 | 0000 e920 | 0200 0044 | 8b9c 2490 

  0x00007e782b0ef3e0: ;   {metadata('clojure/lang/Cons')}
  0x00007e782b0ef3e0: 0000 0041 | 81fb 2028 | 0000 0f85 | 4153 0000 | 4c8b 9424 | 8000 0000 | 418b 6a14 | 4c8b 8424 
  0x00007e782b0ef400: 8000 0000 | 458b 5804 | 41c1 eb0a 

  0x00007e782b0ef40c: ;   {metadata('clojure/lang/Cons')}
  0x00007e782b0ef40c: 4181 fb20 | 2800 000f | 855c 5200 | 0045 8b50 | 1845 85d2 | 0f84 4753 | 0000 498b | f248 c1e6 
  0x00007e782b0ef42c: 0348 b8d0 | 9759 c477 

  0x00007e782b0ef434: ;   {virtual_call}
  0x00007e782b0ef434: 7e00 00e8 

  0x00007e782b0ef438: ; ImmutableOopMap {rbp=NarrowOop [136]=Oop [152]=Oop }
                      ;*invokeinterface seq {reexecute=0 rethrow=0 return_oop=1}
                      ; - clojure.lang.Cons::next@4 (line 41)
                      ; - clojure.lang.AFn::applyToHelper@275 (line 172)
  0x00007e782b0ef438: b4f3 36ff 

  0x00007e782b0ef43c: ;   {post_call_nop}
  0x00007e782b0ef43c: 0f1f 8400 | b401 0000 

  0x00007e782b0ef444: ; implicit exception: dispatches to 0x00007e782b0f4bfc
  0x00007e782b0ef444: 448b 5804 | 41c1 eb0a 

  0x00007e782b0ef44c: ;   {metadata('clojure/lang/Cons')}
  0x00007e782b0ef44c: 4181 fb20 | 2800 000f | 858b 4800 | 004c 8bd0 | 458b 5214 | 49c1 e203 | 4c89 9424 | a000 0000 
  0x00007e782b0ef46c: 448b 5004 | 41c1 ea0a 

  0x00007e782b0ef474: ;   {metadata('clojure/lang/Cons')}
  0x00007e782b0ef474: 4181 fa20 | 2800 000f | 85ab 4800 | 0044 8b58 | 1845 85db | 0f84 ee52 | 0000 498b | f348 c1e6 
  0x00007e782b0ef494: 0389 ac24 | 8000 0000 | 9048 b8f8 | 9759 c477 

  0x00007e782b0ef4a4: ;   {virtual_call}
  0x00007e782b0ef4a4: 7e00 00e8 

  0x00007e782b0ef4a8: ; ImmutableOopMap {rbp=NarrowOop [128]=NarrowOop [136]=Oop [152]=Oop [160]=Oop }
                      ;*invokeinterface seq {reexecute=0 rethrow=0 return_oop=1}
                      ; - clojure.lang.Cons::next@4 (line 41)
                      ; - clojure.lang.AFn::applyToHelper@288 (line 173)
  0x00007e782b0ef4a8: e3e1 8fff 

  0x00007e782b0ef4ac: ;   {post_call_nop}
  0x00007e782b0ef4ac: 0f1f 8400 | 2402 0001 

  0x00007e782b0ef4b4: ; implicit exception: dispatches to 0x00007e782b0f4c10
  0x00007e782b0ef4b4: 448b 5004 | 41c1 ea0a 

  0x00007e782b0ef4bc: ;   {metadata('clojure/lang/Cons')}
  0x00007e782b0ef4bc: 4181 fa20 | 2800 000f | 85c0 4700 | 004c 8bd0 | 458b 5a14 | 4d8b d349 | c1e2 034c | 8994 2490 
  0x00007e782b0ef4dc: 0000 0044 | 8b58 0441 

  0x00007e782b0ef4e4: ;   {metadata('clojure/lang/Cons')}
  0x00007e782b0ef4e4: c1eb 0a41 | 81fb 2028 | 0000 0f85 | c447 0000 | 448b 5018 | 4585 d20f | 848a 5200 | 0049 8bf2 
  0x00007e782b0ef504: 48c1 e603 | 9048 b820 | 9859 c477 

  0x00007e782b0ef510: ;   {virtual_call}
  0x00007e782b0ef510: 7e00 00e8 

  0x00007e782b0ef514: ; ImmutableOopMap {[128]=NarrowOop [136]=Oop [144]=Oop [160]=Oop }
                      ;*invokeinterface seq {reexecute=0 rethrow=0 return_oop=1}
                      ; - clojure.lang.Cons::next@4 (line 41)
                      ; - clojure.lang.AFn::applyToHelper@301 (line 174)
  0x00007e782b0ef514: d8f2 36ff 

  0x00007e782b0ef518: ;   {post_call_nop}
  0x00007e782b0ef518: 0f1f 8400 | 9002 0002 | 488b e848 | 8bf5 6666 | 9048 b848 | 9859 c477 

  0x00007e782b0ef530: ;   {virtual_call}
  0x00007e782b0ef530: 7e00 00e8 

  0x00007e782b0ef534: ; ImmutableOopMap {rbp=Oop [128]=NarrowOop [136]=Oop [144]=Oop [160]=Oop }
                      ;*invokeinterface first {reexecute=0 rethrow=0 return_oop=1}
                      ; - clojure.lang.AFn::applyToHelper@308 (line 174)
  0x00007e782b0ef534: 78f3 36ff 

  0x00007e782b0ef538: ;   {post_call_nop}
  0x00007e782b0ef538: 0f1f 8400 | b002 0003 | 4889 8424 | 9800 0000 | 488b f566 | 9048 b870 | 9859 c477 

  0x00007e782b0ef554: ;   {virtual_call}
  0x00007e782b0ef554: 7e00 00e8 

  0x00007e782b0ef558: ; ImmutableOopMap {[128]=NarrowOop [136]=Oop [144]=Oop [152]=Oop [160]=Oop }
                      ;*invokeinterface next {reexecute=0 rethrow=0 return_oop=1}
                      ; - clojure.lang.AFn::applyToHelper@314 (line 175)
  0x00007e782b0ef558: 64ef 36ff 

  0x00007e782b0ef55c: ;   {post_call_nop}
  0x00007e782b0ef55c: 0f1f 8400 | d402 0004 

  0x00007e782b0ef564: ; implicit exception: dispatches to 0x00007e782b0f4c24
  0x00007e782b0ef564: 448b 5804 | 41c1 eb0a 

  0x00007e782b0ef56c: ;   {metadata('clojure/lang/ArraySeq')}
  0x00007e782b0ef56c: 4181 fb73 | 3100 000f | 859b 4b00 | 0044 8b50 | 1847 8b44 | d408 8b68 | 1441 3be8 | 0f83 b352 
  0x00007e782b0ef58c: 0000 49c1 | e203 458b | 54aa 0c49 | 8bfa 48c1 | e703 448b | 9424 8000 | 0000 498b | d248 c1e2 
  0x00007e782b0ef5ac: 0348 8bb4 | 2488 0000 | 0048 8b8c | 24a0 0000 | 004c 8b84 | 2490 0000 | 004c 8b8c | 2498 0000 
  0x00007e782b0ef5cc: 0048 b898 | 9859 c477 

  0x00007e782b0ef5d4: ;   {virtual_call}
  0x00007e782b0ef5d4: 7e00 00e8 

  0x00007e782b0ef5d8: ; ImmutableOopMap {}
                      ;*invokeinterface invoke {reexecute=0 rethrow=0 return_oop=1}
                      ; - clojure.lang.AFn::applyToHelper@332 (line 171)
  0x00007e782b0ef5d8: 94f3 36ff 

  0x00007e782b0ef5dc: ;   {post_call_nop}
  0x00007e782b0ef5dc: 0f1f 8400 | 5403 0005 | e933 4500 | 000f 1f80 | 0000 0000 | 488b f044 | 8b9c 2490 | 0000 0083 
  0x00007e782b0ef5fc: fd14 0f8f | 1101 0000 | 4489 9c24 | 9000 0000 | ffc5 6666 | 9048 b8c0 | 9859 c477 

  0x00007e782b0ef618: ;   {virtual_call}
  0x00007e782b0ef618: 7e00 00e8 

  0x00007e782b0ef61c: ; ImmutableOopMap {[128]=Oop [136]=Oop [152]=Oop }
                      ;*invokeinterface next {reexecute=0 rethrow=0 return_oop=1}
                      ; - clojure.lang.RT::boundedLength@17 (line 1810)
                      ; - clojure.lang.AFn::applyToHelper@3 (line 148)
  0x00007e782b0ef61c: a0ee 36ff 

  0x00007e782b0ef620: ;   {post_call_nop}
  0x00007e782b0ef620: 0f1f 8400 | 9803 0006 

  0x00007e782b0ef628: ; ImmutableOopMap {rax=Oop [128]=Oop [136]=Oop [152]=Oop }
                      ;*goto {reexecute=1 rethrow=0 return_oop=0}
                      ; - (reexecute) clojure.lang.RT::boundedLength@23 (line 1810)
                      ; - clojure.lang.AFn::applyToHelper@3 (line 148)
  0x00007e782b0ef628: 4d8b 5730 

  0x00007e782b0ef62c: ;   {poll}
  0x00007e782b0ef62c: 4185 0248 | 85c0 75bc | 83fd 050f | 849e fdff | ff83 fd02 | 0f85 e100 | 0000 448b | 9c24 9000 
  0x00007e782b0ef64c: ;   {metadata('clojure/lang/Cons')}
  0x00007e782b0ef64c: 0000 4181 | fb20 2800 | 000f 8566 | 4a00 004c | 8b94 2480 | 0000 0045 | 8b52 1449 | 8bea 48c1 
  0x00007e782b0ef66c: e503 4c8b | 9424 8000 | 0000 458b | 5204 41c1 

  0x00007e782b0ef67c: ;   {metadata('clojure/lang/Cons')}
  0x00007e782b0ef67c: ea0a 4181 | fa20 2800 | 000f 8561 | 4a00 004c | 8b94 2480 | 0000 0045 | 8b5a 1845 | 85db 740f 
  0x00007e782b0ef69c: 4d8b d349 | c1e2 034c | 8994 2498 | 0000 0048 | 8bb4 2498 | 0000 0066 | 9048 b8e8 | 9859 c477 
  0x00007e782b0ef6bc: ;   {virtual_call}
  0x00007e782b0ef6bc: 7e00 00e8 

  0x00007e782b0ef6c0: ; ImmutableOopMap {rbp=Oop [136]=Oop }
                      ;*invokeinterface seq {reexecute=0 rethrow=0 return_oop=1}
                      ; - clojure.lang.Cons::next@4 (line 41)
                      ; - clojure.lang.AFn::applyToHelper@140 (line 157)
  0x00007e782b0ef6c0: 2cf1 36ff 

  0x00007e782b0ef6c4: ;   {post_call_nop}
  0x00007e782b0ef6c4: 0f1f 8400 | 3c04 0008 | 488b f066 | 9048 b810 | 9959 c477 

  0x00007e782b0ef6d8: ;   {virtual_call}
  0x00007e782b0ef6d8: 7e00 00e8 

  0x00007e782b0ef6dc: ; ImmutableOopMap {rbp=Oop [136]=Oop }
                      ;*invokeinterface first {reexecute=0 rethrow=0 return_oop=1}
                      ; - clojure.lang.AFn::applyToHelper@147 (line 157)
  0x00007e782b0ef6dc: d0f1 36ff 

  0x00007e782b0ef6e0: ;   {post_call_nop}
  0x00007e782b0ef6e0: 0f1f 8400 | 5804 0009 | 488b b424 | 8800 0000 | 488b d548 | 8bc8 6666 | 9048 b838 | 9959 c477 
  0x00007e782b0ef700: ;   {virtual_call}
  0x00007e782b0ef700: 7e00 00e8 

  0x00007e782b0ef704: ; ImmutableOopMap {}
                      ;*invokeinterface invoke {reexecute=0 rethrow=0 return_oop=1}
                      ; - clojure.lang.AFn::applyToHelper@158 (line 156)
  0x00007e782b0ef704: 8811 40ff 

  0x00007e782b0ef708: ;   {post_call_nop}
  0x00007e782b0ef708: 0f1f 8400 | 8004 000a | e907 4400 | 0083 fd05 | 0f84 c5fc | ffff 83fd | 020f 8427 | ffff ff44 
  0x00007e782b0ef728: 8d5d ff41 | 83fb 010f | 86fa 4300 | 0083 fd03 | 0f84 3c44 | 0000 83fd | 030f 861e | 4500 0044 
  0x00007e782b0ef748: 8d55 fc41 | 83fa 010f | 8608 4600 | 0083 fd06 | 0f84 3747 | 0000 83fd | 070f 84d9 | 4900 0083 
  0x00007e782b0ef768: fd07 0f8e | cd3c 0000 | 83fd 080f | 8458 3a00 | 0083 fd09 | 0f84 6737 | 0000 83fd | 0a0f 841a 
  0x00007e782b0ef788: 3400 0083 | fd0b 0f84 | 7530 0000 | 83fd 0c0f | 8478 2c00 | 0083 fd0d | 0f84 1f28 | 0000 83fd 
  0x00007e782b0ef7a8: 0e0f 846e | 2300 0083 | fd0f 0f84 | 651e 0000 | 83fd 100f | 8404 1900 | 0083 fd11 | 0f84 4713 
  0x00007e782b0ef7c8: 0000 83fd | 120f 8432 | 0d00 0083 | fd13 0f84 | c506 0000 | 83fd 140f | 8558 3c00 | 0048 8bb4 
  0x00007e782b0ef7e8: 2480 0000 | 0048 8bee | 9048 b860 | 9959 c477 

  0x00007e782b0ef7f8: ;   {virtual_call}
  0x00007e782b0ef7f8: 7e00 00e8 

  0x00007e782b0ef7fc: ; ImmutableOopMap {rbp=Oop [128]=Oop [136]=Oop }
                      ;*invokeinterface first {reexecute=0 rethrow=0 return_oop=1}
                      ; - clojure.lang.AFn::applyToHelper@2699 (line 381)
  0x00007e782b0ef7fc: e061 29ff 

  0x00007e782b0ef800: ;   {post_call_nop}
  0x00007e782b0ef800: 0f1f 8400 | 7805 000b | 488b e848 | 8bb4 2480 | 0000 0066 | 9048 b888 | 9959 c477 

  0x00007e782b0ef81c: ;   {virtual_call}
  0x00007e782b0ef81c: 7e00 00e8 

  0x00007e782b0ef820: ; ImmutableOopMap {rbp=Oop [136]=Oop }
                      ;*invokeinterface next {reexecute=0 rethrow=0 return_oop=1}
                      ; - clojure.lang.AFn::applyToHelper@2705 (line 382)
  0x00007e782b0ef820: bc61 29ff 

  0x00007e782b0ef824: ;   {post_call_nop}
  0x00007e782b0ef824: 0f1f 8400 | 9c05 000c | 4889 8424 | 8000 0000 | 488b f066 | 9048 b8b0 | 9959 c477 

  0x00007e782b0ef840: ;   {virtual_call}
  0x00007e782b0ef840: 7e00 00e8 

  0x00007e782b0ef844: ; ImmutableOopMap {rbp=Oop [128]=Oop [136]=Oop }
                      ;*invokeinterface first {reexecute=0 rethrow=0 return_oop=1}
                      ; - clojure.lang.AFn::applyToHelper@2712 (line 382)
  0x00007e782b0ef844: 9861 29ff 

  0x00007e782b0ef848: ;   {post_call_nop}
  0x00007e782b0ef848: 0f1f 8400 | c005 000d | 4889 8424 | 9000 0000 | 488b b424 | 8000 0000 | 9048 b8d8 | 9959 c477 
  0x00007e782b0ef868: ;   {virtual_call}
  0x00007e782b0ef868: 7e00 00e8 

  0x00007e782b0ef86c: ; ImmutableOopMap {rbp=Oop [136]=Oop [144]=Oop }
                      ;*invokeinterface next {reexecute=0 rethrow=0 return_oop=1}
                      ; - clojure.lang.AFn::applyToHelper@2718 (line 383)
  0x00007e782b0ef86c: 7061 29ff 

  0x00007e782b0ef870: ;   {post_call_nop}
  0x00007e782b0ef870: 0f1f 8400 | e805 000e | 4889 8424 | 8000 0000 | 488b f066 | 9048 b800 | 9a59 c477 

  0x00007e782b0ef88c: ;   {virtual_call}
  0x00007e782b0ef88c: 7e00 00e8 

  0x00007e782b0ef890: ; ImmutableOopMap {rbp=Oop [128]=Oop [136]=Oop [144]=Oop }
                      ;*invokeinterface first {reexecute=0 rethrow=0 return_oop=1}
                      ; - clojure.lang.AFn::applyToHelper@2725 (line 383)
  0x00007e782b0ef890: 4c61 29ff 

  0x00007e782b0ef894: ;   {post_call_nop}
  0x00007e782b0ef894: 0f1f 8400 | 0c06 000f | 4889 8424 | 9800 0000 | 488b b424 | 8000 0000 | 9048 b828 | 9a59 c477 
  0x00007e782b0ef8b4: ;   {virtual_call}
  0x00007e782b0ef8b4: 7e00 00e8 

  0x00007e782b0ef8b8: ; ImmutableOopMap {rbp=Oop [136]=Oop [144]=Oop [152]=Oop }
                      ;*invokeinterface next {reexecute=0 rethrow=0 return_oop=1}
                      ; - clojure.lang.AFn::applyToHelper@2731 (line 384)
  0x00007e782b0ef8b8: 2461 29ff 

  0x00007e782b0ef8bc: ;   {post_call_nop}
  0x00007e782b0ef8bc: 0f1f 8400 | 3406 0010 | 4889 8424 | 8000 0000 | 488b f066 | 9048 b850 | 9a59 c477 

  0x00007e782b0ef8d8: ;   {virtual_call}
  0x00007e782b0ef8d8: 7e00 00e8 

  0x00007e782b0ef8dc: ; ImmutableOopMap {rbp=Oop [128]=Oop [136]=Oop [144]=Oop [152]=Oop }
                      ;*invokeinterface first {reexecute=0 rethrow=0 return_oop=1}
                      ; - clojure.lang.AFn::applyToHelper@2738 (line 384)
  0x00007e782b0ef8dc: 0061 29ff 

  0x00007e782b0ef8e0: ;   {post_call_nop}
  0x00007e782b0ef8e0: 0f1f 8400 | 5806 0011 | 4889 8424 | a000 0000 | 488b b424 | 8000 0000 | 9048 b878 | 9a59 c477 
  0x00007e782b0ef900: ;   {virtual_call}
  0x00007e782b0ef900: 7e00 00e8 

  0x00007e782b0ef904: ; ImmutableOopMap {rbp=Oop [136]=Oop [144]=Oop [152]=Oop [160]=Oop }
                      ;*invokeinterface next {reexecute=0 rethrow=0 return_oop=1}
                      ; - clojure.lang.AFn::applyToHelper@2744 (line 385)
  0x00007e782b0ef904: d860 29ff 

  0x00007e782b0ef908: ;   {post_call_nop}
  0x00007e782b0ef908: 0f1f 8400 | 8006 0012 | 4889 8424 | 8000 0000 | 488b f066 | 9048 b8a0 | 9a59 c477 

  0x00007e782b0ef924: ;   {virtual_call}
  0x00007e782b0ef924: 7e00 00e8 

  0x00007e782b0ef928: ; ImmutableOopMap {rbp=Oop [128]=Oop [136]=Oop [144]=Oop [152]=Oop [160]=Oop }
                      ;*invokeinterface first {reexecute=0 rethrow=0 return_oop=1}
                      ; - clojure.lang.AFn::applyToHelper@2751 (line 385)
  0x00007e782b0ef928: b460 29ff 

  0x00007e782b0ef92c: ;   {post_call_nop}
  0x00007e782b0ef92c: 0f1f 8400 | a406 0013 | 4889 8424 | a800 0000 | 488b b424 | 8000 0000 | 9048 b8c8 | 9a59 c477 
  0x00007e782b0ef94c: ;   {virtual_call}
  0x00007e782b0ef94c: 7e00 00e8 

  0x00007e782b0ef950: ; ImmutableOopMap {rbp=Oop [136]=Oop [144]=Oop [152]=Oop [160]=Oop [168]=Oop }
                      ;*invokeinterface next {reexecute=0 rethrow=0 return_oop=1}
                      ; - clojure.lang.AFn::applyToHelper@2757 (line 386)
  0x00007e782b0ef950: 8c60 29ff 

  0x00007e782b0ef954: ;   {post_call_nop}
  0x00007e782b0ef954: 0f1f 8400 | cc06 0014 | 4889 8424 | 8000 0000 | 488b f066 | 9048 b8f0 | 9a59 c477 

  0x00007e782b0ef970: ;   {virtual_call}
  0x00007e782b0ef970: 7e00 00e8 

  0x00007e782b0ef974: ; ImmutableOopMap {rbp=Oop [128]=Oop [136]=Oop [144]=Oop [152]=Oop [160]=Oop [168]=Oop }
                      ;*invokeinterface first {reexecute=0 rethrow=0 return_oop=1}
                      ; - clojure.lang.AFn::applyToHelper@2764 (line 386)
  0x00007e782b0ef974: 6860 29ff 

  0x00007e782b0ef978: ;   {post_call_nop}
  0x00007e782b0ef978: 0f1f 8400 | f006 0015 | 4889 8424 | b000 0000 | 488b b424 | 8000 0000 | 9048 b818 | 9b59 c477 
  0x00007e782b0ef998: ;   {virtual_call}
  0x00007e782b0ef998: 7e00 00e8 

  0x00007e782b0ef99c: ; ImmutableOopMap {rbp=Oop [136]=Oop [144]=Oop [152]=Oop [160]=Oop [168]=Oop [176]=Oop }
                      ;*invokeinterface next {reexecute=0 rethrow=0 return_oop=1}
                      ; - clojure.lang.AFn::applyToHelper@2770 (line 387)
  0x00007e782b0ef99c: 4060 29ff 

  0x00007e782b0ef9a0: ;   {post_call_nop}
  0x00007e782b0ef9a0: 0f1f 8400 | 1807 0016 | 4889 8424 | 8000 0000 | 488b f066 | 9048 b840 | 9b59 c477 

  0x00007e782b0ef9bc: ;   {virtual_call}
  0x00007e782b0ef9bc: 7e00 00e8 

  0x00007e782b0ef9c0: ; ImmutableOopMap {rbp=Oop [128]=Oop [136]=Oop [144]=Oop [152]=Oop [160]=Oop [168]=Oop [176]=Oop }
                      ;*invokeinterface first {reexecute=0 rethrow=0 return_oop=1}
                      ; - clojure.lang.AFn::applyToHelper@2777 (line 387)
  0x00007e782b0ef9c0: 1c60 29ff 

  0x00007e782b0ef9c4: ;   {post_call_nop}
  0x00007e782b0ef9c4: 0f1f 8400 | 3c07 0017 | 4889 8424 | b800 0000 | 488b b424 | 8000 0000 | 9048 b868 | 9b59 c477 
  0x00007e782b0ef9e4: ;   {virtual_call}
  0x00007e782b0ef9e4: 7e00 00e8 

  0x00007e782b0ef9e8: ; ImmutableOopMap {rbp=Oop [136]=Oop [144]=Oop [152]=Oop [160]=Oop [168]=Oop [176]=Oop [184]=Oop }
                      ;*invokeinterface next {reexecute=0 rethrow=0 return_oop=1}
                      ; - clojure.lang.AFn::applyToHelper@2783 (line 388)
  0x00007e782b0ef9e8: f45f 29ff 

  0x00007e782b0ef9ec: ;   {post_call_nop}
  0x00007e782b0ef9ec: 0f1f 8400 | 6407 0018 | 4889 8424 | 8000 0000 | 488b f066 | 9048 b890 | 9b59 c477 

  0x00007e782b0efa08: ;   {virtual_call}
  0x00007e782b0efa08: 7e00 00e8 

  0x00007e782b0efa0c: ; ImmutableOopMap {rbp=Oop [128]=Oop [136]=Oop [144]=Oop [152]=Oop [160]=Oop [168]=Oop [176]=Oop [184]=Oop }
                      ;*invokeinterface first {reexecute=0 rethrow=0 return_oop=1}
                      ; - clojure.lang.AFn::applyToHelper@2790 (line 388)
  0x00007e782b0efa0c: d05f 29ff 

  0x00007e782b0efa10: ;   {post_call_nop}
  0x00007e782b0efa10: 0f1f 8400 | 8807 0019 | 4889 8424 | c000 0000 | 488b b424 | 8000 0000 | 9048 b8b8 | 9b59 c477 
  0x00007e782b0efa30: ;   {virtual_call}
  0x00007e782b0efa30: 7e00 00e8 

  0x00007e782b0efa34: ; ImmutableOopMap {rbp=Oop [136]=Oop [144]=Oop [152]=Oop [160]=Oop [168]=Oop [176]=Oop [184]=Oop [192]=Oop }
                      ;*invokeinterface next {reexecute=0 rethrow=0 return_oop=1}
                      ; - clojure.lang.AFn::applyToHelper@2796 (line 389)
  0x00007e782b0efa34: a85f 29ff 

  0x00007e782b0efa38: ;   {post_call_nop}
  0x00007e782b0efa38: 0f1f 8400 | b007 001a | 4889 8424 | 8000 0000 | 488b f066 | 9048 b8e0 | 9b59 c477 

  0x00007e782b0efa54: ;   {virtual_call}
  0x00007e782b0efa54: 7e00 00e8 

  0x00007e782b0efa58: ; ImmutableOopMap {rbp=Oop [128]=Oop [136]=Oop [144]=Oop [152]=Oop [160]=Oop [168]=Oop [176]=Oop [184]=Oop [192]=Oop }
                      ;*invokeinterface first {reexecute=0 rethrow=0 return_oop=1}
                      ; - clojure.lang.AFn::applyToHelper@2803 (line 389)
  0x00007e782b0efa58: 845f 29ff 

  0x00007e782b0efa5c: ;   {post_call_nop}
  0x00007e782b0efa5c: 0f1f 8400 | d407 001b | 4889 8424 | c800 0000 | 488b b424 | 8000 0000 | 9048 b808 | 9c59 c477 
  0x00007e782b0efa7c: ;   {virtual_call}
  0x00007e782b0efa7c: 7e00 00e8 

  0x00007e782b0efa80: ; ImmutableOopMap {rbp=Oop [136]=Oop [144]=Oop [152]=Oop [160]=Oop [168]=Oop [176]=Oop [184]=Oop [192]=Oop [200]=Oop }
                      ;*invokeinterface next {reexecute=0 rethrow=0 return_oop=1}
                      ; - clojure.lang.AFn::applyToHelper@2809 (line 390)
  0x00007e782b0efa80: 5c5f 29ff 

  0x00007e782b0efa84: ;   {post_call_nop}
  0x00007e782b0efa84: 0f1f 8400 | fc07 001c | 4889 8424 | 8000 0000 | 488b f066 | 9048 b830 | 9c59 c477 

  0x00007e782b0efaa0: ;   {virtual_call}
  0x00007e782b0efaa0: 7e00 00e8 

  0x00007e782b0efaa4: ; ImmutableOopMap {rbp=Oop [128]=Oop [136]=Oop [144]=Oop [152]=Oop [160]=Oop [168]=Oop [176]=Oop [184]=Oop [192]=Oop [200]=Oop }
                      ;*invokeinterface first {reexecute=0 rethrow=0 return_oop=1}
                      ; - clojure.lang.AFn::applyToHelper@2816 (line 390)
  0x00007e782b0efaa4: 385f 29ff 

  0x00007e782b0efaa8: ;   {post_call_nop}
  0x00007e782b0efaa8: 0f1f 8400 | 2008 001d | 4889 8424 | d000 0000 | 488b b424 | 8000 0000 | 9048 b858 | 9c59 c477 
  0x00007e782b0efac8: ;   {virtual_call}
  0x00007e782b0efac8: 7e00 00e8 

  0x00007e782b0efacc: ; ImmutableOopMap {rbp=Oop [136]=Oop [144]=Oop [152]=Oop [160]=Oop [168]=Oop [176]=Oop [184]=Oop [192]=Oop [200]=Oop [208]=Oop }
                      ;*invokeinterface next {reexecute=0 rethrow=0 return_oop=1}
                      ; - clojure.lang.AFn::applyToHelper@2822 (line 391)
  0x00007e782b0efacc: 105f 29ff 

  0x00007e782b0efad0: ;   {post_call_nop}
  0x00007e782b0efad0: 0f1f 8400 | 4808 001e | 4889 8424 | 8000 0000 | 488b f066 | 9048 b880 | 9c59 c477 

  0x00007e782b0efaec: ;   {virtual_call}
  0x00007e782b0efaec: 7e00 00e8 

  0x00007e782b0efaf0: ; ImmutableOopMap {rbp=Oop [128]=Oop [136]=Oop [144]=Oop [152]=Oop [160]=Oop [168]=Oop [176]=Oop [184]=Oop [192]=Oop [200]=Oop [208]=Oop }
                      ;*invokeinterface first {reexecute=0 rethrow=0 return_oop=1}
                      ; - clojure.lang.AFn::applyToHelper@2829 (line 391)
  0x00007e782b0efaf0: ec5e 29ff 

  0x00007e782b0efaf4: ;   {post_call_nop}
  0x00007e782b0efaf4: 0f1f 8400 | 6c08 001f | 4889 8424 | d800 0000 | 488b b424 | 8000 0000 | 9048 b8a8 | 9c59 c477 
  0x00007e782b0efb14: ;   {virtual_call}
  0x00007e782b0efb14: 7e00 00e8 

  0x00007e782b0efb18: ; ImmutableOopMap {rbp=Oop [136]=Oop [144]=Oop [152]=Oop [160]=Oop [168]=Oop [176]=Oop [184]=Oop [192]=Oop [200]=Oop [208]=Oop [216]=Oop }
                      ;*invokeinterface next {reexecute=0 rethrow=0 return_oop=1}
                      ; - clojure.lang.AFn::applyToHelper@2835 (line 392)
  0x00007e782b0efb18: c45e 29ff 

  0x00007e782b0efb1c: ;   {post_call_nop}
  0x00007e782b0efb1c: 0f1f 8400 | 9408 0020 | 4889 8424 | 8000 0000 | 488b f066 | 9048 b8d0 | 9c59 c477 

  0x00007e782b0efb38: ;   {virtual_call}
  0x00007e782b0efb38: 7e00 00e8 

  0x00007e782b0efb3c: ; ImmutableOopMap {rbp=Oop [128]=Oop [136]=Oop [144]=Oop [152]=Oop [160]=Oop [168]=Oop [176]=Oop [184]=Oop [192]=Oop [200]=Oop [208]=Oop [216]=Oop }
                      ;*invokeinterface first {reexecute=0 rethrow=0 return_oop=1}
                      ; - clojure.lang.AFn::applyToHelper@2842 (line 392)
  0x00007e782b0efb3c: a05e 29ff 

  0x00007e782b0efb40: ;   {post_call_nop}
  0x00007e782b0efb40: 0f1f 8400 | b808 0021 | 4889 8424 | e000 0000 | 488b b424 | 8000 0000 | 9048 b8f8 | 9c59 c477 
  0x00007e782b0efb60: ;   {virtual_call}
  0x00007e782b0efb60: 7e00 00e8 

  0x00007e782b0efb64: ; ImmutableOopMap {rbp=Oop [136]=Oop [144]=Oop [152]=Oop [160]=Oop [168]=Oop [176]=Oop [184]=Oop [192]=Oop [200]=Oop [208]=Oop [216]=Oop [224]=Oop }
                      ;*invokeinterface next {reexecute=0 rethrow=0 return_oop=1}
                      ; - clojure.lang.AFn::applyToHelper@2848 (line 393)
  0x00007e782b0efb64: 785e 29ff 

  0x00007e782b0efb68: ;   {post_call_nop}
  0x00007e782b0efb68: 0f1f 8400 | e008 0022 | 4889 8424 | 8000 0000 | 488b f066 | 9048 b820 | 9d59 c477 

  0x00007e782b0efb84: ;   {virtual_call}
  0x00007e782b0efb84: 7e00 00e8 

  0x00007e782b0efb88: ; ImmutableOopMap {rbp=Oop [128]=Oop [136]=Oop [144]=Oop [152]=Oop [160]=Oop [168]=Oop [176]=Oop [184]=Oop [192]=Oop [200]=Oop [208]=Oop [216]=Oop [224]=Oop }
                      ;*invokeinterface first {reexecute=0 rethrow=0 return_oop=1}
                      ; - clojure.lang.AFn::applyToHelper@2855 (line 393)
  0x00007e782b0efb88: 545e 29ff 

  0x00007e782b0efb8c: ;   {post_call_nop}
  0x00007e782b0efb8c: 0f1f 8400 | 0409 0023 | 4889 8424 | e800 0000 | 488b b424 | 8000 0000 | 9048 b848 | 9d59 c477 
  0x00007e782b0efbac: ;   {virtual_call}
  0x00007e782b0efbac: 7e00 00e8 

  0x00007e782b0efbb0: ; ImmutableOopMap {rbp=Oop [136]=Oop [144]=Oop [152]=Oop [160]=Oop [168]=Oop [176]=Oop [184]=Oop [192]=Oop [200]=Oop [208]=Oop [216]=Oop [224]=Oop [232]=Oop }
                      ;*invokeinterface next {reexecute=0 rethrow=0 return_oop=1}
                      ; - clojure.lang.AFn::applyToHelper@2861 (line 394)
  0x00007e782b0efbb0: 2c5e 29ff 

  0x00007e782b0efbb4: ;   {post_call_nop}
  0x00007e782b0efbb4: 0f1f 8400 | 2c09 0024 | 4889 8424 | 8000 0000 | 488b f066 | 9048 b870 | 9d59 c477 

  0x00007e782b0efbd0: ;   {virtual_call}
  0x00007e782b0efbd0: 7e00 00e8 

  0x00007e782b0efbd4: ; ImmutableOopMap {rbp=Oop [128]=Oop [136]=Oop [144]=Oop [152]=Oop [160]=Oop [168]=Oop [176]=Oop [184]=Oop [192]=Oop [200]=Oop [208]=Oop [216]=Oop [224]=Oop [232]=Oop }
                      ;*invokeinterface first {reexecute=0 rethrow=0 return_oop=1}
                      ; - clojure.lang.AFn::applyToHelper@2868 (line 394)
  0x00007e782b0efbd4: 085e 29ff 

  0x00007e782b0efbd8: ;   {post_call_nop}
  0x00007e782b0efbd8: 0f1f 8400 | 5009 0025 | 4889 8424 | f000 0000 | 488b b424 | 8000 0000 | 9048 b898 | 9d59 c477 
  0x00007e782b0efbf8: ;   {virtual_call}
  0x00007e782b0efbf8: 7e00 00e8 

  0x00007e782b0efbfc: ; ImmutableOopMap {rbp=Oop [136]=Oop [144]=Oop [152]=Oop [160]=Oop [168]=Oop [176]=Oop [184]=Oop [192]=Oop [200]=Oop [208]=Oop [216]=Oop [224]=Oop [232]=Oop [240]=Oop }
                      ;*invokeinterface next {reexecute=0 rethrow=0 return_oop=1}
                      ; - clojure.lang.AFn::applyToHelper@2874 (line 395)
  0x00007e782b0efbfc: e05d 29ff 

  0x00007e782b0efc00: ;   {post_call_nop}
  0x00007e782b0efc00: 0f1f 8400 | 7809 0026 | 4889 8424 | 8000 0000 | 488b f066 | 9048 b8c0 | 9d59 c477 

  0x00007e782b0efc1c: ;   {virtual_call}
  0x00007e782b0efc1c: 7e00 00e8 

  0x00007e782b0efc20: ; ImmutableOopMap {rbp=Oop [128]=Oop [136]=Oop [144]=Oop [152]=Oop [160]=Oop [168]=Oop [176]=Oop [184]=Oop [192]=Oop [200]=Oop [208]=Oop [216]=Oop [224]=Oop [232]=Oop [240]=Oop }
                      ;*invokeinterface first {reexecute=0 rethrow=0 return_oop=1}
                      ; - clojure.lang.AFn::applyToHelper@2881 (line 395)
  0x00007e782b0efc20: bc5d 29ff 

  0x00007e782b0efc24: ;   {post_call_nop}
  0x00007e782b0efc24: 0f1f 8400 | 9c09 0027 | 4889 8424 | f800 0000 | 488b b424 | 8000 0000 | 9048 b8e8 | 9d59 c477 
  0x00007e782b0efc44: ;   {virtual_call}
  0x00007e782b0efc44: 7e00 00e8 

  0x00007e782b0efc48: ; ImmutableOopMap {rbp=Oop [136]=Oop [144]=Oop [152]=Oop [160]=Oop [168]=Oop [176]=Oop [184]=Oop [192]=Oop [200]=Oop [208]=Oop [216]=Oop [224]=Oop [232]=Oop [240]=Oop [248]=Oop }
                      ;*invokeinterface next {reexecute=0 rethrow=0 return_oop=1}
                      ; - clojure.lang.AFn::applyToHelper@2887 (line 396)
  0x00007e782b0efc48: 945d 29ff 

  0x00007e782b0efc4c: ;   {post_call_nop}
  0x00007e782b0efc4c: 0f1f 8400 | c409 0028 | 4889 8424 | 8000 0000 | 488b f066 | 9048 b810 | 9e59 c477 

  0x00007e782b0efc68: ;   {virtual_call}
  0x00007e782b0efc68: 7e00 00e8 

  0x00007e782b0efc6c: ; ImmutableOopMap {rbp=Oop [128]=Oop [136]=Oop [144]=Oop [152]=Oop [160]=Oop [168]=Oop [176]=Oop [184]=Oop [192]=Oop [200]=Oop [208]=Oop [216]=Oop [224]=Oop [232]=Oop [240]=Oop [248]=Oop }
                      ;*invokeinterface first {reexecute=0 rethrow=0 return_oop=1}
                      ; - clojure.lang.AFn::applyToHelper@2894 (line 396)
  0x00007e782b0efc6c: 705d 29ff 

  0x00007e782b0efc70: ;   {post_call_nop}
  0x00007e782b0efc70: 0f1f 8400 | e809 0029 | 4889 8424 | 0001 0000 | 488b b424 | 8000 0000 | 9048 b838 | 9e59 c477 
  0x00007e782b0efc90: ;   {virtual_call}
  0x00007e782b0efc90: 7e00 00e8 

  0x00007e782b0efc94: ; ImmutableOopMap {rbp=Oop [136]=Oop [144]=Oop [152]=Oop [160]=Oop [168]=Oop [176]=Oop [184]=Oop [192]=Oop [200]=Oop [208]=Oop [216]=Oop [224]=Oop [232]=Oop [240]=Oop [248]=Oop [256]=Oop }
                      ;*invokeinterface next {reexecute=0 rethrow=0 return_oop=1}
                      ; - clojure.lang.AFn::applyToHelper@2900 (line 397)
  0x00007e782b0efc94: 485d 29ff 

  0x00007e782b0efc98: ;   {post_call_nop}
  0x00007e782b0efc98: 0f1f 8400 | 100a 002a | 4889 8424 | 8000 0000 | 488b f066 | 9048 b860 | 9e59 c477 

  0x00007e782b0efcb4: ;   {virtual_call}
  0x00007e782b0efcb4: 7e00 00e8 

  0x00007e782b0efcb8: ; ImmutableOopMap {rbp=Oop [128]=Oop [136]=Oop [144]=Oop [152]=Oop [160]=Oop [168]=Oop [176]=Oop [184]=Oop [192]=Oop [200]=Oop [208]=Oop [216]=Oop [224]=Oop [232]=Oop [240]=Oop [248]=Oop [256]=Oop }
                      ;*invokeinterface first {reexecute=0 rethrow=0 return_oop=1}
                      ; - clojure.lang.AFn::applyToHelper@2907 (line 397)
  0x00007e782b0efcb8: 245d 29ff 

  0x00007e782b0efcbc: ;   {post_call_nop}
  0x00007e782b0efcbc: 0f1f 8400 | 340a 002b | 4889 8424 | 0801 0000 | 488b b424 | 8000 0000 | 9048 b888 | 9e59 c477 
  0x00007e782b0efcdc: ;   {virtual_call}
  0x00007e782b0efcdc: 7e00 00e8 

  0x00007e782b0efce0: ; ImmutableOopMap {rbp=Oop [136]=Oop [144]=Oop [152]=Oop [160]=Oop [168]=Oop [176]=Oop [184]=Oop [192]=Oop [200]=Oop [208]=Oop [216]=Oop [224]=Oop [232]=Oop [240]=Oop [248]=Oop [256]=Oop [264]=Oop }
                      ;*invokeinterface next {reexecute=0 rethrow=0 return_oop=1}
                      ; - clojure.lang.AFn::applyToHelper@2913 (line 398)
  0x00007e782b0efce0: fc5c 29ff 

  0x00007e782b0efce4: ;   {post_call_nop}
  0x00007e782b0efce4: 0f1f 8400 | 5c0a 002c | 4889 8424 | 8000 0000 | 488b f066 | 9048 b8b0 | 9e59 c477 

  0x00007e782b0efd00: ;   {virtual_call}
  0x00007e782b0efd00: 7e00 00e8 

  0x00007e782b0efd04: ; ImmutableOopMap {rbp=Oop [128]=Oop [136]=Oop [144]=Oop [152]=Oop [160]=Oop [168]=Oop [176]=Oop [184]=Oop [192]=Oop [200]=Oop [208]=Oop [216]=Oop [224]=Oop [232]=Oop [240]=Oop [248]=Oop [256]=Oop [264]=Oop }
                      ;*invokeinterface first {reexecute=0 rethrow=0 return_oop=1}
                      ; - clojure.lang.AFn::applyToHelper@2920 (line 398)
  0x00007e782b0efd04: d85c 29ff 

  0x00007e782b0efd08: ;   {post_call_nop}
  0x00007e782b0efd08: 0f1f 8400 | 800a 002d | 4889 8424 | 1001 0000 | 488b b424 | 8000 0000 | 9048 b8d8 | 9e59 c477 
  0x00007e782b0efd28: ;   {virtual_call}
  0x00007e782b0efd28: 7e00 00e8 

  0x00007e782b0efd2c: ; ImmutableOopMap {rbp=Oop [136]=Oop [144]=Oop [152]=Oop [160]=Oop [168]=Oop [176]=Oop [184]=Oop [192]=Oop [200]=Oop [208]=Oop [216]=Oop [224]=Oop [232]=Oop [240]=Oop [248]=Oop [256]=Oop [264]=Oop [272]=Oop }
                      ;*invokeinterface next {reexecute=0 rethrow=0 return_oop=1}
                      ; - clojure.lang.AFn::applyToHelper@2926 (line 399)
  0x00007e782b0efd2c: b05c 29ff 

  0x00007e782b0efd30: ;   {post_call_nop}
  0x00007e782b0efd30: 0f1f 8400 | a80a 002e | 4889 8424 | 8000 0000 | 488b f066 | 9048 b800 | 9f59 c477 

  0x00007e782b0efd4c: ;   {virtual_call}
  0x00007e782b0efd4c: 7e00 00e8 

  0x00007e782b0efd50: ; ImmutableOopMap {rbp=Oop [128]=Oop [136]=Oop [144]=Oop [152]=Oop [160]=Oop [168]=Oop [176]=Oop [184]=Oop [192]=Oop [200]=Oop [208]=Oop [216]=Oop [224]=Oop [232]=Oop [240]=Oop [248]=Oop [256]=Oop [264]=Oop [272]=Oop }
                      ;*invokeinterface first {reexecute=0 rethrow=0 return_oop=1}
                      ; - clojure.lang.AFn::applyToHelper@2933 (line 399)
  0x00007e782b0efd50: 8c5c 29ff 

  0x00007e782b0efd54: ;   {post_call_nop}
  0x00007e782b0efd54: 0f1f 8400 | cc0a 002f | 4889 8424 | 1801 0000 | 488b b424 | 8000 0000 | 9048 b828 | 9f59 c477 
  0x00007e782b0efd74: ;   {virtual_call}
  0x00007e782b0efd74: 7e00 00e8 

  0x00007e782b0efd78: ; ImmutableOopMap {rbp=Oop [136]=Oop [144]=Oop [152]=Oop [160]=Oop [168]=Oop [176]=Oop [184]=Oop [192]=Oop [200]=Oop [208]=Oop [216]=Oop [224]=Oop [232]=Oop [240]=Oop [248]=Oop [256]=Oop [264]=Oop [272]=Oop [280]=Oop }
                      ;*invokeinterface next {reexecute=0 rethrow=0 return_oop=1}
                      ; - clojure.lang.AFn::applyToHelper@2939 (line 400)
  0x00007e782b0efd78: 645c 29ff 

  0x00007e782b0efd7c: ;   {post_call_nop}
  0x00007e782b0efd7c: 0f1f 8400 | f40a 0030 | 488b f066 | 9048 b850 | 9f59 c477 

  0x00007e782b0efd90: ;   {virtual_call}
  0x00007e782b0efd90: 7e00 00e8 

  0x00007e782b0efd94: ; ImmutableOopMap {rbp=Oop [136]=Oop [144]=Oop [152]=Oop [160]=Oop [168]=Oop [176]=Oop [184]=Oop [192]=Oop [200]=Oop [208]=Oop [216]=Oop [224]=Oop [232]=Oop [240]=Oop [248]=Oop [256]=Oop [264]=Oop [272]=Oop [280]=Oop }
                      ;*invokeinterface first {reexecute=0 rethrow=0 return_oop=1}
                      ; - clojure.lang.AFn::applyToHelper@2946 (line 400)
  0x00007e782b0efd94: 485c 29ff 

  0x00007e782b0efd98: ;   {post_call_nop}
  0x00007e782b0efd98: 0f1f 8400 | 100b 0031 | 488b b424 | 8800 0000 | 488b d548 | 8b8c 2490 | 0000 004c | 8b84 2498 
  0x00007e782b0efdb8: 0000 004c | 8b8c 24a0 | 0000 0048 | 8bbc 24a8 | 0000 004c | 8b94 24b0 | 0000 004c | 8914 244c 
  0x00007e782b0efdd8: 8b94 24b8 | 0000 004c | 8954 2408 | 4c8b 9424 | c000 0000 | 4c89 5424 | 104c 8b94 | 24c8 0000 
  0x00007e782b0efdf8: 004c 8954 | 2418 4c8b | 9424 d000 | 0000 4c89 | 5424 204c | 8b94 24d8 | 0000 004c | 8954 2428 
  0x00007e782b0efe18: 4c8b 9424 | e000 0000 | 4c89 5424 | 304c 8b94 | 24e8 0000 | 004c 8954 | 2438 4c8b | 9424 f000 
  0x00007e782b0efe38: 0000 4c89 | 5424 404c | 8b94 24f8 | 0000 004c | 8954 2448 | 4c8b 9424 | 0001 0000 | 4c89 5424 
  0x00007e782b0efe58: 504c 8b94 | 2408 0100 | 004c 8954 | 2458 4c8b | 9424 1001 | 0000 4c89 | 5424 604c | 8b94 2418 
  0x00007e782b0efe78: 0100 004c | 8954 2468 | 4889 4424 | 7048 b878 | 9f59 c477 

  0x00007e782b0efe8c: ;   {virtual_call}
  0x00007e782b0efe8c: 7e00 00e8 

  0x00007e782b0efe90: ; ImmutableOopMap {}
                      ;*invokeinterface invoke {reexecute=0 rethrow=0 return_oop=1}
                      ; - clojure.lang.AFn::applyToHelper@2957 (line 381)
  0x00007e782b0efe90: 4c5b 29ff 

  0x00007e782b0efe94: ;   {post_call_nop}
  0x00007e782b0efe94: 0f1f 8400 | 0c0c 0032 | e97b 3c00 | 0048 8bb4 | 2480 0000 | 0048 8bee | 9048 b8a0 | 9f59 c477 
  0x00007e782b0efeb4: ;   {virtual_call}
  0x00007e782b0efeb4: 7e00 00e8 

  0x00007e782b0efeb8: ; ImmutableOopMap {rbp=Oop [128]=Oop [136]=Oop }
                      ;*invokeinterface first {reexecute=0 rethrow=0 return_oop=1}
                      ; - clojure.lang.AFn::applyToHelper@2446 (line 360)
  0x00007e782b0efeb8: 245b 29ff 

  0x00007e782b0efebc: ;   {post_call_nop}
  0x00007e782b0efebc: 0f1f 8400 | 340c 0033 | 488b e848 | 8bb4 2480 | 0000 0066 | 9048 b8c8 | 9f59 c477 

  0x00007e782b0efed8: ;   {virtual_call}
  0x00007e782b0efed8: 7e00 00e8 

  0x00007e782b0efedc: ; ImmutableOopMap {rbp=Oop [136]=Oop }
                      ;*invokeinterface next {reexecute=0 rethrow=0 return_oop=1}
                      ; - clojure.lang.AFn::applyToHelper@2452 (line 361)
  0x00007e782b0efedc: 005b 29ff 

  0x00007e782b0efee0: ;   {post_call_nop}
  0x00007e782b0efee0: 0f1f 8400 | 580c 0034 | 4889 8424 | 8000 0000 | 488b f066 | 9048 b8f0 | 9f59 c477 

  0x00007e782b0efefc: ;   {virtual_call}
  0x00007e782b0efefc: 7e00 00e8 

  0x00007e782b0eff00: ; ImmutableOopMap {rbp=Oop [128]=Oop [136]=Oop }
                      ;*invokeinterface first {reexecute=0 rethrow=0 return_oop=1}
                      ; - clojure.lang.AFn::applyToHelper@2459 (line 361)
  0x00007e782b0eff00: dc5a 29ff 

  0x00007e782b0eff04: ;   {post_call_nop}
  0x00007e782b0eff04: 0f1f 8400 | 7c0c 0035 | 4889 8424 | 9000 0000 | 488b b424 | 8000 0000 | 9048 b818 | a059 c477 
  0x00007e782b0eff24: ;   {virtual_call}
  0x00007e782b0eff24: 7e00 00e8 

  0x00007e782b0eff28: ; ImmutableOopMap {rbp=Oop [136]=Oop [144]=Oop }
                      ;*invokeinterface next {reexecute=0 rethrow=0 return_oop=1}
                      ; - clojure.lang.AFn::applyToHelper@2465 (line 362)
  0x00007e782b0eff28: b45a 29ff 

  0x00007e782b0eff2c: ;   {post_call_nop}
  0x00007e782b0eff2c: 0f1f 8400 | a40c 0036 | 4889 8424 | 8000 0000 | 488b f066 | 9048 b840 | a059 c477 

  0x00007e782b0eff48: ;   {virtual_call}
  0x00007e782b0eff48: 7e00 00e8 

  0x00007e782b0eff4c: ; ImmutableOopMap {rbp=Oop [128]=Oop [136]=Oop [144]=Oop }
                      ;*invokeinterface first {reexecute=0 rethrow=0 return_oop=1}
                      ; - clojure.lang.AFn::applyToHelper@2472 (line 362)
  0x00007e782b0eff4c: 905a 29ff 

  0x00007e782b0eff50: ;   {post_call_nop}
  0x00007e782b0eff50: 0f1f 8400 | c80c 0037 | 4889 8424 | 9800 0000 | 488b b424 | 8000 0000 | 9048 b868 | a059 c477 
  0x00007e782b0eff70: ;   {virtual_call}
  0x00007e782b0eff70: 7e00 00e8 

  0x00007e782b0eff74: ; ImmutableOopMap {rbp=Oop [136]=Oop [144]=Oop [152]=Oop }
                      ;*invokeinterface next {reexecute=0 rethrow=0 return_oop=1}
                      ; - clojure.lang.AFn::applyToHelper@2478 (line 363)
  0x00007e782b0eff74: 685a 29ff 

  0x00007e782b0eff78: ;   {post_call_nop}
  0x00007e782b0eff78: 0f1f 8400 | f00c 0038 | 4889 8424 | 8000 0000 | 488b f066 | 9048 b890 | a059 c477 

  0x00007e782b0eff94: ;   {virtual_call}
  0x00007e782b0eff94: 7e00 00e8 

  0x00007e782b0eff98: ; ImmutableOopMap {rbp=Oop [128]=Oop [136]=Oop [144]=Oop [152]=Oop }
                      ;*invokeinterface first {reexecute=0 rethrow=0 return_oop=1}
                      ; - clojure.lang.AFn::applyToHelper@2485 (line 363)
  0x00007e782b0eff98: 445a 29ff 

  0x00007e782b0eff9c: ;   {post_call_nop}
  0x00007e782b0eff9c: 0f1f 8400 | 140d 0039 | 4889 8424 | a000 0000 | 488b b424 | 8000 0000 | 9048 b8b8 | a059 c477 
  0x00007e782b0effbc: ;   {virtual_call}
  0x00007e782b0effbc: 7e00 00e8 

  0x00007e782b0effc0: ; ImmutableOopMap {rbp=Oop [136]=Oop [144]=Oop [152]=Oop [160]=Oop }
                      ;*invokeinterface next {reexecute=0 rethrow=0 return_oop=1}
                      ; - clojure.lang.AFn::applyToHelper@2491 (line 364)
  0x00007e782b0effc0: 1c5a 29ff 

  0x00007e782b0effc4: ;   {post_call_nop}
  0x00007e782b0effc4: 0f1f 8400 | 3c0d 003a | 4889 8424 | 8000 0000 | 488b f066 | 9048 b8e0 | a059 c477 

  0x00007e782b0effe0: ;   {virtual_call}
  0x00007e782b0effe0: 7e00 00e8 

  0x00007e782b0effe4: ; ImmutableOopMap {rbp=Oop [128]=Oop [136]=Oop [144]=Oop [152]=Oop [160]=Oop }
                      ;*invokeinterface first {reexecute=0 rethrow=0 return_oop=1}
                      ; - clojure.lang.AFn::applyToHelper@2498 (line 364)
  0x00007e782b0effe4: f859 29ff 

  0x00007e782b0effe8: ;   {post_call_nop}
  0x00007e782b0effe8: 0f1f 8400 | 600d 003b | 4889 8424 | a800 0000 | 488b b424 | 8000 0000 | 9048 b808 | a159 c477 
  0x00007e782b0f0008: ;   {virtual_call}
  0x00007e782b0f0008: 7e00 00e8 

  0x00007e782b0f000c: ; ImmutableOopMap {rbp=Oop [136]=Oop [144]=Oop [152]=Oop [160]=Oop [168]=Oop }
                      ;*invokeinterface next {reexecute=0 rethrow=0 return_oop=1}
                      ; - clojure.lang.AFn::applyToHelper@2504 (line 365)
  0x00007e782b0f000c: d059 29ff 

  0x00007e782b0f0010: ;   {post_call_nop}
  0x00007e782b0f0010: 0f1f 8400 | 880d 003c | 4889 8424 | 8000 0000 | 488b f066 | 9048 b830 | a159 c477 

  0x00007e782b0f002c: ;   {virtual_call}
  0x00007e782b0f002c: 7e00 00e8 

  0x00007e782b0f0030: ; ImmutableOopMap {rbp=Oop [128]=Oop [136]=Oop [144]=Oop [152]=Oop [160]=Oop [168]=Oop }
                      ;*invokeinterface first {reexecute=0 rethrow=0 return_oop=1}
                      ; - clojure.lang.AFn::applyToHelper@2511 (line 365)
  0x00007e782b0f0030: ac59 29ff 

  0x00007e782b0f0034: ;   {post_call_nop}
  0x00007e782b0f0034: 0f1f 8400 | ac0d 003d | 4889 8424 | b000 0000 | 488b b424 | 8000 0000 | 9048 b858 | a159 c477 
  0x00007e782b0f0054: ;   {virtual_call}
  0x00007e782b0f0054: 7e00 00e8 

  0x00007e782b0f0058: ; ImmutableOopMap {rbp=Oop [136]=Oop [144]=Oop [152]=Oop [160]=Oop [168]=Oop [176]=Oop }
                      ;*invokeinterface next {reexecute=0 rethrow=0 return_oop=1}
                      ; - clojure.lang.AFn::applyToHelper@2517 (line 366)
  0x00007e782b0f0058: 8459 29ff 

  0x00007e782b0f005c: ;   {post_call_nop}
  0x00007e782b0f005c: 0f1f 8400 | d40d 003e | 4889 8424 | 8000 0000 | 488b f066 | 9048 b880 | a159 c477 

  0x00007e782b0f0078: ;   {virtual_call}
  0x00007e782b0f0078: 7e00 00e8 

  0x00007e782b0f007c: ; ImmutableOopMap {rbp=Oop [128]=Oop [136]=Oop [144]=Oop [152]=Oop [160]=Oop [168]=Oop [176]=Oop }
                      ;*invokeinterface first {reexecute=0 rethrow=0 return_oop=1}
                      ; - clojure.lang.AFn::applyToHelper@2524 (line 366)
  0x00007e782b0f007c: 6059 29ff 

  0x00007e782b0f0080: ;   {post_call_nop}
  0x00007e782b0f0080: 0f1f 8400 | f80d 003f | 4889 8424 | b800 0000 | 488b b424 | 8000 0000 | 9048 b8a8 | a159 c477 
  0x00007e782b0f00a0: ;   {virtual_call}
  0x00007e782b0f00a0: 7e00 00e8 

  0x00007e782b0f00a4: ; ImmutableOopMap {rbp=Oop [136]=Oop [144]=Oop [152]=Oop [160]=Oop [168]=Oop [176]=Oop [184]=Oop }
                      ;*invokeinterface next {reexecute=0 rethrow=0 return_oop=1}
                      ; - clojure.lang.AFn::applyToHelper@2530 (line 367)
  0x00007e782b0f00a4: 3859 29ff 

  0x00007e782b0f00a8: ;   {post_call_nop}
  0x00007e782b0f00a8: 0f1f 8400 | 200e 0040 | 4889 8424 | 8000 0000 | 488b f066 | 9048 b8d0 | a159 c477 

  0x00007e782b0f00c4: ;   {virtual_call}
  0x00007e782b0f00c4: 7e00 00e8 

  0x00007e782b0f00c8: ; ImmutableOopMap {rbp=Oop [128]=Oop [136]=Oop [144]=Oop [152]=Oop [160]=Oop [168]=Oop [176]=Oop [184]=Oop }
                      ;*invokeinterface first {reexecute=0 rethrow=0 return_oop=1}
                      ; - clojure.lang.AFn::applyToHelper@2537 (line 367)
  0x00007e782b0f00c8: 1459 29ff 

  0x00007e782b0f00cc: ;   {post_call_nop}
  0x00007e782b0f00cc: 0f1f 8400 | 440e 0041 | 4889 8424 | c000 0000 | 488b b424 | 8000 0000 | 9048 b8f8 | a159 c477 
  0x00007e782b0f00ec: ;   {virtual_call}
  0x00007e782b0f00ec: 7e00 00e8 

  0x00007e782b0f00f0: ; ImmutableOopMap {rbp=Oop [136]=Oop [144]=Oop [152]=Oop [160]=Oop [168]=Oop [176]=Oop [184]=Oop [192]=Oop }
                      ;*invokeinterface next {reexecute=0 rethrow=0 return_oop=1}
                      ; - clojure.lang.AFn::applyToHelper@2543 (line 368)
  0x00007e782b0f00f0: ec58 29ff 

  0x00007e782b0f00f4: ;   {post_call_nop}
  0x00007e782b0f00f4: 0f1f 8400 | 6c0e 0042 | 4889 8424 | 8000 0000 | 488b f066 | 9048 b820 | a259 c477 

  0x00007e782b0f0110: ;   {virtual_call}
  0x00007e782b0f0110: 7e00 00e8 

  0x00007e782b0f0114: ; ImmutableOopMap {rbp=Oop [128]=Oop [136]=Oop [144]=Oop [152]=Oop [160]=Oop [168]=Oop [176]=Oop [184]=Oop [192]=Oop }
                      ;*invokeinterface first {reexecute=0 rethrow=0 return_oop=1}
                      ; - clojure.lang.AFn::applyToHelper@2550 (line 368)
  0x00007e782b0f0114: c858 29ff 

  0x00007e782b0f0118: ;   {post_call_nop}
  0x00007e782b0f0118: 0f1f 8400 | 900e 0043 | 4889 8424 | c800 0000 | 488b b424 | 8000 0000 | 9048 b848 | a259 c477 
  0x00007e782b0f0138: ;   {virtual_call}
  0x00007e782b0f0138: 7e00 00e8 

  0x00007e782b0f013c: ; ImmutableOopMap {rbp=Oop [136]=Oop [144]=Oop [152]=Oop [160]=Oop [168]=Oop [176]=Oop [184]=Oop [192]=Oop [200]=Oop }
                      ;*invokeinterface next {reexecute=0 rethrow=0 return_oop=1}
                      ; - clojure.lang.AFn::applyToHelper@2556 (line 369)
  0x00007e782b0f013c: a058 29ff 

  0x00007e782b0f0140: ;   {post_call_nop}
  0x00007e782b0f0140: 0f1f 8400 | b80e 0044 | 4889 8424 | 8000 0000 | 488b f066 | 9048 b870 | a259 c477 

  0x00007e782b0f015c: ;   {virtual_call}
  0x00007e782b0f015c: 7e00 00e8 

  0x00007e782b0f0160: ; ImmutableOopMap {rbp=Oop [128]=Oop [136]=Oop [144]=Oop [152]=Oop [160]=Oop [168]=Oop [176]=Oop [184]=Oop [192]=Oop [200]=Oop }
                      ;*invokeinterface first {reexecute=0 rethrow=0 return_oop=1}
                      ; - clojure.lang.AFn::applyToHelper@2563 (line 369)
  0x00007e782b0f0160: 7c58 29ff 

  0x00007e782b0f0164: ;   {post_call_nop}
  0x00007e782b0f0164: 0f1f 8400 | dc0e 0045 | 4889 8424 | d000 0000 | 488b b424 | 8000 0000 | 9048 b898 | a259 c477 
  0x00007e782b0f0184: ;   {virtual_call}
  0x00007e782b0f0184: 7e00 00e8 

  0x00007e782b0f0188: ; ImmutableOopMap {rbp=Oop [136]=Oop [144]=Oop [152]=Oop [160]=Oop [168]=Oop [176]=Oop [184]=Oop [192]=Oop [200]=Oop [208]=Oop }
                      ;*invokeinterface next {reexecute=0 rethrow=0 return_oop=1}
                      ; - clojure.lang.AFn::applyToHelper@2569 (line 370)
  0x00007e782b0f0188: 5458 29ff 

  0x00007e782b0f018c: ;   {post_call_nop}
  0x00007e782b0f018c: 0f1f 8400 | 040f 0046 | 4889 8424 | 8000 0000 | 488b f066 | 9048 b8c0 | a259 c477 

  0x00007e782b0f01a8: ;   {virtual_call}
  0x00007e782b0f01a8: 7e00 00e8 

  0x00007e782b0f01ac: ; ImmutableOopMap {rbp=Oop [128]=Oop [136]=Oop [144]=Oop [152]=Oop [160]=Oop [168]=Oop [176]=Oop [184]=Oop [192]=Oop [200]=Oop [208]=Oop }
                      ;*invokeinterface first {reexecute=0 rethrow=0 return_oop=1}
                      ; - clojure.lang.AFn::applyToHelper@2576 (line 370)
  0x00007e782b0f01ac: 3058 29ff 

  0x00007e782b0f01b0: ;   {post_call_nop}
  0x00007e782b0f01b0: 0f1f 8400 | 280f 0047 | 4889 8424 | d800 0000 | 488b b424 | 8000 0000 | 9048 b8e8 | a259 c477 
  0x00007e782b0f01d0: ;   {virtual_call}
  0x00007e782b0f01d0: 7e00 00e8 

  0x00007e782b0f01d4: ; ImmutableOopMap {rbp=Oop [136]=Oop [144]=Oop [152]=Oop [160]=Oop [168]=Oop [176]=Oop [184]=Oop [192]=Oop [200]=Oop [208]=Oop [216]=Oop }
                      ;*invokeinterface next {reexecute=0 rethrow=0 return_oop=1}
                      ; - clojure.lang.AFn::applyToHelper@2582 (line 371)
  0x00007e782b0f01d4: 0858 29ff 

  0x00007e782b0f01d8: ;   {post_call_nop}
  0x00007e782b0f01d8: 0f1f 8400 | 500f 0048 | 4889 8424 | 8000 0000 | 488b f066 | 9048 b810 | a359 c477 

  0x00007e782b0f01f4: ;   {virtual_call}
  0x00007e782b0f01f4: 7e00 00e8 

  0x00007e782b0f01f8: ; ImmutableOopMap {rbp=Oop [128]=Oop [136]=Oop [144]=Oop [152]=Oop [160]=Oop [168]=Oop [176]=Oop [184]=Oop [192]=Oop [200]=Oop [208]=Oop [216]=Oop }
                      ;*invokeinterface first {reexecute=0 rethrow=0 return_oop=1}
                      ; - clojure.lang.AFn::applyToHelper@2589 (line 371)
  0x00007e782b0f01f8: e457 29ff 

  0x00007e782b0f01fc: ;   {post_call_nop}
  0x00007e782b0f01fc: 0f1f 8400 | 740f 0049 | 4889 8424 | e000 0000 | 488b b424 | 8000 0000 | 9048 b838 | a359 c477 
  0x00007e782b0f021c: ;   {virtual_call}
  0x00007e782b0f021c: 7e00 00e8 

  0x00007e782b0f0220: ; ImmutableOopMap {rbp=Oop [136]=Oop [144]=Oop [152]=Oop [160]=Oop [168]=Oop [176]=Oop [184]=Oop [192]=Oop [200]=Oop [208]=Oop [216]=Oop [224]=Oop }
                      ;*invokeinterface next {reexecute=0 rethrow=0 return_oop=1}
                      ; - clojure.lang.AFn::applyToHelper@2595 (line 372)
  0x00007e782b0f0220: bc57 29ff 

  0x00007e782b0f0224: ;   {post_call_nop}
  0x00007e782b0f0224: 0f1f 8400 | 9c0f 004a | 4889 8424 | 8000 0000 | 488b f066 | 9048 b860 | a359 c477 

  0x00007e782b0f0240: ;   {virtual_call}
  0x00007e782b0f0240: 7e00 00e8 

  0x00007e782b0f0244: ; ImmutableOopMap {rbp=Oop [128]=Oop [136]=Oop [144]=Oop [152]=Oop [160]=Oop [168]=Oop [176]=Oop [184]=Oop [192]=Oop [200]=Oop [208]=Oop [216]=Oop [224]=Oop }
                      ;*invokeinterface first {reexecute=0 rethrow=0 return_oop=1}
                      ; - clojure.lang.AFn::applyToHelper@2602 (line 372)
  0x00007e782b0f0244: 9857 29ff 

  0x00007e782b0f0248: ;   {post_call_nop}
  0x00007e782b0f0248: 0f1f 8400 | c00f 004b | 4889 8424 | e800 0000 | 488b b424 | 8000 0000 | 9048 b888 | a359 c477 
  0x00007e782b0f0268: ;   {virtual_call}
  0x00007e782b0f0268: 7e00 00e8 

  0x00007e782b0f026c: ; ImmutableOopMap {rbp=Oop [136]=Oop [144]=Oop [152]=Oop [160]=Oop [168]=Oop [176]=Oop [184]=Oop [192]=Oop [200]=Oop [208]=Oop [216]=Oop [224]=Oop [232]=Oop }
                      ;*invokeinterface next {reexecute=0 rethrow=0 return_oop=1}
                      ; - clojure.lang.AFn::applyToHelper@2608 (line 373)
  0x00007e782b0f026c: 7057 29ff 

  0x00007e782b0f0270: ;   {post_call_nop}
  0x00007e782b0f0270: 0f1f 8400 | e80f 004c | 4889 8424 | 8000 0000 | 488b f066 | 9048 b8b0 | a359 c477 

  0x00007e782b0f028c: ;   {virtual_call}
  0x00007e782b0f028c: 7e00 00e8 

  0x00007e782b0f0290: ; ImmutableOopMap {rbp=Oop [128]=Oop [136]=Oop [144]=Oop [152]=Oop [160]=Oop [168]=Oop [176]=Oop [184]=Oop [192]=Oop [200]=Oop [208]=Oop [216]=Oop [224]=Oop [232]=Oop }
                      ;*invokeinterface first {reexecute=0 rethrow=0 return_oop=1}
                      ; - clojure.lang.AFn::applyToHelper@2615 (line 373)
  0x00007e782b0f0290: 4c57 29ff 

  0x00007e782b0f0294: ;   {post_call_nop}
  0x00007e782b0f0294: 0f1f 8400 | 0c10 004d | 4889 8424 | f000 0000 | 488b b424 | 8000 0000 | 9048 b8d8 | a359 c477 
  0x00007e782b0f02b4: ;   {virtual_call}
  0x00007e782b0f02b4: 7e00 00e8 

  0x00007e782b0f02b8: ; ImmutableOopMap {rbp=Oop [136]=Oop [144]=Oop [152]=Oop [160]=Oop [168]=Oop [176]=Oop [184]=Oop [192]=Oop [200]=Oop [208]=Oop [216]=Oop [224]=Oop [232]=Oop [240]=Oop }
                      ;*invokeinterface next {reexecute=0 rethrow=0 return_oop=1}
                      ; - clojure.lang.AFn::applyToHelper@2621 (line 374)
  0x00007e782b0f02b8: 2457 29ff 

  0x00007e782b0f02bc: ;   {post_call_nop}
  0x00007e782b0f02bc: 0f1f 8400 | 3410 004e | 4889 8424 | 8000 0000 | 488b f066 | 9048 b800 | a459 c477 

  0x00007e782b0f02d8: ;   {virtual_call}
  0x00007e782b0f02d8: 7e00 00e8 

  0x00007e782b0f02dc: ; ImmutableOopMap {rbp=Oop [128]=Oop [136]=Oop [144]=Oop [152]=Oop [160]=Oop [168]=Oop [176]=Oop [184]=Oop [192]=Oop [200]=Oop [208]=Oop [216]=Oop [224]=Oop [232]=Oop [240]=Oop }
                      ;*invokeinterface first {reexecute=0 rethrow=0 return_oop=1}
                      ; - clojure.lang.AFn::applyToHelper@2628 (line 374)
  0x00007e782b0f02dc: 0057 29ff 

  0x00007e782b0f02e0: ;   {post_call_nop}
  0x00007e782b0f02e0: 0f1f 8400 | 5810 004f | 4889 8424 | f800 0000 | 488b b424 | 8000 0000 | 9048 b828 | a459 c477 
  0x00007e782b0f0300: ;   {virtual_call}
  0x00007e782b0f0300: 7e00 00e8 

  0x00007e782b0f0304: ; ImmutableOopMap {rbp=Oop [136]=Oop [144]=Oop [152]=Oop [160]=Oop [168]=Oop [176]=Oop [184]=Oop [192]=Oop [200]=Oop [208]=Oop [216]=Oop [224]=Oop [232]=Oop [240]=Oop [248]=Oop }
                      ;*invokeinterface next {reexecute=0 rethrow=0 return_oop=1}
                      ; - clojure.lang.AFn::applyToHelper@2634 (line 375)
  0x00007e782b0f0304: d856 29ff 

  0x00007e782b0f0308: ;   {post_call_nop}
  0x00007e782b0f0308: 0f1f 8400 | 8010 0050 | 4889 8424 | 8000 0000 | 488b f066 | 9048 b850 | a459 c477 

  0x00007e782b0f0324: ;   {virtual_call}
  0x00007e782b0f0324: 7e00 00e8 

  0x00007e782b0f0328: ; ImmutableOopMap {rbp=Oop [128]=Oop [136]=Oop [144]=Oop [152]=Oop [160]=Oop [168]=Oop [176]=Oop [184]=Oop [192]=Oop [200]=Oop [208]=Oop [216]=Oop [224]=Oop [232]=Oop [240]=Oop [248]=Oop }
                      ;*invokeinterface first {reexecute=0 rethrow=0 return_oop=1}
                      ; - clojure.lang.AFn::applyToHelper@2641 (line 375)
  0x00007e782b0f0328: b456 29ff 

  0x00007e782b0f032c: ;   {post_call_nop}
  0x00007e782b0f032c: 0f1f 8400 | a410 0051 | 4889 8424 | 0001 0000 | 488b b424 | 8000 0000 | 9048 b878 | a459 c477 
  0x00007e782b0f034c: ;   {virtual_call}
  0x00007e782b0f034c: 7e00 00e8 

  0x00007e782b0f0350: ; ImmutableOopMap {rbp=Oop [136]=Oop [144]=Oop [152]=Oop [160]=Oop [168]=Oop [176]=Oop [184]=Oop [192]=Oop [200]=Oop [208]=Oop [216]=Oop [224]=Oop [232]=Oop [240]=Oop [248]=Oop [256]=Oop }
                      ;*invokeinterface next {reexecute=0 rethrow=0 return_oop=1}
                      ; - clojure.lang.AFn::applyToHelper@2647 (line 376)
  0x00007e782b0f0350: 8c56 29ff 

  0x00007e782b0f0354: ;   {post_call_nop}
  0x00007e782b0f0354: 0f1f 8400 | cc10 0052 | 4889 8424 | 8000 0000 | 488b f066 | 9048 b8a0 | a459 c477 

  0x00007e782b0f0370: ;   {virtual_call}
  0x00007e782b0f0370: 7e00 00e8 

  0x00007e782b0f0374: ; ImmutableOopMap {rbp=Oop [128]=Oop [136]=Oop [144]=Oop [152]=Oop [160]=Oop [168]=Oop [176]=Oop [184]=Oop [192]=Oop [200]=Oop [208]=Oop [216]=Oop [224]=Oop [232]=Oop [240]=Oop [248]=Oop [256]=Oop }
                      ;*invokeinterface first {reexecute=0 rethrow=0 return_oop=1}
                      ; - clojure.lang.AFn::applyToHelper@2654 (line 376)
  0x00007e782b0f0374: 6856 29ff 

  0x00007e782b0f0378: ;   {post_call_nop}
  0x00007e782b0f0378: 0f1f 8400 | f010 0053 | 4889 8424 | 0801 0000 | 488b b424 | 8000 0000 | 9048 b8c8 | a459 c477 
  0x00007e782b0f0398: ;   {virtual_call}
  0x00007e782b0f0398: 7e00 00e8 

  0x00007e782b0f039c: ; ImmutableOopMap {rbp=Oop [136]=Oop [144]=Oop [152]=Oop [160]=Oop [168]=Oop [176]=Oop [184]=Oop [192]=Oop [200]=Oop [208]=Oop [216]=Oop [224]=Oop [232]=Oop [240]=Oop [248]=Oop [256]=Oop [264]=Oop }
                      ;*invokeinterface next {reexecute=0 rethrow=0 return_oop=1}
                      ; - clojure.lang.AFn::applyToHelper@2660 (line 377)
  0x00007e782b0f039c: 4056 29ff 

  0x00007e782b0f03a0: ;   {post_call_nop}
  0x00007e782b0f03a0: 0f1f 8400 | 1811 0054 | 4889 8424 | 8000 0000 | 488b f066 | 9048 b8f0 | a459 c477 

  0x00007e782b0f03bc: ;   {virtual_call}
  0x00007e782b0f03bc: 7e00 00e8 

  0x00007e782b0f03c0: ; ImmutableOopMap {rbp=Oop [128]=Oop [136]=Oop [144]=Oop [152]=Oop [160]=Oop [168]=Oop [176]=Oop [184]=Oop [192]=Oop [200]=Oop [208]=Oop [216]=Oop [224]=Oop [232]=Oop [240]=Oop [248]=Oop [256]=Oop [264]=Oop }
                      ;*invokeinterface first {reexecute=0 rethrow=0 return_oop=1}
                      ; - clojure.lang.AFn::applyToHelper@2667 (line 377)
  0x00007e782b0f03c0: 1c56 29ff 

  0x00007e782b0f03c4: ;   {post_call_nop}
  0x00007e782b0f03c4: 0f1f 8400 | 3c11 0055 | 4889 8424 | 1001 0000 | 488b b424 | 8000 0000 | 9048 b818 | a559 c477 
  0x00007e782b0f03e4: ;   {virtual_call}
  0x00007e782b0f03e4: 7e00 00e8 

  0x00007e782b0f03e8: ; ImmutableOopMap {rbp=Oop [136]=Oop [144]=Oop [152]=Oop [160]=Oop [168]=Oop [176]=Oop [184]=Oop [192]=Oop [200]=Oop [208]=Oop [216]=Oop [224]=Oop [232]=Oop [240]=Oop [248]=Oop [256]=Oop [264]=Oop [272]=Oop }
                      ;*invokeinterface next {reexecute=0 rethrow=0 return_oop=1}
                      ; - clojure.lang.AFn::applyToHelper@2673 (line 378)
  0x00007e782b0f03e8: f455 29ff 

  0x00007e782b0f03ec: ;   {post_call_nop}
  0x00007e782b0f03ec: 0f1f 8400 | 6411 0056 | 488b f066 | 9048 b840 | a559 c477 

  0x00007e782b0f0400: ;   {virtual_call}
  0x00007e782b0f0400: 7e00 00e8 

  0x00007e782b0f0404: ; ImmutableOopMap {rbp=Oop [136]=Oop [144]=Oop [152]=Oop [160]=Oop [168]=Oop [176]=Oop [184]=Oop [192]=Oop [200]=Oop [208]=Oop [216]=Oop [224]=Oop [232]=Oop [240]=Oop [248]=Oop [256]=Oop [264]=Oop [272]=Oop }
                      ;*invokeinterface first {reexecute=0 rethrow=0 return_oop=1}
                      ; - clojure.lang.AFn::applyToHelper@2680 (line 378)
  0x00007e782b0f0404: d855 29ff 

  0x00007e782b0f0408: ;   {post_call_nop}
  0x00007e782b0f0408: 0f1f 8400 | 8011 0057 | 488b b424 | 8800 0000 | 488b d548 | 8b8c 2490 | 0000 004c | 8b84 2498 
  0x00007e782b0f0428: 0000 004c | 8b8c 24a0 | 0000 0048 | 8bbc 24a8 | 0000 004c | 8b94 24b0 | 0000 004c | 8914 244c 
  0x00007e782b0f0448: 8b94 24b8 | 0000 004c | 8954 2408 | 4c8b 9424 | c000 0000 | 4c89 5424 | 104c 8b94 | 24c8 0000 
  0x00007e782b0f0468: 004c 8954 | 2418 4c8b | 9424 d000 | 0000 4c89 | 5424 204c | 8b94 24d8 | 0000 004c | 8954 2428 
  0x00007e782b0f0488: 4c8b 9424 | e000 0000 | 4c89 5424 | 304c 8b94 | 24e8 0000 | 004c 8954 | 2438 4c8b | 9424 f000 
  0x00007e782b0f04a8: 0000 4c89 | 5424 404c | 8b94 24f8 | 0000 004c | 8954 2448 | 4c8b 9424 | 0001 0000 | 4c89 5424 
  0x00007e782b0f04c8: 504c 8b94 | 2408 0100 | 004c 8954 | 2458 4c8b | 9424 1001 | 0000 4c89 | 5424 6048 | 8944 2468 
  0x00007e782b0f04e8: 9048 b868 | a559 c477 

  0x00007e782b0f04f0: ;   {virtual_call}
  0x00007e782b0f04f0: 7e00 00e8 

  0x00007e782b0f04f4: ; ImmutableOopMap {}
                      ;*invokeinterface invoke {reexecute=0 rethrow=0 return_oop=1}
                      ; - clojure.lang.AFn::applyToHelper@2691 (line 360)
  0x00007e782b0f04f4: e854 29ff 

  0x00007e782b0f04f8: ;   {post_call_nop}
  0x00007e782b0f04f8: 0f1f 8400 | 7012 0058 | e917 3600 | 0048 8bb4 | 2480 0000 | 0048 8bee | 9048 b890 | a559 c477 
  0x00007e782b0f0518: ;   {virtual_call}
  0x00007e782b0f0518: 7e00 00e8 

  0x00007e782b0f051c: ; ImmutableOopMap {rbp=Oop [128]=Oop [136]=Oop }
                      ;*invokeinterface first {reexecute=0 rethrow=0 return_oop=1}
                      ; - clojure.lang.AFn::applyToHelper@2206 (line 340)
  0x00007e782b0f051c: c054 29ff 

  0x00007e782b0f0520: ;   {post_call_nop}
  0x00007e782b0f0520: 0f1f 8400 | 9812 0059 | 488b e848 | 8bb4 2480 | 0000 0066 | 9048 b8b8 | a559 c477 

  0x00007e782b0f053c: ;   {virtual_call}
  0x00007e782b0f053c: 7e00 00e8 

  0x00007e782b0f0540: ; ImmutableOopMap {rbp=Oop [136]=Oop }
                      ;*invokeinterface next {reexecute=0 rethrow=0 return_oop=1}
                      ; - clojure.lang.AFn::applyToHelper@2212 (line 341)
  0x00007e782b0f0540: 9c54 29ff 

  0x00007e782b0f0544: ;   {post_call_nop}
  0x00007e782b0f0544: 0f1f 8400 | bc12 005a | 4889 8424 | 8000 0000 | 488b f066 | 9048 b8e0 | a559 c477 

  0x00007e782b0f0560: ;   {virtual_call}
  0x00007e782b0f0560: 7e00 00e8 

  0x00007e782b0f0564: ; ImmutableOopMap {rbp=Oop [128]=Oop [136]=Oop }
                      ;*invokeinterface first {reexecute=0 rethrow=0 return_oop=1}
                      ; - clojure.lang.AFn::applyToHelper@2219 (line 341)
  0x00007e782b0f0564: 7854 29ff 

  0x00007e782b0f0568: ;   {post_call_nop}
  0x00007e782b0f0568: 0f1f 8400 | e012 005b | 4889 8424 | 9000 0000 | 488b b424 | 8000 0000 | 9048 b808 | a659 c477 
  0x00007e782b0f0588: ;   {virtual_call}
  0x00007e782b0f0588: 7e00 00e8 

  0x00007e782b0f058c: ; ImmutableOopMap {rbp=Oop [136]=Oop [144]=Oop }
                      ;*invokeinterface next {reexecute=0 rethrow=0 return_oop=1}
                      ; - clojure.lang.AFn::applyToHelper@2225 (line 342)
  0x00007e782b0f058c: 5054 29ff 

  0x00007e782b0f0590: ;   {post_call_nop}
  0x00007e782b0f0590: 0f1f 8400 | 0813 005c | 4889 8424 | 8000 0000 | 488b f066 | 9048 b830 | a659 c477 

  0x00007e782b0f05ac: ;   {virtual_call}
  0x00007e782b0f05ac: 7e00 00e8 

  0x00007e782b0f05b0: ; ImmutableOopMap {rbp=Oop [128]=Oop [136]=Oop [144]=Oop }
                      ;*invokeinterface first {reexecute=0 rethrow=0 return_oop=1}
                      ; - clojure.lang.AFn::applyToHelper@2232 (line 342)
  0x00007e782b0f05b0: 2c54 29ff 

  0x00007e782b0f05b4: ;   {post_call_nop}
  0x00007e782b0f05b4: 0f1f 8400 | 2c13 005d | 4889 8424 | 9800 0000 | 488b b424 | 8000 0000 | 9048 b858 | a659 c477 
  0x00007e782b0f05d4: ;   {virtual_call}
  0x00007e782b0f05d4: 7e00 00e8 

  0x00007e782b0f05d8: ; ImmutableOopMap {rbp=Oop [136]=Oop [144]=Oop [152]=Oop }
                      ;*invokeinterface next {reexecute=0 rethrow=0 return_oop=1}
                      ; - clojure.lang.AFn::applyToHelper@2238 (line 343)
  0x00007e782b0f05d8: 0454 29ff 

  0x00007e782b0f05dc: ;   {post_call_nop}
  0x00007e782b0f05dc: 0f1f 8400 | 5413 005e | 4889 8424 | 8000 0000 | 488b f066 | 9048 b880 | a659 c477 

  0x00007e782b0f05f8: ;   {virtual_call}
  0x00007e782b0f05f8: 7e00 00e8 

  0x00007e782b0f05fc: ; ImmutableOopMap {rbp=Oop [128]=Oop [136]=Oop [144]=Oop [152]=Oop }
                      ;*invokeinterface first {reexecute=0 rethrow=0 return_oop=1}
                      ; - clojure.lang.AFn::applyToHelper@2245 (line 343)
  0x00007e782b0f05fc: e053 29ff 

  0x00007e782b0f0600: ;   {post_call_nop}
  0x00007e782b0f0600: 0f1f 8400 | 7813 005f | 4889 8424 | a000 0000 | 488b b424 | 8000 0000 | 9048 b8a8 | a659 c477 
  0x00007e782b0f0620: ;   {virtual_call}
  0x00007e782b0f0620: 7e00 00e8 

  0x00007e782b0f0624: ; ImmutableOopMap {rbp=Oop [136]=Oop [144]=Oop [152]=Oop [160]=Oop }
                      ;*invokeinterface next {reexecute=0 rethrow=0 return_oop=1}
                      ; - clojure.lang.AFn::applyToHelper@2251 (line 344)
  0x00007e782b0f0624: b853 29ff 

  0x00007e782b0f0628: ;   {post_call_nop}
  0x00007e782b0f0628: 0f1f 8400 | a013 0060 | 4889 8424 | 8000 0000 | 488b f066 | 9048 b8d0 | a659 c477 

  0x00007e782b0f0644: ;   {virtual_call}
  0x00007e782b0f0644: 7e00 00e8 

  0x00007e782b0f0648: ; ImmutableOopMap {rbp=Oop [128]=Oop [136]=Oop [144]=Oop [152]=Oop [160]=Oop }
                      ;*invokeinterface first {reexecute=0 rethrow=0 return_oop=1}
                      ; - clojure.lang.AFn::applyToHelper@2258 (line 344)
  0x00007e782b0f0648: 9453 29ff 

  0x00007e782b0f064c: ;   {post_call_nop}
  0x00007e782b0f064c: 0f1f 8400 | c413 0061 | 4889 8424 | a800 0000 | 488b b424 | 8000 0000 | 9048 b8f8 | a659 c477 
  0x00007e782b0f066c: ;   {virtual_call}
  0x00007e782b0f066c: 7e00 00e8 

  0x00007e782b0f0670: ; ImmutableOopMap {rbp=Oop [136]=Oop [144]=Oop [152]=Oop [160]=Oop [168]=Oop }
                      ;*invokeinterface next {reexecute=0 rethrow=0 return_oop=1}
                      ; - clojure.lang.AFn::applyToHelper@2264 (line 345)
  0x00007e782b0f0670: 6c53 29ff 

  0x00007e782b0f0674: ;   {post_call_nop}
  0x00007e782b0f0674: 0f1f 8400 | ec13 0062 | 4889 8424 | 8000 0000 | 488b f066 | 9048 b820 | a759 c477 

  0x00007e782b0f0690: ;   {virtual_call}
  0x00007e782b0f0690: 7e00 00e8 

  0x00007e782b0f0694: ; ImmutableOopMap {rbp=Oop [128]=Oop [136]=Oop [144]=Oop [152]=Oop [160]=Oop [168]=Oop }
                      ;*invokeinterface first {reexecute=0 rethrow=0 return_oop=1}
                      ; - clojure.lang.AFn::applyToHelper@2271 (line 345)
  0x00007e782b0f0694: 4853 29ff 

  0x00007e782b0f0698: ;   {post_call_nop}
  0x00007e782b0f0698: 0f1f 8400 | 1014 0063 | 4889 8424 | b000 0000 | 488b b424 | 8000 0000 | 9048 b848 | a759 c477 
  0x00007e782b0f06b8: ;   {virtual_call}
  0x00007e782b0f06b8: 7e00 00e8 

  0x00007e782b0f06bc: ; ImmutableOopMap {rbp=Oop [136]=Oop [144]=Oop [152]=Oop [160]=Oop [168]=Oop [176]=Oop }
                      ;*invokeinterface next {reexecute=0 rethrow=0 return_oop=1}
                      ; - clojure.lang.AFn::applyToHelper@2277 (line 346)
  0x00007e782b0f06bc: 2053 29ff 

  0x00007e782b0f06c0: ;   {post_call_nop}
  0x00007e782b0f06c0: 0f1f 8400 | 3814 0064 | 4889 8424 | 8000 0000 | 488b f066 | 9048 b870 | a759 c477 

  0x00007e782b0f06dc: ;   {virtual_call}
  0x00007e782b0f06dc: 7e00 00e8 

  0x00007e782b0f06e0: ; ImmutableOopMap {rbp=Oop [128]=Oop [136]=Oop [144]=Oop [152]=Oop [160]=Oop [168]=Oop [176]=Oop }
                      ;*invokeinterface first {reexecute=0 rethrow=0 return_oop=1}
                      ; - clojure.lang.AFn::applyToHelper@2284 (line 346)
  0x00007e782b0f06e0: fc52 29ff 

  0x00007e782b0f06e4: ;   {post_call_nop}
  0x00007e782b0f06e4: 0f1f 8400 | 5c14 0065 | 4889 8424 | b800 0000 | 488b b424 | 8000 0000 | 9048 b898 | a759 c477 
  0x00007e782b0f0704: ;   {virtual_call}
  0x00007e782b0f0704: 7e00 00e8 

  0x00007e782b0f0708: ; ImmutableOopMap {rbp=Oop [136]=Oop [144]=Oop [152]=Oop [160]=Oop [168]=Oop [176]=Oop [184]=Oop }
                      ;*invokeinterface next {reexecute=0 rethrow=0 return_oop=1}
                      ; - clojure.lang.AFn::applyToHelper@2290 (line 347)
  0x00007e782b0f0708: d452 29ff 

  0x00007e782b0f070c: ;   {post_call_nop}
  0x00007e782b0f070c: 0f1f 8400 | 8414 0066 | 4889 8424 | 8000 0000 | 488b f066 | 9048 b8c0 | a759 c477 

  0x00007e782b0f0728: ;   {virtual_call}
  0x00007e782b0f0728: 7e00 00e8 

  0x00007e782b0f072c: ; ImmutableOopMap {rbp=Oop [128]=Oop [136]=Oop [144]=Oop [152]=Oop [160]=Oop [168]=Oop [176]=Oop [184]=Oop }
                      ;*invokeinterface first {reexecute=0 rethrow=0 return_oop=1}
                      ; - clojure.lang.AFn::applyToHelper@2297 (line 347)
  0x00007e782b0f072c: b052 29ff 

  0x00007e782b0f0730: ;   {post_call_nop}
  0x00007e782b0f0730: 0f1f 8400 | a814 0067 | 4889 8424 | c000 0000 | 488b b424 | 8000 0000 | 9048 b8e8 | a759 c477 
  0x00007e782b0f0750: ;   {virtual_call}
  0x00007e782b0f0750: 7e00 00e8 

  0x00007e782b0f0754: ; ImmutableOopMap {rbp=Oop [136]=Oop [144]=Oop [152]=Oop [160]=Oop [168]=Oop [176]=Oop [184]=Oop [192]=Oop }
                      ;*invokeinterface next {reexecute=0 rethrow=0 return_oop=1}
                      ; - clojure.lang.AFn::applyToHelper@2303 (line 348)
  0x00007e782b0f0754: 8852 29ff 

  0x00007e782b0f0758: ;   {post_call_nop}
  0x00007e782b0f0758: 0f1f 8400 | d014 0068 | 4889 8424 | 8000 0000 | 488b f066 | 9048 b810 | a859 c477 

  0x00007e782b0f0774: ;   {virtual_call}
  0x00007e782b0f0774: 7e00 00e8 

  0x00007e782b0f0778: ; ImmutableOopMap {rbp=Oop [128]=Oop [136]=Oop [144]=Oop [152]=Oop [160]=Oop [168]=Oop [176]=Oop [184]=Oop [192]=Oop }
                      ;*invokeinterface first {reexecute=0 rethrow=0 return_oop=1}
                      ; - clojure.lang.AFn::applyToHelper@2310 (line 348)
  0x00007e782b0f0778: 6452 29ff 

  0x00007e782b0f077c: ;   {post_call_nop}
  0x00007e782b0f077c: 0f1f 8400 | f414 0069 | 4889 8424 | c800 0000 | 488b b424 | 8000 0000 | 9048 b838 | a859 c477 
  0x00007e782b0f079c: ;   {virtual_call}
  0x00007e782b0f079c: 7e00 00e8 

  0x00007e782b0f07a0: ; ImmutableOopMap {rbp=Oop [136]=Oop [144]=Oop [152]=Oop [160]=Oop [168]=Oop [176]=Oop [184]=Oop [192]=Oop [200]=Oop }
                      ;*invokeinterface next {reexecute=0 rethrow=0 return_oop=1}
                      ; - clojure.lang.AFn::applyToHelper@2316 (line 349)
  0x00007e782b0f07a0: 3c52 29ff 

  0x00007e782b0f07a4: ;   {post_call_nop}
  0x00007e782b0f07a4: 0f1f 8400 | 1c15 006a | 4889 8424 | 8000 0000 | 488b f066 | 9048 b860 | a859 c477 

  0x00007e782b0f07c0: ;   {virtual_call}
  0x00007e782b0f07c0: 7e00 00e8 

  0x00007e782b0f07c4: ; ImmutableOopMap {rbp=Oop [128]=Oop [136]=Oop [144]=Oop [152]=Oop [160]=Oop [168]=Oop [176]=Oop [184]=Oop [192]=Oop [200]=Oop }
                      ;*invokeinterface first {reexecute=0 rethrow=0 return_oop=1}
                      ; - clojure.lang.AFn::applyToHelper@2323 (line 349)
  0x00007e782b0f07c4: 1852 29ff 

  0x00007e782b0f07c8: ;   {post_call_nop}
  0x00007e782b0f07c8: 0f1f 8400 | 4015 006b | 4889 8424 | d000 0000 | 488b b424 | 8000 0000 | 9048 b888 | a859 c477 
  0x00007e782b0f07e8: ;   {virtual_call}
  0x00007e782b0f07e8: 7e00 00e8 

  0x00007e782b0f07ec: ; ImmutableOopMap {rbp=Oop [136]=Oop [144]=Oop [152]=Oop [160]=Oop [168]=Oop [176]=Oop [184]=Oop [192]=Oop [200]=Oop [208]=Oop }
                      ;*invokeinterface next {reexecute=0 rethrow=0 return_oop=1}
                      ; - clojure.lang.AFn::applyToHelper@2329 (line 350)
  0x00007e782b0f07ec: f051 29ff 

  0x00007e782b0f07f0: ;   {post_call_nop}
  0x00007e782b0f07f0: 0f1f 8400 | 6815 006c | 4889 8424 | 8000 0000 | 488b f066 | 9048 b8b0 | a859 c477 

  0x00007e782b0f080c: ;   {virtual_call}
  0x00007e782b0f080c: 7e00 00e8 

  0x00007e782b0f0810: ; ImmutableOopMap {rbp=Oop [128]=Oop [136]=Oop [144]=Oop [152]=Oop [160]=Oop [168]=Oop [176]=Oop [184]=Oop [192]=Oop [200]=Oop [208]=Oop }
                      ;*invokeinterface first {reexecute=0 rethrow=0 return_oop=1}
                      ; - clojure.lang.AFn::applyToHelper@2336 (line 350)
  0x00007e782b0f0810: cc51 29ff 

  0x00007e782b0f0814: ;   {post_call_nop}
  0x00007e782b0f0814: 0f1f 8400 | 8c15 006d | 4889 8424 | d800 0000 | 488b b424 | 8000 0000 | 9048 b8d8 | a859 c477 
  0x00007e782b0f0834: ;   {virtual_call}
  0x00007e782b0f0834: 7e00 00e8 

  0x00007e782b0f0838: ; ImmutableOopMap {rbp=Oop [136]=Oop [144]=Oop [152]=Oop [160]=Oop [168]=Oop [176]=Oop [184]=Oop [192]=Oop [200]=Oop [208]=Oop [216]=Oop }
                      ;*invokeinterface next {reexecute=0 rethrow=0 return_oop=1}
                      ; - clojure.lang.AFn::applyToHelper@2342 (line 351)
  0x00007e782b0f0838: a451 29ff 

  0x00007e782b0f083c: ;   {post_call_nop}
  0x00007e782b0f083c: 0f1f 8400 | b415 006e | 4889 8424 | 8000 0000 | 488b f066 | 9048 b800 | a959 c477 

  0x00007e782b0f0858: ;   {virtual_call}
  0x00007e782b0f0858: 7e00 00e8 

  0x00007e782b0f085c: ; ImmutableOopMap {rbp=Oop [128]=Oop [136]=Oop [144]=Oop [152]=Oop [160]=Oop [168]=Oop [176]=Oop [184]=Oop [192]=Oop [200]=Oop [208]=Oop [216]=Oop }
                      ;*invokeinterface first {reexecute=0 rethrow=0 return_oop=1}
                      ; - clojure.lang.AFn::applyToHelper@2349 (line 351)
  0x00007e782b0f085c: 8051 29ff 

  0x00007e782b0f0860: ;   {post_call_nop}
  0x00007e782b0f0860: 0f1f 8400 | d815 006f | 4889 8424 | e000 0000 | 488b b424 | 8000 0000 | 9048 b828 | a959 c477 
  0x00007e782b0f0880: ;   {virtual_call}
  0x00007e782b0f0880: 7e00 00e8 

  0x00007e782b0f0884: ; ImmutableOopMap {rbp=Oop [136]=Oop [144]=Oop [152]=Oop [160]=Oop [168]=Oop [176]=Oop [184]=Oop [192]=Oop [200]=Oop [208]=Oop [216]=Oop [224]=Oop }
                      ;*invokeinterface next {reexecute=0 rethrow=0 return_oop=1}
                      ; - clojure.lang.AFn::applyToHelper@2355 (line 352)
  0x00007e782b0f0884: 5851 29ff 

  0x00007e782b0f0888: ;   {post_call_nop}
  0x00007e782b0f0888: 0f1f 8400 | 0016 0070 | 4889 8424 | 8000 0000 | 488b f066 | 9048 b850 | a959 c477 

  0x00007e782b0f08a4: ;   {virtual_call}
  0x00007e782b0f08a4: 7e00 00e8 

  0x00007e782b0f08a8: ; ImmutableOopMap {rbp=Oop [128]=Oop [136]=Oop [144]=Oop [152]=Oop [160]=Oop [168]=Oop [176]=Oop [184]=Oop [192]=Oop [200]=Oop [208]=Oop [216]=Oop [224]=Oop }
                      ;*invokeinterface first {reexecute=0 rethrow=0 return_oop=1}
                      ; - clojure.lang.AFn::applyToHelper@2362 (line 352)
  0x00007e782b0f08a8: 3451 29ff 

  0x00007e782b0f08ac: ;   {post_call_nop}
  0x00007e782b0f08ac: 0f1f 8400 | 2416 0071 | 4889 8424 | e800 0000 | 488b b424 | 8000 0000 | 9048 b878 | a959 c477 
  0x00007e782b0f08cc: ;   {virtual_call}
  0x00007e782b0f08cc: 7e00 00e8 

  0x00007e782b0f08d0: ; ImmutableOopMap {rbp=Oop [136]=Oop [144]=Oop [152]=Oop [160]=Oop [168]=Oop [176]=Oop [184]=Oop [192]=Oop [200]=Oop [208]=Oop [216]=Oop [224]=Oop [232]=Oop }
                      ;*invokeinterface next {reexecute=0 rethrow=0 return_oop=1}
                      ; - clojure.lang.AFn::applyToHelper@2368 (line 353)
  0x00007e782b0f08d0: 0c51 29ff 

  0x00007e782b0f08d4: ;   {post_call_nop}
  0x00007e782b0f08d4: 0f1f 8400 | 4c16 0072 | 4889 8424 | 8000 0000 | 488b f066 | 9048 b8a0 | a959 c477 

  0x00007e782b0f08f0: ;   {virtual_call}
  0x00007e782b0f08f0: 7e00 00e8 

  0x00007e782b0f08f4: ; ImmutableOopMap {rbp=Oop [128]=Oop [136]=Oop [144]=Oop [152]=Oop [160]=Oop [168]=Oop [176]=Oop [184]=Oop [192]=Oop [200]=Oop [208]=Oop [216]=Oop [224]=Oop [232]=Oop }
                      ;*invokeinterface first {reexecute=0 rethrow=0 return_oop=1}
                      ; - clojure.lang.AFn::applyToHelper@2375 (line 353)
  0x00007e782b0f08f4: e850 29ff 

  0x00007e782b0f08f8: ;   {post_call_nop}
  0x00007e782b0f08f8: 0f1f 8400 | 7016 0073 | 4889 8424 | f000 0000 | 488b b424 | 8000 0000 | 9048 b8c8 | a959 c477 
  0x00007e782b0f0918: ;   {virtual_call}
  0x00007e782b0f0918: 7e00 00e8 

  0x00007e782b0f091c: ; ImmutableOopMap {rbp=Oop [136]=Oop [144]=Oop [152]=Oop [160]=Oop [168]=Oop [176]=Oop [184]=Oop [192]=Oop [200]=Oop [208]=Oop [216]=Oop [224]=Oop [232]=Oop [240]=Oop }
                      ;*invokeinterface next {reexecute=0 rethrow=0 return_oop=1}
                      ; - clojure.lang.AFn::applyToHelper@2381 (line 354)
  0x00007e782b0f091c: c050 29ff 

  0x00007e782b0f0920: ;   {post_call_nop}
  0x00007e782b0f0920: 0f1f 8400 | 9816 0074 | 4889 8424 | 8000 0000 | 488b f066 | 9048 b8f0 | a959 c477 

  0x00007e782b0f093c: ;   {virtual_call}
  0x00007e782b0f093c: 7e00 00e8 

  0x00007e782b0f0940: ; ImmutableOopMap {rbp=Oop [128]=Oop [136]=Oop [144]=Oop [152]=Oop [160]=Oop [168]=Oop [176]=Oop [184]=Oop [192]=Oop [200]=Oop [208]=Oop [216]=Oop [224]=Oop [232]=Oop [240]=Oop }
                      ;*invokeinterface first {reexecute=0 rethrow=0 return_oop=1}
                      ; - clojure.lang.AFn::applyToHelper@2388 (line 354)
  0x00007e782b0f0940: 9c50 29ff 

  0x00007e782b0f0944: ;   {post_call_nop}
  0x00007e782b0f0944: 0f1f 8400 | bc16 0075 | 4889 8424 | f800 0000 | 488b b424 | 8000 0000 | 9048 b818 | aa59 c477 
  0x00007e782b0f0964: ;   {virtual_call}
  0x00007e782b0f0964: 7e00 00e8 

  0x00007e782b0f0968: ; ImmutableOopMap {rbp=Oop [136]=Oop [144]=Oop [152]=Oop [160]=Oop [168]=Oop [176]=Oop [184]=Oop [192]=Oop [200]=Oop [208]=Oop [216]=Oop [224]=Oop [232]=Oop [240]=Oop [248]=Oop }
                      ;*invokeinterface next {reexecute=0 rethrow=0 return_oop=1}
                      ; - clojure.lang.AFn::applyToHelper@2394 (line 355)
  0x00007e782b0f0968: 7450 29ff 

  0x00007e782b0f096c: ;   {post_call_nop}
  0x00007e782b0f096c: 0f1f 8400 | e416 0076 | 4889 8424 | 8000 0000 | 488b f066 | 9048 b840 | aa59 c477 

  0x00007e782b0f0988: ;   {virtual_call}
  0x00007e782b0f0988: 7e00 00e8 

  0x00007e782b0f098c: ; ImmutableOopMap {rbp=Oop [128]=Oop [136]=Oop [144]=Oop [152]=Oop [160]=Oop [168]=Oop [176]=Oop [184]=Oop [192]=Oop [200]=Oop [208]=Oop [216]=Oop [224]=Oop [232]=Oop [240]=Oop [248]=Oop }
                      ;*invokeinterface first {reexecute=0 rethrow=0 return_oop=1}
                      ; - clojure.lang.AFn::applyToHelper@2401 (line 355)
  0x00007e782b0f098c: 5050 29ff 

  0x00007e782b0f0990: ;   {post_call_nop}
  0x00007e782b0f0990: 0f1f 8400 | 0817 0077 | 4889 8424 | 0001 0000 | 488b b424 | 8000 0000 | 9048 b868 | aa59 c477 
  0x00007e782b0f09b0: ;   {virtual_call}
  0x00007e782b0f09b0: 7e00 00e8 

  0x00007e782b0f09b4: ; ImmutableOopMap {rbp=Oop [136]=Oop [144]=Oop [152]=Oop [160]=Oop [168]=Oop [176]=Oop [184]=Oop [192]=Oop [200]=Oop [208]=Oop [216]=Oop [224]=Oop [232]=Oop [240]=Oop [248]=Oop [256]=Oop }
                      ;*invokeinterface next {reexecute=0 rethrow=0 return_oop=1}
                      ; - clojure.lang.AFn::applyToHelper@2407 (line 356)
  0x00007e782b0f09b4: 2850 29ff 

  0x00007e782b0f09b8: ;   {post_call_nop}
  0x00007e782b0f09b8: 0f1f 8400 | 3017 0078 | 4889 8424 | 8000 0000 | 488b f066 | 9048 b890 | aa59 c477 

  0x00007e782b0f09d4: ;   {virtual_call}
  0x00007e782b0f09d4: 7e00 00e8 

  0x00007e782b0f09d8: ; ImmutableOopMap {rbp=Oop [128]=Oop [136]=Oop [144]=Oop [152]=Oop [160]=Oop [168]=Oop [176]=Oop [184]=Oop [192]=Oop [200]=Oop [208]=Oop [216]=Oop [224]=Oop [232]=Oop [240]=Oop [248]=Oop [256]=Oop }
                      ;*invokeinterface first {reexecute=0 rethrow=0 return_oop=1}
                      ; - clojure.lang.AFn::applyToHelper@2414 (line 356)
  0x00007e782b0f09d8: 0450 29ff 

  0x00007e782b0f09dc: ;   {post_call_nop}
  0x00007e782b0f09dc: 0f1f 8400 | 5417 0079 | 4889 8424 | 0801 0000 | 488b b424 | 8000 0000 | 9048 b8b8 | aa59 c477 
  0x00007e782b0f09fc: ;   {virtual_call}
  0x00007e782b0f09fc: 7e00 00e8 

  0x00007e782b0f0a00: ; ImmutableOopMap {rbp=Oop [136]=Oop [144]=Oop [152]=Oop [160]=Oop [168]=Oop [176]=Oop [184]=Oop [192]=Oop [200]=Oop [208]=Oop [216]=Oop [224]=Oop [232]=Oop [240]=Oop [248]=Oop [256]=Oop [264]=Oop }
                      ;*invokeinterface next {reexecute=0 rethrow=0 return_oop=1}
                      ; - clojure.lang.AFn::applyToHelper@2420 (line 357)
  0x00007e782b0f0a00: dc4f 29ff 

  0x00007e782b0f0a04: ;   {post_call_nop}
  0x00007e782b0f0a04: 0f1f 8400 | 7c17 007a | 488b f066 | 9048 b8e0 | aa59 c477 

  0x00007e782b0f0a18: ;   {virtual_call}
  0x00007e782b0f0a18: 7e00 00e8 

  0x00007e782b0f0a1c: ; ImmutableOopMap {rbp=Oop [136]=Oop [144]=Oop [152]=Oop [160]=Oop [168]=Oop [176]=Oop [184]=Oop [192]=Oop [200]=Oop [208]=Oop [216]=Oop [224]=Oop [232]=Oop [240]=Oop [248]=Oop [256]=Oop [264]=Oop }
                      ;*invokeinterface first {reexecute=0 rethrow=0 return_oop=1}
                      ; - clojure.lang.AFn::applyToHelper@2427 (line 357)
  0x00007e782b0f0a1c: c04f 29ff 

  0x00007e782b0f0a20: ;   {post_call_nop}
  0x00007e782b0f0a20: 0f1f 8400 | 9817 007b | 488b b424 | 8800 0000 | 488b d548 | 8b8c 2490 | 0000 004c | 8b84 2498 
  0x00007e782b0f0a40: 0000 004c | 8b8c 24a0 | 0000 0048 | 8bbc 24a8 | 0000 004c | 8b94 24b0 | 0000 004c | 8914 244c 
  0x00007e782b0f0a60: 8b94 24b8 | 0000 004c | 8954 2408 | 4c8b 9424 | c000 0000 | 4c89 5424 | 104c 8b94 | 24c8 0000 
  0x00007e782b0f0a80: 004c 8954 | 2418 4c8b | 9424 d000 | 0000 4c89 | 5424 204c | 8b94 24d8 | 0000 004c | 8954 2428 
  0x00007e782b0f0aa0: 4c8b 9424 | e000 0000 | 4c89 5424 | 304c 8b94 | 24e8 0000 | 004c 8954 | 2438 4c8b | 9424 f000 
  0x00007e782b0f0ac0: 0000 4c89 | 5424 404c | 8b94 24f8 | 0000 004c | 8954 2448 | 4c8b 9424 | 0001 0000 | 4c89 5424 
  0x00007e782b0f0ae0: 504c 8b94 | 2408 0100 | 004c 8954 | 2458 4889 | 4424 6066 | 9048 b808 | ab59 c477 

  0x00007e782b0f0afc: ;   {virtual_call}
  0x00007e782b0f0afc: 7e00 00e8 

  0x00007e782b0f0b00: ; ImmutableOopMap {}
                      ;*invokeinterface invoke {reexecute=0 rethrow=0 return_oop=1}
                      ; - clojure.lang.AFn::applyToHelper@2438 (line 340)
  0x00007e782b0f0b00: dc4e 29ff 

  0x00007e782b0f0b04: ;   {post_call_nop}
  0x00007e782b0f0b04: 0f1f 8400 | 7c18 007c | e90b 3000 | 0048 8bb4 | 2480 0000 | 0048 8bee | 9048 b830 | ab59 c477 
  0x00007e782b0f0b24: ;   {virtual_call}
  0x00007e782b0f0b24: 7e00 00e8 

  0x00007e782b0f0b28: ; ImmutableOopMap {rbp=Oop [128]=Oop [136]=Oop }
                      ;*invokeinterface first {reexecute=0 rethrow=0 return_oop=1}
                      ; - clojure.lang.AFn::applyToHelper@1979 (line 321)
  0x00007e782b0f0b28: b44e 29ff 

  0x00007e782b0f0b2c: ;   {post_call_nop}
  0x00007e782b0f0b2c: 0f1f 8400 | a418 007d | 488b e848 | 8bb4 2480 | 0000 0066 | 9048 b858 | ab59 c477 

  0x00007e782b0f0b48: ;   {virtual_call}
  0x00007e782b0f0b48: 7e00 00e8 

  0x00007e782b0f0b4c: ; ImmutableOopMap {rbp=Oop [136]=Oop }
                      ;*invokeinterface next {reexecute=0 rethrow=0 return_oop=1}
                      ; - clojure.lang.AFn::applyToHelper@1985 (line 322)
  0x00007e782b0f0b4c: 904e 29ff 

  0x00007e782b0f0b50: ;   {post_call_nop}
  0x00007e782b0f0b50: 0f1f 8400 | c818 007e | 4889 8424 | 8000 0000 | 488b f066 | 9048 b880 | ab59 c477 

  0x00007e782b0f0b6c: ;   {virtual_call}
  0x00007e782b0f0b6c: 7e00 00e8 

  0x00007e782b0f0b70: ; ImmutableOopMap {rbp=Oop [128]=Oop [136]=Oop }
                      ;*invokeinterface first {reexecute=0 rethrow=0 return_oop=1}
                      ; - clojure.lang.AFn::applyToHelper@1992 (line 322)
  0x00007e782b0f0b70: 6c4e 29ff 

  0x00007e782b0f0b74: ;   {post_call_nop}
  0x00007e782b0f0b74: 0f1f 8400 | ec18 007f | 4889 8424 | 9000 0000 | 488b b424 | 8000 0000 | 9048 b8a8 | ab59 c477 
  0x00007e782b0f0b94: ;   {virtual_call}
  0x00007e782b0f0b94: 7e00 00e8 

  0x00007e782b0f0b98: ; ImmutableOopMap {rbp=Oop [136]=Oop [144]=Oop }
                      ;*invokeinterface next {reexecute=0 rethrow=0 return_oop=1}
                      ; - clojure.lang.AFn::applyToHelper@1998 (line 323)
  0x00007e782b0f0b98: 444e 29ff 

  0x00007e782b0f0b9c: ;   {post_call_nop}
  0x00007e782b0f0b9c: 0f1f 8400 | 1419 0080 | 4889 8424 | 8000 0000 | 488b f066 | 9048 b8d0 | ab59 c477 

  0x00007e782b0f0bb8: ;   {virtual_call}
  0x00007e782b0f0bb8: 7e00 00e8 

  0x00007e782b0f0bbc: ; ImmutableOopMap {rbp=Oop [128]=Oop [136]=Oop [144]=Oop }
                      ;*invokeinterface first {reexecute=0 rethrow=0 return_oop=1}
                      ; - clojure.lang.AFn::applyToHelper@2005 (line 323)
  0x00007e782b0f0bbc: 204e 29ff 

  0x00007e782b0f0bc0: ;   {post_call_nop}
  0x00007e782b0f0bc0: 0f1f 8400 | 3819 0081 | 4889 8424 | 9800 0000 | 488b b424 | 8000 0000 | 9048 b8f8 | ab59 c477 
  0x00007e782b0f0be0: ;   {virtual_call}
  0x00007e782b0f0be0: 7e00 00e8 

  0x00007e782b0f0be4: ; ImmutableOopMap {rbp=Oop [136]=Oop [144]=Oop [152]=Oop }
                      ;*invokeinterface next {reexecute=0 rethrow=0 return_oop=1}
                      ; - clojure.lang.AFn::applyToHelper@2011 (line 324)
  0x00007e782b0f0be4: f84d 29ff 

  0x00007e782b0f0be8: ;   {post_call_nop}
  0x00007e782b0f0be8: 0f1f 8400 | 6019 0082 | 4889 8424 | 8000 0000 | 488b f066 | 9048 b820 | ac59 c477 

  0x00007e782b0f0c04: ;   {virtual_call}
  0x00007e782b0f0c04: 7e00 00e8 

  0x00007e782b0f0c08: ; ImmutableOopMap {rbp=Oop [128]=Oop [136]=Oop [144]=Oop [152]=Oop }
                      ;*invokeinterface first {reexecute=0 rethrow=0 return_oop=1}
                      ; - clojure.lang.AFn::applyToHelper@2018 (line 324)
  0x00007e782b0f0c08: d44d 29ff 

  0x00007e782b0f0c0c: ;   {post_call_nop}
  0x00007e782b0f0c0c: 0f1f 8400 | 8419 0083 | 4889 8424 | a000 0000 | 488b b424 | 8000 0000 | 9048 b848 | ac59 c477 
  0x00007e782b0f0c2c: ;   {virtual_call}
  0x00007e782b0f0c2c: 7e00 00e8 

  0x00007e782b0f0c30: ; ImmutableOopMap {rbp=Oop [136]=Oop [144]=Oop [152]=Oop [160]=Oop }
                      ;*invokeinterface next {reexecute=0 rethrow=0 return_oop=1}
                      ; - clojure.lang.AFn::applyToHelper@2024 (line 325)
  0x00007e782b0f0c30: ac4d 29ff 

  0x00007e782b0f0c34: ;   {post_call_nop}
  0x00007e782b0f0c34: 0f1f 8400 | ac19 0084 | 4889 8424 | 8000 0000 | 488b f066 | 9048 b870 | ac59 c477 

  0x00007e782b0f0c50: ;   {virtual_call}
  0x00007e782b0f0c50: 7e00 00e8 

  0x00007e782b0f0c54: ; ImmutableOopMap {rbp=Oop [128]=Oop [136]=Oop [144]=Oop [152]=Oop [160]=Oop }
                      ;*invokeinterface first {reexecute=0 rethrow=0 return_oop=1}
                      ; - clojure.lang.AFn::applyToHelper@2031 (line 325)
  0x00007e782b0f0c54: 884d 29ff 

  0x00007e782b0f0c58: ;   {post_call_nop}
  0x00007e782b0f0c58: 0f1f 8400 | d019 0085 | 4889 8424 | a800 0000 | 488b b424 | 8000 0000 | 9048 b898 | ac59 c477 
  0x00007e782b0f0c78: ;   {virtual_call}
  0x00007e782b0f0c78: 7e00 00e8 

  0x00007e782b0f0c7c: ; ImmutableOopMap {rbp=Oop [136]=Oop [144]=Oop [152]=Oop [160]=Oop [168]=Oop }
                      ;*invokeinterface next {reexecute=0 rethrow=0 return_oop=1}
                      ; - clojure.lang.AFn::applyToHelper@2037 (line 326)
  0x00007e782b0f0c7c: 604d 29ff 

  0x00007e782b0f0c80: ;   {post_call_nop}
  0x00007e782b0f0c80: 0f1f 8400 | f819 0086 | 4889 8424 | 8000 0000 | 488b f066 | 9048 b8c0 | ac59 c477 

  0x00007e782b0f0c9c: ;   {virtual_call}
  0x00007e782b0f0c9c: 7e00 00e8 

  0x00007e782b0f0ca0: ; ImmutableOopMap {rbp=Oop [128]=Oop [136]=Oop [144]=Oop [152]=Oop [160]=Oop [168]=Oop }
                      ;*invokeinterface first {reexecute=0 rethrow=0 return_oop=1}
                      ; - clojure.lang.AFn::applyToHelper@2044 (line 326)
  0x00007e782b0f0ca0: 3c4d 29ff 

  0x00007e782b0f0ca4: ;   {post_call_nop}
  0x00007e782b0f0ca4: 0f1f 8400 | 1c1a 0087 | 4889 8424 | b000 0000 | 488b b424 | 8000 0000 | 9048 b8e8 | ac59 c477 
  0x00007e782b0f0cc4: ;   {virtual_call}
  0x00007e782b0f0cc4: 7e00 00e8 

  0x00007e782b0f0cc8: ; ImmutableOopMap {rbp=Oop [136]=Oop [144]=Oop [152]=Oop [160]=Oop [168]=Oop [176]=Oop }
                      ;*invokeinterface next {reexecute=0 rethrow=0 return_oop=1}
                      ; - clojure.lang.AFn::applyToHelper@2050 (line 327)
  0x00007e782b0f0cc8: 144d 29ff 

  0x00007e782b0f0ccc: ;   {post_call_nop}
  0x00007e782b0f0ccc: 0f1f 8400 | 441a 0088 | 4889 8424 | 8000 0000 | 488b f066 | 9048 b810 | ad59 c477 

  0x00007e782b0f0ce8: ;   {virtual_call}
  0x00007e782b0f0ce8: 7e00 00e8 

  0x00007e782b0f0cec: ; ImmutableOopMap {rbp=Oop [128]=Oop [136]=Oop [144]=Oop [152]=Oop [160]=Oop [168]=Oop [176]=Oop }
                      ;*invokeinterface first {reexecute=0 rethrow=0 return_oop=1}
                      ; - clojure.lang.AFn::applyToHelper@2057 (line 327)
  0x00007e782b0f0cec: f04c 29ff 

  0x00007e782b0f0cf0: ;   {post_call_nop}
  0x00007e782b0f0cf0: 0f1f 8400 | 681a 0089 | 4889 8424 | b800 0000 | 488b b424 | 8000 0000 | 9048 b838 | ad59 c477 
  0x00007e782b0f0d10: ;   {virtual_call}
  0x00007e782b0f0d10: 7e00 00e8 

  0x00007e782b0f0d14: ; ImmutableOopMap {rbp=Oop [136]=Oop [144]=Oop [152]=Oop [160]=Oop [168]=Oop [176]=Oop [184]=Oop }
                      ;*invokeinterface next {reexecute=0 rethrow=0 return_oop=1}
                      ; - clojure.lang.AFn::applyToHelper@2063 (line 328)
  0x00007e782b0f0d14: c84c 29ff 

  0x00007e782b0f0d18: ;   {post_call_nop}
  0x00007e782b0f0d18: 0f1f 8400 | 901a 008a | 4889 8424 | 8000 0000 | 488b f066 | 9048 b860 | ad59 c477 

  0x00007e782b0f0d34: ;   {virtual_call}
  0x00007e782b0f0d34: 7e00 00e8 

  0x00007e782b0f0d38: ; ImmutableOopMap {rbp=Oop [128]=Oop [136]=Oop [144]=Oop [152]=Oop [160]=Oop [168]=Oop [176]=Oop [184]=Oop }
                      ;*invokeinterface first {reexecute=0 rethrow=0 return_oop=1}
                      ; - clojure.lang.AFn::applyToHelper@2070 (line 328)
  0x00007e782b0f0d38: a44c 29ff 

  0x00007e782b0f0d3c: ;   {post_call_nop}
  0x00007e782b0f0d3c: 0f1f 8400 | b41a 008b | 4889 8424 | c000 0000 | 488b b424 | 8000 0000 | 9048 b888 | ad59 c477 
  0x00007e782b0f0d5c: ;   {virtual_call}
  0x00007e782b0f0d5c: 7e00 00e8 

  0x00007e782b0f0d60: ; ImmutableOopMap {rbp=Oop [136]=Oop [144]=Oop [152]=Oop [160]=Oop [168]=Oop [176]=Oop [184]=Oop [192]=Oop }
                      ;*invokeinterface next {reexecute=0 rethrow=0 return_oop=1}
                      ; - clojure.lang.AFn::applyToHelper@2076 (line 329)
  0x00007e782b0f0d60: 7c4c 29ff 

  0x00007e782b0f0d64: ;   {post_call_nop}
  0x00007e782b0f0d64: 0f1f 8400 | dc1a 008c | 4889 8424 | 8000 0000 | 488b f066 | 9048 b8b0 | ad59 c477 

  0x00007e782b0f0d80: ;   {virtual_call}
  0x00007e782b0f0d80: 7e00 00e8 

  0x00007e782b0f0d84: ; ImmutableOopMap {rbp=Oop [128]=Oop [136]=Oop [144]=Oop [152]=Oop [160]=Oop [168]=Oop [176]=Oop [184]=Oop [192]=Oop }
                      ;*invokeinterface first {reexecute=0 rethrow=0 return_oop=1}
                      ; - clojure.lang.AFn::applyToHelper@2083 (line 329)
  0x00007e782b0f0d84: 584c 29ff 

  0x00007e782b0f0d88: ;   {post_call_nop}
  0x00007e782b0f0d88: 0f1f 8400 | 001b 008d | 4889 8424 | c800 0000 | 488b b424 | 8000 0000 | 9048 b8d8 | ad59 c477 
  0x00007e782b0f0da8: ;   {virtual_call}
  0x00007e782b0f0da8: 7e00 00e8 

  0x00007e782b0f0dac: ; ImmutableOopMap {rbp=Oop [136]=Oop [144]=Oop [152]=Oop [160]=Oop [168]=Oop [176]=Oop [184]=Oop [192]=Oop [200]=Oop }
                      ;*invokeinterface next {reexecute=0 rethrow=0 return_oop=1}
                      ; - clojure.lang.AFn::applyToHelper@2089 (line 330)
  0x00007e782b0f0dac: 304c 29ff 

  0x00007e782b0f0db0: ;   {post_call_nop}
  0x00007e782b0f0db0: 0f1f 8400 | 281b 008e | 4889 8424 | 8000 0000 | 488b f066 | 9048 b800 | ae59 c477 

  0x00007e782b0f0dcc: ;   {virtual_call}
  0x00007e782b0f0dcc: 7e00 00e8 

  0x00007e782b0f0dd0: ; ImmutableOopMap {rbp=Oop [128]=Oop [136]=Oop [144]=Oop [152]=Oop [160]=Oop [168]=Oop [176]=Oop [184]=Oop [192]=Oop [200]=Oop }
                      ;*invokeinterface first {reexecute=0 rethrow=0 return_oop=1}
                      ; - clojure.lang.AFn::applyToHelper@2096 (line 330)
  0x00007e782b0f0dd0: 0c4c 29ff 

  0x00007e782b0f0dd4: ;   {post_call_nop}
  0x00007e782b0f0dd4: 0f1f 8400 | 4c1b 008f | 4889 8424 | d000 0000 | 488b b424 | 8000 0000 | 9048 b828 | ae59 c477 
  0x00007e782b0f0df4: ;   {virtual_call}
  0x00007e782b0f0df4: 7e00 00e8 

  0x00007e782b0f0df8: ; ImmutableOopMap {rbp=Oop [136]=Oop [144]=Oop [152]=Oop [160]=Oop [168]=Oop [176]=Oop [184]=Oop [192]=Oop [200]=Oop [208]=Oop }
                      ;*invokeinterface next {reexecute=0 rethrow=0 return_oop=1}
                      ; - clojure.lang.AFn::applyToHelper@2102 (line 331)
  0x00007e782b0f0df8: e44b 29ff 

  0x00007e782b0f0dfc: ;   {post_call_nop}
  0x00007e782b0f0dfc: 0f1f 8400 | 741b 0090 | 4889 8424 | 8000 0000 | 488b f066 | 9048 b850 | ae59 c477 

  0x00007e782b0f0e18: ;   {virtual_call}
  0x00007e782b0f0e18: 7e00 00e8 

  0x00007e782b0f0e1c: ; ImmutableOopMap {rbp=Oop [128]=Oop [136]=Oop [144]=Oop [152]=Oop [160]=Oop [168]=Oop [176]=Oop [184]=Oop [192]=Oop [200]=Oop [208]=Oop }
                      ;*invokeinterface first {reexecute=0 rethrow=0 return_oop=1}
                      ; - clojure.lang.AFn::applyToHelper@2109 (line 331)
  0x00007e782b0f0e1c: c04b 29ff 

  0x00007e782b0f0e20: ;   {post_call_nop}
  0x00007e782b0f0e20: 0f1f 8400 | 981b 0091 | 4889 8424 | d800 0000 | 488b b424 | 8000 0000 | 9048 b878 | ae59 c477 
  0x00007e782b0f0e40: ;   {virtual_call}
  0x00007e782b0f0e40: 7e00 00e8 

  0x00007e782b0f0e44: ; ImmutableOopMap {rbp=Oop [136]=Oop [144]=Oop [152]=Oop [160]=Oop [168]=Oop [176]=Oop [184]=Oop [192]=Oop [200]=Oop [208]=Oop [216]=Oop }
                      ;*invokeinterface next {reexecute=0 rethrow=0 return_oop=1}
                      ; - clojure.lang.AFn::applyToHelper@2115 (line 332)
  0x00007e782b0f0e44: 984b 29ff 

  0x00007e782b0f0e48: ;   {post_call_nop}
  0x00007e782b0f0e48: 0f1f 8400 | c01b 0092 | 4889 8424 | 8000 0000 | 488b f066 | 9048 b8a0 | ae59 c477 

  0x00007e782b0f0e64: ;   {virtual_call}
  0x00007e782b0f0e64: 7e00 00e8 

  0x00007e782b0f0e68: ; ImmutableOopMap {rbp=Oop [128]=Oop [136]=Oop [144]=Oop [152]=Oop [160]=Oop [168]=Oop [176]=Oop [184]=Oop [192]=Oop [200]=Oop [208]=Oop [216]=Oop }
                      ;*invokeinterface first {reexecute=0 rethrow=0 return_oop=1}
                      ; - clojure.lang.AFn::applyToHelper@2122 (line 332)
  0x00007e782b0f0e68: 744b 29ff 

  0x00007e782b0f0e6c: ;   {post_call_nop}
  0x00007e782b0f0e6c: 0f1f 8400 | e41b 0093 | 4889 8424 | e000 0000 | 488b b424 | 8000 0000 | 9048 b8c8 | ae59 c477 
  0x00007e782b0f0e8c: ;   {virtual_call}
  0x00007e782b0f0e8c: 7e00 00e8 

  0x00007e782b0f0e90: ; ImmutableOopMap {rbp=Oop [136]=Oop [144]=Oop [152]=Oop [160]=Oop [168]=Oop [176]=Oop [184]=Oop [192]=Oop [200]=Oop [208]=Oop [216]=Oop [224]=Oop }
                      ;*invokeinterface next {reexecute=0 rethrow=0 return_oop=1}
                      ; - clojure.lang.AFn::applyToHelper@2128 (line 333)
  0x00007e782b0f0e90: 4c4b 29ff 

  0x00007e782b0f0e94: ;   {post_call_nop}
  0x00007e782b0f0e94: 0f1f 8400 | 0c1c 0094 | 4889 8424 | 8000 0000 | 488b f066 | 9048 b8f0 | ae59 c477 

  0x00007e782b0f0eb0: ;   {virtual_call}
  0x00007e782b0f0eb0: 7e00 00e8 

  0x00007e782b0f0eb4: ; ImmutableOopMap {rbp=Oop [128]=Oop [136]=Oop [144]=Oop [152]=Oop [160]=Oop [168]=Oop [176]=Oop [184]=Oop [192]=Oop [200]=Oop [208]=Oop [216]=Oop [224]=Oop }
                      ;*invokeinterface first {reexecute=0 rethrow=0 return_oop=1}
                      ; - clojure.lang.AFn::applyToHelper@2135 (line 333)
  0x00007e782b0f0eb4: 284b 29ff 

  0x00007e782b0f0eb8: ;   {post_call_nop}
  0x00007e782b0f0eb8: 0f1f 8400 | 301c 0095 | 4889 8424 | e800 0000 | 488b b424 | 8000 0000 | 9048 b818 | af59 c477 
  0x00007e782b0f0ed8: ;   {virtual_call}
  0x00007e782b0f0ed8: 7e00 00e8 

  0x00007e782b0f0edc: ; ImmutableOopMap {rbp=Oop [136]=Oop [144]=Oop [152]=Oop [160]=Oop [168]=Oop [176]=Oop [184]=Oop [192]=Oop [200]=Oop [208]=Oop [216]=Oop [224]=Oop [232]=Oop }
                      ;*invokeinterface next {reexecute=0 rethrow=0 return_oop=1}
                      ; - clojure.lang.AFn::applyToHelper@2141 (line 334)
  0x00007e782b0f0edc: 004b 29ff 

  0x00007e782b0f0ee0: ;   {post_call_nop}
  0x00007e782b0f0ee0: 0f1f 8400 | 581c 0096 | 4889 8424 | 8000 0000 | 488b f066 | 9048 b840 | af59 c477 

  0x00007e782b0f0efc: ;   {virtual_call}
  0x00007e782b0f0efc: 7e00 00e8 

  0x00007e782b0f0f00: ; ImmutableOopMap {rbp=Oop [128]=Oop [136]=Oop [144]=Oop [152]=Oop [160]=Oop [168]=Oop [176]=Oop [184]=Oop [192]=Oop [200]=Oop [208]=Oop [216]=Oop [224]=Oop [232]=Oop }
                      ;*invokeinterface first {reexecute=0 rethrow=0 return_oop=1}
                      ; - clojure.lang.AFn::applyToHelper@2148 (line 334)
  0x00007e782b0f0f00: dc4a 29ff 

  0x00007e782b0f0f04: ;   {post_call_nop}
  0x00007e782b0f0f04: 0f1f 8400 | 7c1c 0097 | 4889 8424 | f000 0000 | 488b b424 | 8000 0000 | 9048 b868 | af59 c477 
  0x00007e782b0f0f24: ;   {virtual_call}
  0x00007e782b0f0f24: 7e00 00e8 

  0x00007e782b0f0f28: ; ImmutableOopMap {rbp=Oop [136]=Oop [144]=Oop [152]=Oop [160]=Oop [168]=Oop [176]=Oop [184]=Oop [192]=Oop [200]=Oop [208]=Oop [216]=Oop [224]=Oop [232]=Oop [240]=Oop }
                      ;*invokeinterface next {reexecute=0 rethrow=0 return_oop=1}
                      ; - clojure.lang.AFn::applyToHelper@2154 (line 335)
  0x00007e782b0f0f28: b44a 29ff 

  0x00007e782b0f0f2c: ;   {post_call_nop}
  0x00007e782b0f0f2c: 0f1f 8400 | a41c 0098 | 4889 8424 | 8000 0000 | 488b f066 | 9048 b890 | af59 c477 

  0x00007e782b0f0f48: ;   {virtual_call}
  0x00007e782b0f0f48: 7e00 00e8 

  0x00007e782b0f0f4c: ; ImmutableOopMap {rbp=Oop [128]=Oop [136]=Oop [144]=Oop [152]=Oop [160]=Oop [168]=Oop [176]=Oop [184]=Oop [192]=Oop [200]=Oop [208]=Oop [216]=Oop [224]=Oop [232]=Oop [240]=Oop }
                      ;*invokeinterface first {reexecute=0 rethrow=0 return_oop=1}
                      ; - clojure.lang.AFn::applyToHelper@2161 (line 335)
  0x00007e782b0f0f4c: 904a 29ff 

  0x00007e782b0f0f50: ;   {post_call_nop}
  0x00007e782b0f0f50: 0f1f 8400 | c81c 0099 | 4889 8424 | f800 0000 | 488b b424 | 8000 0000 | 9048 b8b8 | af59 c477 
  0x00007e782b0f0f70: ;   {virtual_call}
  0x00007e782b0f0f70: 7e00 00e8 

  0x00007e782b0f0f74: ; ImmutableOopMap {rbp=Oop [136]=Oop [144]=Oop [152]=Oop [160]=Oop [168]=Oop [176]=Oop [184]=Oop [192]=Oop [200]=Oop [208]=Oop [216]=Oop [224]=Oop [232]=Oop [240]=Oop [248]=Oop }
                      ;*invokeinterface next {reexecute=0 rethrow=0 return_oop=1}
                      ; - clojure.lang.AFn::applyToHelper@2167 (line 336)
  0x00007e782b0f0f74: 684a 29ff 

  0x00007e782b0f0f78: ;   {post_call_nop}
  0x00007e782b0f0f78: 0f1f 8400 | f01c 009a | 4889 8424 | 8000 0000 | 488b f066 | 9048 b8e0 | af59 c477 

  0x00007e782b0f0f94: ;   {virtual_call}
  0x00007e782b0f0f94: 7e00 00e8 

  0x00007e782b0f0f98: ; ImmutableOopMap {rbp=Oop [128]=Oop [136]=Oop [144]=Oop [152]=Oop [160]=Oop [168]=Oop [176]=Oop [184]=Oop [192]=Oop [200]=Oop [208]=Oop [216]=Oop [224]=Oop [232]=Oop [240]=Oop [248]=Oop }
                      ;*invokeinterface first {reexecute=0 rethrow=0 return_oop=1}
                      ; - clojure.lang.AFn::applyToHelper@2174 (line 336)
  0x00007e782b0f0f98: 444a 29ff 

  0x00007e782b0f0f9c: ;   {post_call_nop}
  0x00007e782b0f0f9c: 0f1f 8400 | 141d 009b | 4889 8424 | 0001 0000 | 488b b424 | 8000 0000 | 9048 b808 | b059 c477 
  0x00007e782b0f0fbc: ;   {virtual_call}
  0x00007e782b0f0fbc: 7e00 00e8 

  0x00007e782b0f0fc0: ; ImmutableOopMap {rbp=Oop [136]=Oop [144]=Oop [152]=Oop [160]=Oop [168]=Oop [176]=Oop [184]=Oop [192]=Oop [200]=Oop [208]=Oop [216]=Oop [224]=Oop [232]=Oop [240]=Oop [248]=Oop [256]=Oop }
                      ;*invokeinterface next {reexecute=0 rethrow=0 return_oop=1}
                      ; - clojure.lang.AFn::applyToHelper@2180 (line 337)
  0x00007e782b0f0fc0: 1c4a 29ff 

  0x00007e782b0f0fc4: ;   {post_call_nop}
  0x00007e782b0f0fc4: 0f1f 8400 | 3c1d 009c | 488b f066 | 9048 b830 | b059 c477 

  0x00007e782b0f0fd8: ;   {virtual_call}
  0x00007e782b0f0fd8: 7e00 00e8 

  0x00007e782b0f0fdc: ; ImmutableOopMap {rbp=Oop [136]=Oop [144]=Oop [152]=Oop [160]=Oop [168]=Oop [176]=Oop [184]=Oop [192]=Oop [200]=Oop [208]=Oop [216]=Oop [224]=Oop [232]=Oop [240]=Oop [248]=Oop [256]=Oop }
                      ;*invokeinterface first {reexecute=0 rethrow=0 return_oop=1}
                      ; - clojure.lang.AFn::applyToHelper@2187 (line 337)
  0x00007e782b0f0fdc: 004a 29ff 

  0x00007e782b0f0fe0: ;   {post_call_nop}
  0x00007e782b0f0fe0: 0f1f 8400 | 581d 009d | 488b b424 | 8800 0000 | 488b d548 | 8b8c 2490 | 0000 004c | 8b84 2498 
  0x00007e782b0f1000: 0000 004c | 8b8c 24a0 | 0000 0048 | 8bbc 24a8 | 0000 004c | 8b94 24b0 | 0000 004c | 8914 244c 
  0x00007e782b0f1020: 8b94 24b8 | 0000 004c | 8954 2408 | 4c8b 9424 | c000 0000 | 4c89 5424 | 104c 8b94 | 24c8 0000 
  0x00007e782b0f1040: 004c 8954 | 2418 4c8b | 9424 d000 | 0000 4c89 | 5424 204c | 8b94 24d8 | 0000 004c | 8954 2428 
  0x00007e782b0f1060: 4c8b 9424 | e000 0000 | 4c89 5424 | 304c 8b94 | 24e8 0000 | 004c 8954 | 2438 4c8b | 9424 f000 
  0x00007e782b0f1080: 0000 4c89 | 5424 404c | 8b94 24f8 | 0000 004c | 8954 2448 | 4c8b 9424 | 0001 0000 | 4c89 5424 
  0x00007e782b0f10a0: 5048 8944 | 2458 6666 | 9048 b858 | b059 c477 

  0x00007e782b0f10b0: ;   {virtual_call}
  0x00007e782b0f10b0: 7e00 00e8 

  0x00007e782b0f10b4: ; ImmutableOopMap {}
                      ;*invokeinterface invoke {reexecute=0 rethrow=0 return_oop=1}
                      ; - clojure.lang.AFn::applyToHelper@2198 (line 321)
  0x00007e782b0f10b4: 2849 29ff 

  0x00007e782b0f10b8: ;   {post_call_nop}
  0x00007e782b0f10b8: 0f1f 8400 | 301e 009e | e957 2a00 | 0048 8bb4 | 2480 0000 | 0048 8bee | 9048 b880 | b059 c477 
  0x00007e782b0f10d8: ;   {virtual_call}
  0x00007e782b0f10d8: 7e00 00e8 

  0x00007e782b0f10dc: ; ImmutableOopMap {rbp=Oop [128]=Oop [136]=Oop }
                      ;*invokeinterface first {reexecute=0 rethrow=0 return_oop=1}
                      ; - clojure.lang.AFn::applyToHelper@1765 (line 303)
  0x00007e782b0f10dc: 0049 29ff 

  0x00007e782b0f10e0: ;   {post_call_nop}
  0x00007e782b0f10e0: 0f1f 8400 | 581e 009f | 488b e848 | 8bb4 2480 | 0000 0066 | 9048 b8a8 | b059 c477 

  0x00007e782b0f10fc: ;   {virtual_call}
  0x00007e782b0f10fc: 7e00 00e8 

  0x00007e782b0f1100: ; ImmutableOopMap {rbp=Oop [136]=Oop }
                      ;*invokeinterface next {reexecute=0 rethrow=0 return_oop=1}
                      ; - clojure.lang.AFn::applyToHelper@1771 (line 304)
  0x00007e782b0f1100: dc48 29ff 

  0x00007e782b0f1104: ;   {post_call_nop}
  0x00007e782b0f1104: 0f1f 8400 | 7c1e 00a0 | 4889 8424 | 8000 0000 | 488b f066 | 9048 b8d0 | b059 c477 

  0x00007e782b0f1120: ;   {virtual_call}
  0x00007e782b0f1120: 7e00 00e8 

  0x00007e782b0f1124: ; ImmutableOopMap {rbp=Oop [128]=Oop [136]=Oop }
                      ;*invokeinterface first {reexecute=0 rethrow=0 return_oop=1}
                      ; - clojure.lang.AFn::applyToHelper@1778 (line 304)
  0x00007e782b0f1124: b848 29ff 

  0x00007e782b0f1128: ;   {post_call_nop}
  0x00007e782b0f1128: 0f1f 8400 | a01e 00a1 | 4889 8424 | 9000 0000 | 488b b424 | 8000 0000 | 9048 b8f8 | b059 c477 
  0x00007e782b0f1148: ;   {virtual_call}
  0x00007e782b0f1148: 7e00 00e8 

  0x00007e782b0f114c: ; ImmutableOopMap {rbp=Oop [136]=Oop [144]=Oop }
                      ;*invokeinterface next {reexecute=0 rethrow=0 return_oop=1}
                      ; - clojure.lang.AFn::applyToHelper@1784 (line 305)
  0x00007e782b0f114c: 9048 29ff 

  0x00007e782b0f1150: ;   {post_call_nop}
  0x00007e782b0f1150: 0f1f 8400 | c81e 00a2 | 4889 8424 | 8000 0000 | 488b f066 | 9048 b820 | b159 c477 

  0x00007e782b0f116c: ;   {virtual_call}
  0x00007e782b0f116c: 7e00 00e8 

  0x00007e782b0f1170: ; ImmutableOopMap {rbp=Oop [128]=Oop [136]=Oop [144]=Oop }
                      ;*invokeinterface first {reexecute=0 rethrow=0 return_oop=1}
                      ; - clojure.lang.AFn::applyToHelper@1791 (line 305)
  0x00007e782b0f1170: 6c48 29ff 

  0x00007e782b0f1174: ;   {post_call_nop}
  0x00007e782b0f1174: 0f1f 8400 | ec1e 00a3 | 4889 8424 | 9800 0000 | 488b b424 | 8000 0000 | 9048 b848 | b159 c477 
  0x00007e782b0f1194: ;   {virtual_call}
  0x00007e782b0f1194: 7e00 00e8 

  0x00007e782b0f1198: ; ImmutableOopMap {rbp=Oop [136]=Oop [144]=Oop [152]=Oop }
                      ;*invokeinterface next {reexecute=0 rethrow=0 return_oop=1}
                      ; - clojure.lang.AFn::applyToHelper@1797 (line 306)
  0x00007e782b0f1198: 4448 29ff 

  0x00007e782b0f119c: ;   {post_call_nop}
  0x00007e782b0f119c: 0f1f 8400 | 141f 00a4 | 4889 8424 | 8000 0000 | 488b f066 | 9048 b870 | b159 c477 

  0x00007e782b0f11b8: ;   {virtual_call}
  0x00007e782b0f11b8: 7e00 00e8 

  0x00007e782b0f11bc: ; ImmutableOopMap {rbp=Oop [128]=Oop [136]=Oop [144]=Oop [152]=Oop }
                      ;*invokeinterface first {reexecute=0 rethrow=0 return_oop=1}
                      ; - clojure.lang.AFn::applyToHelper@1804 (line 306)
  0x00007e782b0f11bc: 2048 29ff 

  0x00007e782b0f11c0: ;   {post_call_nop}
  0x00007e782b0f11c0: 0f1f 8400 | 381f 00a5 | 4889 8424 | a000 0000 | 488b b424 | 8000 0000 | 9048 b898 | b159 c477 
  0x00007e782b0f11e0: ;   {virtual_call}
  0x00007e782b0f11e0: 7e00 00e8 

  0x00007e782b0f11e4: ; ImmutableOopMap {rbp=Oop [136]=Oop [144]=Oop [152]=Oop [160]=Oop }
                      ;*invokeinterface next {reexecute=0 rethrow=0 return_oop=1}
                      ; - clojure.lang.AFn::applyToHelper@1810 (line 307)
  0x00007e782b0f11e4: f847 29ff 

  0x00007e782b0f11e8: ;   {post_call_nop}
  0x00007e782b0f11e8: 0f1f 8400 | 601f 00a6 | 4889 8424 | 8000 0000 | 488b f066 | 9048 b8c0 | b159 c477 

  0x00007e782b0f1204: ;   {virtual_call}
  0x00007e782b0f1204: 7e00 00e8 

  0x00007e782b0f1208: ; ImmutableOopMap {rbp=Oop [128]=Oop [136]=Oop [144]=Oop [152]=Oop [160]=Oop }
                      ;*invokeinterface first {reexecute=0 rethrow=0 return_oop=1}
                      ; - clojure.lang.AFn::applyToHelper@1817 (line 307)
  0x00007e782b0f1208: d447 29ff 

  0x00007e782b0f120c: ;   {post_call_nop}
  0x00007e782b0f120c: 0f1f 8400 | 841f 00a7 | 4889 8424 | a800 0000 | 488b b424 | 8000 0000 | 9048 b8e8 | b159 c477 
  0x00007e782b0f122c: ;   {virtual_call}
  0x00007e782b0f122c: 7e00 00e8 

  0x00007e782b0f1230: ; ImmutableOopMap {rbp=Oop [136]=Oop [144]=Oop [152]=Oop [160]=Oop [168]=Oop }
                      ;*invokeinterface next {reexecute=0 rethrow=0 return_oop=1}
                      ; - clojure.lang.AFn::applyToHelper@1823 (line 308)
  0x00007e782b0f1230: ac47 29ff 

  0x00007e782b0f1234: ;   {post_call_nop}
  0x00007e782b0f1234: 0f1f 8400 | ac1f 00a8 | 4889 8424 | 8000 0000 | 488b f066 | 9048 b810 | b259 c477 

  0x00007e782b0f1250: ;   {virtual_call}
  0x00007e782b0f1250: 7e00 00e8 

  0x00007e782b0f1254: ; ImmutableOopMap {rbp=Oop [128]=Oop [136]=Oop [144]=Oop [152]=Oop [160]=Oop [168]=Oop }
                      ;*invokeinterface first {reexecute=0 rethrow=0 return_oop=1}
                      ; - clojure.lang.AFn::applyToHelper@1830 (line 308)
  0x00007e782b0f1254: 8847 29ff 

  0x00007e782b0f1258: ;   {post_call_nop}
  0x00007e782b0f1258: 0f1f 8400 | d01f 00a9 | 4889 8424 | b000 0000 | 488b b424 | 8000 0000 | 9048 b838 | b259 c477 
  0x00007e782b0f1278: ;   {virtual_call}
  0x00007e782b0f1278: 7e00 00e8 

  0x00007e782b0f127c: ; ImmutableOopMap {rbp=Oop [136]=Oop [144]=Oop [152]=Oop [160]=Oop [168]=Oop [176]=Oop }
                      ;*invokeinterface next {reexecute=0 rethrow=0 return_oop=1}
                      ; - clojure.lang.AFn::applyToHelper@1836 (line 309)
  0x00007e782b0f127c: 6047 29ff 

  0x00007e782b0f1280: ;   {post_call_nop}
  0x00007e782b0f1280: 0f1f 8400 | f81f 00aa | 4889 8424 | 8000 0000 | 488b f066 | 9048 b860 | b259 c477 

  0x00007e782b0f129c: ;   {virtual_call}
  0x00007e782b0f129c: 7e00 00e8 

  0x00007e782b0f12a0: ; ImmutableOopMap {rbp=Oop [128]=Oop [136]=Oop [144]=Oop [152]=Oop [160]=Oop [168]=Oop [176]=Oop }
                      ;*invokeinterface first {reexecute=0 rethrow=0 return_oop=1}
                      ; - clojure.lang.AFn::applyToHelper@1843 (line 309)
  0x00007e782b0f12a0: 3c47 29ff 

  0x00007e782b0f12a4: ;   {post_call_nop}
  0x00007e782b0f12a4: 0f1f 8400 | 1c20 00ab | 4889 8424 | b800 0000 | 488b b424 | 8000 0000 | 9048 b888 | b259 c477 
  0x00007e782b0f12c4: ;   {virtual_call}
  0x00007e782b0f12c4: 7e00 00e8 

  0x00007e782b0f12c8: ; ImmutableOopMap {rbp=Oop [136]=Oop [144]=Oop [152]=Oop [160]=Oop [168]=Oop [176]=Oop [184]=Oop }
                      ;*invokeinterface next {reexecute=0 rethrow=0 return_oop=1}
                      ; - clojure.lang.AFn::applyToHelper@1849 (line 310)
  0x00007e782b0f12c8: 1447 29ff 

  0x00007e782b0f12cc: ;   {post_call_nop}
  0x00007e782b0f12cc: 0f1f 8400 | 4420 00ac | 4889 8424 | 8000 0000 | 488b f066 | 9048 b8b0 | b259 c477 

  0x00007e782b0f12e8: ;   {virtual_call}
  0x00007e782b0f12e8: 7e00 00e8 

  0x00007e782b0f12ec: ; ImmutableOopMap {rbp=Oop [128]=Oop [136]=Oop [144]=Oop [152]=Oop [160]=Oop [168]=Oop [176]=Oop [184]=Oop }
                      ;*invokeinterface first {reexecute=0 rethrow=0 return_oop=1}
                      ; - clojure.lang.AFn::applyToHelper@1856 (line 310)
  0x00007e782b0f12ec: f046 29ff 

  0x00007e782b0f12f0: ;   {post_call_nop}
  0x00007e782b0f12f0: 0f1f 8400 | 6820 00ad | 4889 8424 | c000 0000 | 488b b424 | 8000 0000 | 9048 b8d8 | b259 c477 
  0x00007e782b0f1310: ;   {virtual_call}
  0x00007e782b0f1310: 7e00 00e8 

  0x00007e782b0f1314: ; ImmutableOopMap {rbp=Oop [136]=Oop [144]=Oop [152]=Oop [160]=Oop [168]=Oop [176]=Oop [184]=Oop [192]=Oop }
                      ;*invokeinterface next {reexecute=0 rethrow=0 return_oop=1}
                      ; - clojure.lang.AFn::applyToHelper@1862 (line 311)
  0x00007e782b0f1314: c846 29ff 

  0x00007e782b0f1318: ;   {post_call_nop}
  0x00007e782b0f1318: 0f1f 8400 | 9020 00ae | 4889 8424 | 8000 0000 | 488b f066 | 9048 b800 | b359 c477 

  0x00007e782b0f1334: ;   {virtual_call}
  0x00007e782b0f1334: 7e00 00e8 

  0x00007e782b0f1338: ; ImmutableOopMap {rbp=Oop [128]=Oop [136]=Oop [144]=Oop [152]=Oop [160]=Oop [168]=Oop [176]=Oop [184]=Oop [192]=Oop }
                      ;*invokeinterface first {reexecute=0 rethrow=0 return_oop=1}
                      ; - clojure.lang.AFn::applyToHelper@1869 (line 311)
  0x00007e782b0f1338: a446 29ff 

  0x00007e782b0f133c: ;   {post_call_nop}
  0x00007e782b0f133c: 0f1f 8400 | b420 00af | 4889 8424 | c800 0000 | 488b b424 | 8000 0000 | 9048 b828 | b359 c477 
  0x00007e782b0f135c: ;   {virtual_call}
  0x00007e782b0f135c: 7e00 00e8 

  0x00007e782b0f1360: ; ImmutableOopMap {rbp=Oop [136]=Oop [144]=Oop [152]=Oop [160]=Oop [168]=Oop [176]=Oop [184]=Oop [192]=Oop [200]=Oop }
                      ;*invokeinterface next {reexecute=0 rethrow=0 return_oop=1}
                      ; - clojure.lang.AFn::applyToHelper@1875 (line 312)
  0x00007e782b0f1360: 7c46 29ff 

  0x00007e782b0f1364: ;   {post_call_nop}
  0x00007e782b0f1364: 0f1f 8400 | dc20 00b0 | 4889 8424 | 8000 0000 | 488b f066 | 9048 b850 | b359 c477 

  0x00007e782b0f1380: ;   {virtual_call}
  0x00007e782b0f1380: 7e00 00e8 

  0x00007e782b0f1384: ; ImmutableOopMap {rbp=Oop [128]=Oop [136]=Oop [144]=Oop [152]=Oop [160]=Oop [168]=Oop [176]=Oop [184]=Oop [192]=Oop [200]=Oop }
                      ;*invokeinterface first {reexecute=0 rethrow=0 return_oop=1}
                      ; - clojure.lang.AFn::applyToHelper@1882 (line 312)
  0x00007e782b0f1384: 5846 29ff 

  0x00007e782b0f1388: ;   {post_call_nop}
  0x00007e782b0f1388: 0f1f 8400 | 0021 00b1 | 4889 8424 | d000 0000 | 488b b424 | 8000 0000 | 9048 b878 | b359 c477 
  0x00007e782b0f13a8: ;   {virtual_call}
  0x00007e782b0f13a8: 7e00 00e8 

  0x00007e782b0f13ac: ; ImmutableOopMap {rbp=Oop [136]=Oop [144]=Oop [152]=Oop [160]=Oop [168]=Oop [176]=Oop [184]=Oop [192]=Oop [200]=Oop [208]=Oop }
                      ;*invokeinterface next {reexecute=0 rethrow=0 return_oop=1}
                      ; - clojure.lang.AFn::applyToHelper@1888 (line 313)
  0x00007e782b0f13ac: 3046 29ff 

  0x00007e782b0f13b0: ;   {post_call_nop}
  0x00007e782b0f13b0: 0f1f 8400 | 2821 00b2 | 4889 8424 | 8000 0000 | 488b f066 | 9048 b8a0 | b359 c477 

  0x00007e782b0f13cc: ;   {virtual_call}
  0x00007e782b0f13cc: 7e00 00e8 

  0x00007e782b0f13d0: ; ImmutableOopMap {rbp=Oop [128]=Oop [136]=Oop [144]=Oop [152]=Oop [160]=Oop [168]=Oop [176]=Oop [184]=Oop [192]=Oop [200]=Oop [208]=Oop }
                      ;*invokeinterface first {reexecute=0 rethrow=0 return_oop=1}
                      ; - clojure.lang.AFn::applyToHelper@1895 (line 313)
  0x00007e782b0f13d0: 0c46 29ff 

  0x00007e782b0f13d4: ;   {post_call_nop}
  0x00007e782b0f13d4: 0f1f 8400 | 4c21 00b3 | 4889 8424 | d800 0000 | 488b b424 | 8000 0000 | 9048 b8c8 | b359 c477 
  0x00007e782b0f13f4: ;   {virtual_call}
  0x00007e782b0f13f4: 7e00 00e8 

  0x00007e782b0f13f8: ; ImmutableOopMap {rbp=Oop [136]=Oop [144]=Oop [152]=Oop [160]=Oop [168]=Oop [176]=Oop [184]=Oop [192]=Oop [200]=Oop [208]=Oop [216]=Oop }
                      ;*invokeinterface next {reexecute=0 rethrow=0 return_oop=1}
                      ; - clojure.lang.AFn::applyToHelper@1901 (line 314)
  0x00007e782b0f13f8: e445 29ff 

  0x00007e782b0f13fc: ;   {post_call_nop}
  0x00007e782b0f13fc: 0f1f 8400 | 7421 00b4 | 4889 8424 | 8000 0000 | 488b f066 | 9048 b8f0 | b359 c477 

  0x00007e782b0f1418: ;   {virtual_call}
  0x00007e782b0f1418: 7e00 00e8 

  0x00007e782b0f141c: ; ImmutableOopMap {rbp=Oop [128]=Oop [136]=Oop [144]=Oop [152]=Oop [160]=Oop [168]=Oop [176]=Oop [184]=Oop [192]=Oop [200]=Oop [208]=Oop [216]=Oop }
                      ;*invokeinterface first {reexecute=0 rethrow=0 return_oop=1}
                      ; - clojure.lang.AFn::applyToHelper@1908 (line 314)
  0x00007e782b0f141c: c045 29ff 

  0x00007e782b0f1420: ;   {post_call_nop}
  0x00007e782b0f1420: 0f1f 8400 | 9821 00b5 | 4889 8424 | e000 0000 | 488b b424 | 8000 0000 | 9048 b818 | b459 c477 
  0x00007e782b0f1440: ;   {virtual_call}
  0x00007e782b0f1440: 7e00 00e8 

  0x00007e782b0f1444: ; ImmutableOopMap {rbp=Oop [136]=Oop [144]=Oop [152]=Oop [160]=Oop [168]=Oop [176]=Oop [184]=Oop [192]=Oop [200]=Oop [208]=Oop [216]=Oop [224]=Oop }
                      ;*invokeinterface next {reexecute=0 rethrow=0 return_oop=1}
                      ; - clojure.lang.AFn::applyToHelper@1914 (line 315)
  0x00007e782b0f1444: 9845 29ff 

  0x00007e782b0f1448: ;   {post_call_nop}
  0x00007e782b0f1448: 0f1f 8400 | c021 00b6 | 4889 8424 | 8000 0000 | 488b f066 | 9048 b840 | b459 c477 

  0x00007e782b0f1464: ;   {virtual_call}
  0x00007e782b0f1464: 7e00 00e8 

  0x00007e782b0f1468: ; ImmutableOopMap {rbp=Oop [128]=Oop [136]=Oop [144]=Oop [152]=Oop [160]=Oop [168]=Oop [176]=Oop [184]=Oop [192]=Oop [200]=Oop [208]=Oop [216]=Oop [224]=Oop }
                      ;*invokeinterface first {reexecute=0 rethrow=0 return_oop=1}
                      ; - clojure.lang.AFn::applyToHelper@1921 (line 315)
  0x00007e782b0f1468: 7445 29ff 

  0x00007e782b0f146c: ;   {post_call_nop}
  0x00007e782b0f146c: 0f1f 8400 | e421 00b7 | 4889 8424 | e800 0000 | 488b b424 | 8000 0000 | 9048 b868 | b459 c477 
  0x00007e782b0f148c: ;   {virtual_call}
  0x00007e782b0f148c: 7e00 00e8 

  0x00007e782b0f1490: ; ImmutableOopMap {rbp=Oop [136]=Oop [144]=Oop [152]=Oop [160]=Oop [168]=Oop [176]=Oop [184]=Oop [192]=Oop [200]=Oop [208]=Oop [216]=Oop [224]=Oop [232]=Oop }
                      ;*invokeinterface next {reexecute=0 rethrow=0 return_oop=1}
                      ; - clojure.lang.AFn::applyToHelper@1927 (line 316)
  0x00007e782b0f1490: 4c45 29ff 

  0x00007e782b0f1494: ;   {post_call_nop}
  0x00007e782b0f1494: 0f1f 8400 | 0c22 00b8 | 4889 8424 | 8000 0000 | 488b f066 | 9048 b890 | b459 c477 

  0x00007e782b0f14b0: ;   {virtual_call}
  0x00007e782b0f14b0: 7e00 00e8 

  0x00007e782b0f14b4: ; ImmutableOopMap {rbp=Oop [128]=Oop [136]=Oop [144]=Oop [152]=Oop [160]=Oop [168]=Oop [176]=Oop [184]=Oop [192]=Oop [200]=Oop [208]=Oop [216]=Oop [224]=Oop [232]=Oop }
                      ;*invokeinterface first {reexecute=0 rethrow=0 return_oop=1}
                      ; - clojure.lang.AFn::applyToHelper@1934 (line 316)
  0x00007e782b0f14b4: 2845 29ff 

  0x00007e782b0f14b8: ;   {post_call_nop}
  0x00007e782b0f14b8: 0f1f 8400 | 3022 00b9 | 4889 8424 | f000 0000 | 488b b424 | 8000 0000 | 9048 b8b8 | b459 c477 
  0x00007e782b0f14d8: ;   {virtual_call}
  0x00007e782b0f14d8: 7e00 00e8 

  0x00007e782b0f14dc: ; ImmutableOopMap {rbp=Oop [136]=Oop [144]=Oop [152]=Oop [160]=Oop [168]=Oop [176]=Oop [184]=Oop [192]=Oop [200]=Oop [208]=Oop [216]=Oop [224]=Oop [232]=Oop [240]=Oop }
                      ;*invokeinterface next {reexecute=0 rethrow=0 return_oop=1}
                      ; - clojure.lang.AFn::applyToHelper@1940 (line 317)
  0x00007e782b0f14dc: 0045 29ff 

  0x00007e782b0f14e0: ;   {post_call_nop}
  0x00007e782b0f14e0: 0f1f 8400 | 5822 00ba | 4889 8424 | 8000 0000 | 488b f066 | 9048 b8e0 | b459 c477 

  0x00007e782b0f14fc: ;   {virtual_call}
  0x00007e782b0f14fc: 7e00 00e8 

  0x00007e782b0f1500: ; ImmutableOopMap {rbp=Oop [128]=Oop [136]=Oop [144]=Oop [152]=Oop [160]=Oop [168]=Oop [176]=Oop [184]=Oop [192]=Oop [200]=Oop [208]=Oop [216]=Oop [224]=Oop [232]=Oop [240]=Oop }
                      ;*invokeinterface first {reexecute=0 rethrow=0 return_oop=1}
                      ; - clojure.lang.AFn::applyToHelper@1947 (line 317)
  0x00007e782b0f1500: dc44 29ff 

  0x00007e782b0f1504: ;   {post_call_nop}
  0x00007e782b0f1504: 0f1f 8400 | 7c22 00bb | 4889 8424 | f800 0000 | 488b b424 | 8000 0000 | 9048 b808 | b559 c477 
  0x00007e782b0f1524: ;   {virtual_call}
  0x00007e782b0f1524: 7e00 00e8 

  0x00007e782b0f1528: ; ImmutableOopMap {rbp=Oop [136]=Oop [144]=Oop [152]=Oop [160]=Oop [168]=Oop [176]=Oop [184]=Oop [192]=Oop [200]=Oop [208]=Oop [216]=Oop [224]=Oop [232]=Oop [240]=Oop [248]=Oop }
                      ;*invokeinterface next {reexecute=0 rethrow=0 return_oop=1}
                      ; - clojure.lang.AFn::applyToHelper@1953 (line 318)
  0x00007e782b0f1528: b444 29ff 

  0x00007e782b0f152c: ;   {post_call_nop}
  0x00007e782b0f152c: 0f1f 8400 | a422 00bc | 488b f066 | 9048 b830 | b559 c477 

  0x00007e782b0f1540: ;   {virtual_call}
  0x00007e782b0f1540: 7e00 00e8 

  0x00007e782b0f1544: ; ImmutableOopMap {rbp=Oop [136]=Oop [144]=Oop [152]=Oop [160]=Oop [168]=Oop [176]=Oop [184]=Oop [192]=Oop [200]=Oop [208]=Oop [216]=Oop [224]=Oop [232]=Oop [240]=Oop [248]=Oop }
                      ;*invokeinterface first {reexecute=0 rethrow=0 return_oop=1}
                      ; - clojure.lang.AFn::applyToHelper@1960 (line 318)
  0x00007e782b0f1544: 9844 29ff 

  0x00007e782b0f1548: ;   {post_call_nop}
  0x00007e782b0f1548: 0f1f 8400 | c022 00bd | 488b b424 | 8800 0000 | 488b d548 | 8b8c 2490 | 0000 004c | 8b84 2498 
  0x00007e782b0f1568: 0000 004c | 8b8c 24a0 | 0000 0048 | 8bbc 24a8 | 0000 004c | 8b94 24b0 | 0000 004c | 8914 244c 
  0x00007e782b0f1588: 8b94 24b8 | 0000 004c | 8954 2408 | 4c8b 9424 | c000 0000 | 4c89 5424 | 104c 8b94 | 24c8 0000 
  0x00007e782b0f15a8: 004c 8954 | 2418 4c8b | 9424 d000 | 0000 4c89 | 5424 204c | 8b94 24d8 | 0000 004c | 8954 2428 
  0x00007e782b0f15c8: 4c8b 9424 | e000 0000 | 4c89 5424 | 304c 8b94 | 24e8 0000 | 004c 8954 | 2438 4c8b | 9424 f000 
  0x00007e782b0f15e8: 0000 4c89 | 5424 404c | 8b94 24f8 | 0000 004c | 8954 2448 | 4889 4424 | 5048 b858 | b559 c477 
  0x00007e782b0f1608: ;   {virtual_call}
  0x00007e782b0f1608: 7e00 00e8 

  0x00007e782b0f160c: ; ImmutableOopMap {}
                      ;*invokeinterface invoke {reexecute=0 rethrow=0 return_oop=1}
                      ; - clojure.lang.AFn::applyToHelper@1971 (line 303)
  0x00007e782b0f160c: d043 29ff 

  0x00007e782b0f1610: ;   {post_call_nop}
  0x00007e782b0f1610: 0f1f 8400 | 8823 00be | e9ff 2400 | 0048 8bb4 | 2480 0000 | 0048 8bee | 9048 b880 | b559 c477 
  0x00007e782b0f1630: ;   {virtual_call}
  0x00007e782b0f1630: 7e00 00e8 

  0x00007e782b0f1634: ; ImmutableOopMap {rbp=Oop [128]=Oop [136]=Oop }
                      ;*invokeinterface first {reexecute=0 rethrow=0 return_oop=1}
                      ; - clojure.lang.AFn::applyToHelper@1564 (line 286)
  0x00007e782b0f1634: a843 29ff 

  0x00007e782b0f1638: ;   {post_call_nop}
  0x00007e782b0f1638: 0f1f 8400 | b023 00bf | 488b e848 | 8bb4 2480 | 0000 0066 | 9048 b8a8 | b559 c477 

  0x00007e782b0f1654: ;   {virtual_call}
  0x00007e782b0f1654: 7e00 00e8 

  0x00007e782b0f1658: ; ImmutableOopMap {rbp=Oop [136]=Oop }
                      ;*invokeinterface next {reexecute=0 rethrow=0 return_oop=1}
                      ; - clojure.lang.AFn::applyToHelper@1570 (line 287)
  0x00007e782b0f1658: 8443 29ff 

  0x00007e782b0f165c: ;   {post_call_nop}
  0x00007e782b0f165c: 0f1f 8400 | d423 00c0 | 4889 8424 | 8000 0000 | 488b f066 | 9048 b8d0 | b559 c477 

  0x00007e782b0f1678: ;   {virtual_call}
  0x00007e782b0f1678: 7e00 00e8 

  0x00007e782b0f167c: ; ImmutableOopMap {rbp=Oop [128]=Oop [136]=Oop }
                      ;*invokeinterface first {reexecute=0 rethrow=0 return_oop=1}
                      ; - clojure.lang.AFn::applyToHelper@1577 (line 287)
  0x00007e782b0f167c: 6043 29ff 

  0x00007e782b0f1680: ;   {post_call_nop}
  0x00007e782b0f1680: 0f1f 8400 | f823 00c1 | 4889 8424 | 9000 0000 | 488b b424 | 8000 0000 | 9048 b8f8 | b559 c477 
  0x00007e782b0f16a0: ;   {virtual_call}
  0x00007e782b0f16a0: 7e00 00e8 

  0x00007e782b0f16a4: ; ImmutableOopMap {rbp=Oop [136]=Oop [144]=Oop }
                      ;*invokeinterface next {reexecute=0 rethrow=0 return_oop=1}
                      ; - clojure.lang.AFn::applyToHelper@1583 (line 288)
  0x00007e782b0f16a4: 3843 29ff 

  0x00007e782b0f16a8: ;   {post_call_nop}
  0x00007e782b0f16a8: 0f1f 8400 | 2024 00c2 | 4889 8424 | 8000 0000 | 488b f066 | 9048 b820 | b659 c477 

  0x00007e782b0f16c4: ;   {virtual_call}
  0x00007e782b0f16c4: 7e00 00e8 

  0x00007e782b0f16c8: ; ImmutableOopMap {rbp=Oop [128]=Oop [136]=Oop [144]=Oop }
                      ;*invokeinterface first {reexecute=0 rethrow=0 return_oop=1}
                      ; - clojure.lang.AFn::applyToHelper@1590 (line 288)
  0x00007e782b0f16c8: 1443 29ff 

  0x00007e782b0f16cc: ;   {post_call_nop}
  0x00007e782b0f16cc: 0f1f 8400 | 4424 00c3 | 4889 8424 | 9800 0000 | 488b b424 | 8000 0000 | 9048 b848 | b659 c477 
  0x00007e782b0f16ec: ;   {virtual_call}
  0x00007e782b0f16ec: 7e00 00e8 

  0x00007e782b0f16f0: ; ImmutableOopMap {rbp=Oop [136]=Oop [144]=Oop [152]=Oop }
                      ;*invokeinterface next {reexecute=0 rethrow=0 return_oop=1}
                      ; - clojure.lang.AFn::applyToHelper@1596 (line 289)
  0x00007e782b0f16f0: ec42 29ff 

  0x00007e782b0f16f4: ;   {post_call_nop}
  0x00007e782b0f16f4: 0f1f 8400 | 6c24 00c4 | 4889 8424 | 8000 0000 | 488b f066 | 9048 b870 | b659 c477 

  0x00007e782b0f1710: ;   {virtual_call}
  0x00007e782b0f1710: 7e00 00e8 

  0x00007e782b0f1714: ; ImmutableOopMap {rbp=Oop [128]=Oop [136]=Oop [144]=Oop [152]=Oop }
                      ;*invokeinterface first {reexecute=0 rethrow=0 return_oop=1}
                      ; - clojure.lang.AFn::applyToHelper@1603 (line 289)
  0x00007e782b0f1714: c842 29ff 

  0x00007e782b0f1718: ;   {post_call_nop}
  0x00007e782b0f1718: 0f1f 8400 | 9024 00c5 | 4889 8424 | a000 0000 | 488b b424 | 8000 0000 | 9048 b898 | b659 c477 
  0x00007e782b0f1738: ;   {virtual_call}
  0x00007e782b0f1738: 7e00 00e8 

  0x00007e782b0f173c: ; ImmutableOopMap {rbp=Oop [136]=Oop [144]=Oop [152]=Oop [160]=Oop }
                      ;*invokeinterface next {reexecute=0 rethrow=0 return_oop=1}
                      ; - clojure.lang.AFn::applyToHelper@1609 (line 290)
  0x00007e782b0f173c: a042 29ff 

  0x00007e782b0f1740: ;   {post_call_nop}
  0x00007e782b0f1740: 0f1f 8400 | b824 00c6 | 4889 8424 | 8000 0000 | 488b f066 | 9048 b8c0 | b659 c477 

  0x00007e782b0f175c: ;   {virtual_call}
  0x00007e782b0f175c: 7e00 00e8 

  0x00007e782b0f1760: ; ImmutableOopMap {rbp=Oop [128]=Oop [136]=Oop [144]=Oop [152]=Oop [160]=Oop }
                      ;*invokeinterface first {reexecute=0 rethrow=0 return_oop=1}
                      ; - clojure.lang.AFn::applyToHelper@1616 (line 290)
  0x00007e782b0f1760: 7c42 29ff 

  0x00007e782b0f1764: ;   {post_call_nop}
  0x00007e782b0f1764: 0f1f 8400 | dc24 00c7 | 4889 8424 | a800 0000 | 488b b424 | 8000 0000 | 9048 b8e8 | b659 c477 
  0x00007e782b0f1784: ;   {virtual_call}
  0x00007e782b0f1784: 7e00 00e8 

  0x00007e782b0f1788: ; ImmutableOopMap {rbp=Oop [136]=Oop [144]=Oop [152]=Oop [160]=Oop [168]=Oop }
                      ;*invokeinterface next {reexecute=0 rethrow=0 return_oop=1}
                      ; - clojure.lang.AFn::applyToHelper@1622 (line 291)
  0x00007e782b0f1788: 5442 29ff 

  0x00007e782b0f178c: ;   {post_call_nop}
  0x00007e782b0f178c: 0f1f 8400 | 0425 00c8 | 4889 8424 | 8000 0000 | 488b f066 | 9048 b810 | b759 c477 

  0x00007e782b0f17a8: ;   {virtual_call}
  0x00007e782b0f17a8: 7e00 00e8 

  0x00007e782b0f17ac: ; ImmutableOopMap {rbp=Oop [128]=Oop [136]=Oop [144]=Oop [152]=Oop [160]=Oop [168]=Oop }
                      ;*invokeinterface first {reexecute=0 rethrow=0 return_oop=1}
                      ; - clojure.lang.AFn::applyToHelper@1629 (line 291)
  0x00007e782b0f17ac: 3042 29ff 

  0x00007e782b0f17b0: ;   {post_call_nop}
  0x00007e782b0f17b0: 0f1f 8400 | 2825 00c9 | 4889 8424 | b000 0000 | 488b b424 | 8000 0000 | 9048 b838 | b759 c477 
  0x00007e782b0f17d0: ;   {virtual_call}
  0x00007e782b0f17d0: 7e00 00e8 

  0x00007e782b0f17d4: ; ImmutableOopMap {rbp=Oop [136]=Oop [144]=Oop [152]=Oop [160]=Oop [168]=Oop [176]=Oop }
                      ;*invokeinterface next {reexecute=0 rethrow=0 return_oop=1}
                      ; - clojure.lang.AFn::applyToHelper@1635 (line 292)
  0x00007e782b0f17d4: 0842 29ff 

  0x00007e782b0f17d8: ;   {post_call_nop}
  0x00007e782b0f17d8: 0f1f 8400 | 5025 00ca | 4889 8424 | 8000 0000 | 488b f066 | 9048 b860 | b759 c477 

  0x00007e782b0f17f4: ;   {virtual_call}
  0x00007e782b0f17f4: 7e00 00e8 

  0x00007e782b0f17f8: ; ImmutableOopMap {rbp=Oop [128]=Oop [136]=Oop [144]=Oop [152]=Oop [160]=Oop [168]=Oop [176]=Oop }
                      ;*invokeinterface first {reexecute=0 rethrow=0 return_oop=1}
                      ; - clojure.lang.AFn::applyToHelper@1642 (line 292)
  0x00007e782b0f17f8: e441 29ff 

  0x00007e782b0f17fc: ;   {post_call_nop}
  0x00007e782b0f17fc: 0f1f 8400 | 7425 00cb | 4889 8424 | b800 0000 | 488b b424 | 8000 0000 | 9048 b888 | b759 c477 
  0x00007e782b0f181c: ;   {virtual_call}
  0x00007e782b0f181c: 7e00 00e8 

  0x00007e782b0f1820: ; ImmutableOopMap {rbp=Oop [136]=Oop [144]=Oop [152]=Oop [160]=Oop [168]=Oop [176]=Oop [184]=Oop }
                      ;*invokeinterface next {reexecute=0 rethrow=0 return_oop=1}
                      ; - clojure.lang.AFn::applyToHelper@1648 (line 293)
  0x00007e782b0f1820: bc41 29ff 

  0x00007e782b0f1824: ;   {post_call_nop}
  0x00007e782b0f1824: 0f1f 8400 | 9c25 00cc | 4889 8424 | 8000 0000 | 488b f066 | 9048 b8b0 | b759 c477 

  0x00007e782b0f1840: ;   {virtual_call}
  0x00007e782b0f1840: 7e00 00e8 

  0x00007e782b0f1844: ; ImmutableOopMap {rbp=Oop [128]=Oop [136]=Oop [144]=Oop [152]=Oop [160]=Oop [168]=Oop [176]=Oop [184]=Oop }
                      ;*invokeinterface first {reexecute=0 rethrow=0 return_oop=1}
                      ; - clojure.lang.AFn::applyToHelper@1655 (line 293)
  0x00007e782b0f1844: 9841 29ff 

  0x00007e782b0f1848: ;   {post_call_nop}
  0x00007e782b0f1848: 0f1f 8400 | c025 00cd | 4889 8424 | c000 0000 | 488b b424 | 8000 0000 | 9048 b8d8 | b759 c477 
  0x00007e782b0f1868: ;   {virtual_call}
  0x00007e782b0f1868: 7e00 00e8 

  0x00007e782b0f186c: ; ImmutableOopMap {rbp=Oop [136]=Oop [144]=Oop [152]=Oop [160]=Oop [168]=Oop [176]=Oop [184]=Oop [192]=Oop }
                      ;*invokeinterface next {reexecute=0 rethrow=0 return_oop=1}
                      ; - clojure.lang.AFn::applyToHelper@1661 (line 294)
  0x00007e782b0f186c: 7041 29ff 

  0x00007e782b0f1870: ;   {post_call_nop}
  0x00007e782b0f1870: 0f1f 8400 | e825 00ce | 4889 8424 | 8000 0000 | 488b f066 | 9048 b800 | b859 c477 

  0x00007e782b0f188c: ;   {virtual_call}
  0x00007e782b0f188c: 7e00 00e8 

  0x00007e782b0f1890: ; ImmutableOopMap {rbp=Oop [128]=Oop [136]=Oop [144]=Oop [152]=Oop [160]=Oop [168]=Oop [176]=Oop [184]=Oop [192]=Oop }
                      ;*invokeinterface first {reexecute=0 rethrow=0 return_oop=1}
                      ; - clojure.lang.AFn::applyToHelper@1668 (line 294)
  0x00007e782b0f1890: 4c41 29ff 

  0x00007e782b0f1894: ;   {post_call_nop}
  0x00007e782b0f1894: 0f1f 8400 | 0c26 00cf | 4889 8424 | c800 0000 | 488b b424 | 8000 0000 | 9048 b828 | b859 c477 
  0x00007e782b0f18b4: ;   {virtual_call}
  0x00007e782b0f18b4: 7e00 00e8 

  0x00007e782b0f18b8: ; ImmutableOopMap {rbp=Oop [136]=Oop [144]=Oop [152]=Oop [160]=Oop [168]=Oop [176]=Oop [184]=Oop [192]=Oop [200]=Oop }
                      ;*invokeinterface next {reexecute=0 rethrow=0 return_oop=1}
                      ; - clojure.lang.AFn::applyToHelper@1674 (line 295)
  0x00007e782b0f18b8: 2441 29ff 

  0x00007e782b0f18bc: ;   {post_call_nop}
  0x00007e782b0f18bc: 0f1f 8400 | 3426 00d0 | 4889 8424 | 8000 0000 | 488b f066 | 9048 b850 | b859 c477 

  0x00007e782b0f18d8: ;   {virtual_call}
  0x00007e782b0f18d8: 7e00 00e8 

  0x00007e782b0f18dc: ; ImmutableOopMap {rbp=Oop [128]=Oop [136]=Oop [144]=Oop [152]=Oop [160]=Oop [168]=Oop [176]=Oop [184]=Oop [192]=Oop [200]=Oop }
                      ;*invokeinterface first {reexecute=0 rethrow=0 return_oop=1}
                      ; - clojure.lang.AFn::applyToHelper@1681 (line 295)
  0x00007e782b0f18dc: 0041 29ff 

  0x00007e782b0f18e0: ;   {post_call_nop}
  0x00007e782b0f18e0: 0f1f 8400 | 5826 00d1 | 4889 8424 | d000 0000 | 488b b424 | 8000 0000 | 9048 b878 | b859 c477 
  0x00007e782b0f1900: ;   {virtual_call}
  0x00007e782b0f1900: 7e00 00e8 

  0x00007e782b0f1904: ; ImmutableOopMap {rbp=Oop [136]=Oop [144]=Oop [152]=Oop [160]=Oop [168]=Oop [176]=Oop [184]=Oop [192]=Oop [200]=Oop [208]=Oop }
                      ;*invokeinterface next {reexecute=0 rethrow=0 return_oop=1}
                      ; - clojure.lang.AFn::applyToHelper@1687 (line 296)
  0x00007e782b0f1904: d840 29ff 

  0x00007e782b0f1908: ;   {post_call_nop}
  0x00007e782b0f1908: 0f1f 8400 | 8026 00d2 | 4889 8424 | 8000 0000 | 488b f066 | 9048 b8a0 | b859 c477 

  0x00007e782b0f1924: ;   {virtual_call}
  0x00007e782b0f1924: 7e00 00e8 

  0x00007e782b0f1928: ; ImmutableOopMap {rbp=Oop [128]=Oop [136]=Oop [144]=Oop [152]=Oop [160]=Oop [168]=Oop [176]=Oop [184]=Oop [192]=Oop [200]=Oop [208]=Oop }
                      ;*invokeinterface first {reexecute=0 rethrow=0 return_oop=1}
                      ; - clojure.lang.AFn::applyToHelper@1694 (line 296)
  0x00007e782b0f1928: b440 29ff 

  0x00007e782b0f192c: ;   {post_call_nop}
  0x00007e782b0f192c: 0f1f 8400 | a426 00d3 | 4889 8424 | d800 0000 | 488b b424 | 8000 0000 | 9048 b8c8 | b859 c477 
  0x00007e782b0f194c: ;   {virtual_call}
  0x00007e782b0f194c: 7e00 00e8 

  0x00007e782b0f1950: ; ImmutableOopMap {rbp=Oop [136]=Oop [144]=Oop [152]=Oop [160]=Oop [168]=Oop [176]=Oop [184]=Oop [192]=Oop [200]=Oop [208]=Oop [216]=Oop }
                      ;*invokeinterface next {reexecute=0 rethrow=0 return_oop=1}
                      ; - clojure.lang.AFn::applyToHelper@1700 (line 297)
  0x00007e782b0f1950: 8c40 29ff 

  0x00007e782b0f1954: ;   {post_call_nop}
  0x00007e782b0f1954: 0f1f 8400 | cc26 00d4 | 4889 8424 | 8000 0000 | 488b f066 | 9048 b8f0 | b859 c477 

  0x00007e782b0f1970: ;   {virtual_call}
  0x00007e782b0f1970: 7e00 00e8 

  0x00007e782b0f1974: ; ImmutableOopMap {rbp=Oop [128]=Oop [136]=Oop [144]=Oop [152]=Oop [160]=Oop [168]=Oop [176]=Oop [184]=Oop [192]=Oop [200]=Oop [208]=Oop [216]=Oop }
                      ;*invokeinterface first {reexecute=0 rethrow=0 return_oop=1}
                      ; - clojure.lang.AFn::applyToHelper@1707 (line 297)
  0x00007e782b0f1974: 6840 29ff 

  0x00007e782b0f1978: ;   {post_call_nop}
  0x00007e782b0f1978: 0f1f 8400 | f026 00d5 | 4889 8424 | e000 0000 | 488b b424 | 8000 0000 | 9048 b818 | b959 c477 
  0x00007e782b0f1998: ;   {virtual_call}
  0x00007e782b0f1998: 7e00 00e8 

  0x00007e782b0f199c: ; ImmutableOopMap {rbp=Oop [136]=Oop [144]=Oop [152]=Oop [160]=Oop [168]=Oop [176]=Oop [184]=Oop [192]=Oop [200]=Oop [208]=Oop [216]=Oop [224]=Oop }
                      ;*invokeinterface next {reexecute=0 rethrow=0 return_oop=1}
                      ; - clojure.lang.AFn::applyToHelper@1713 (line 298)
  0x00007e782b0f199c: 4040 29ff 

  0x00007e782b0f19a0: ;   {post_call_nop}
  0x00007e782b0f19a0: 0f1f 8400 | 1827 00d6 | 4889 8424 | 8000 0000 | 488b f066 | 9048 b840 | b959 c477 

  0x00007e782b0f19bc: ;   {virtual_call}
  0x00007e782b0f19bc: 7e00 00e8 

  0x00007e782b0f19c0: ; ImmutableOopMap {rbp=Oop [128]=Oop [136]=Oop [144]=Oop [152]=Oop [160]=Oop [168]=Oop [176]=Oop [184]=Oop [192]=Oop [200]=Oop [208]=Oop [216]=Oop [224]=Oop }
                      ;*invokeinterface first {reexecute=0 rethrow=0 return_oop=1}
                      ; - clojure.lang.AFn::applyToHelper@1720 (line 298)
  0x00007e782b0f19c0: 1c40 29ff 

  0x00007e782b0f19c4: ;   {post_call_nop}
  0x00007e782b0f19c4: 0f1f 8400 | 3c27 00d7 | 4889 8424 | e800 0000 | 488b b424 | 8000 0000 | 9048 b868 | b959 c477 
  0x00007e782b0f19e4: ;   {virtual_call}
  0x00007e782b0f19e4: 7e00 00e8 

  0x00007e782b0f19e8: ; ImmutableOopMap {rbp=Oop [136]=Oop [144]=Oop [152]=Oop [160]=Oop [168]=Oop [176]=Oop [184]=Oop [192]=Oop [200]=Oop [208]=Oop [216]=Oop [224]=Oop [232]=Oop }
                      ;*invokeinterface next {reexecute=0 rethrow=0 return_oop=1}
                      ; - clojure.lang.AFn::applyToHelper@1726 (line 299)
  0x00007e782b0f19e8: f43f 29ff 

  0x00007e782b0f19ec: ;   {post_call_nop}
  0x00007e782b0f19ec: 0f1f 8400 | 6427 00d8 | 4889 8424 | 8000 0000 | 488b f066 | 9048 b890 | b959 c477 

  0x00007e782b0f1a08: ;   {virtual_call}
  0x00007e782b0f1a08: 7e00 00e8 

  0x00007e782b0f1a0c: ; ImmutableOopMap {rbp=Oop [128]=Oop [136]=Oop [144]=Oop [152]=Oop [160]=Oop [168]=Oop [176]=Oop [184]=Oop [192]=Oop [200]=Oop [208]=Oop [216]=Oop [224]=Oop [232]=Oop }
                      ;*invokeinterface first {reexecute=0 rethrow=0 return_oop=1}
                      ; - clojure.lang.AFn::applyToHelper@1733 (line 299)
  0x00007e782b0f1a0c: d03f 29ff 

  0x00007e782b0f1a10: ;   {post_call_nop}
  0x00007e782b0f1a10: 0f1f 8400 | 8827 00d9 | 4889 8424 | f000 0000 | 488b b424 | 8000 0000 | 9048 b8b8 | b959 c477 
  0x00007e782b0f1a30: ;   {virtual_call}
  0x00007e782b0f1a30: 7e00 00e8 

  0x00007e782b0f1a34: ; ImmutableOopMap {rbp=Oop [136]=Oop [144]=Oop [152]=Oop [160]=Oop [168]=Oop [176]=Oop [184]=Oop [192]=Oop [200]=Oop [208]=Oop [216]=Oop [224]=Oop [232]=Oop [240]=Oop }
                      ;*invokeinterface next {reexecute=0 rethrow=0 return_oop=1}
                      ; - clojure.lang.AFn::applyToHelper@1739 (line 300)
  0x00007e782b0f1a34: a83f 29ff 

  0x00007e782b0f1a38: ;   {post_call_nop}
  0x00007e782b0f1a38: 0f1f 8400 | b027 00da | 488b f066 | 9048 b8e0 | b959 c477 

  0x00007e782b0f1a4c: ;   {virtual_call}
  0x00007e782b0f1a4c: 7e00 00e8 

  0x00007e782b0f1a50: ; ImmutableOopMap {rbp=Oop [136]=Oop [144]=Oop [152]=Oop [160]=Oop [168]=Oop [176]=Oop [184]=Oop [192]=Oop [200]=Oop [208]=Oop [216]=Oop [224]=Oop [232]=Oop [240]=Oop }
                      ;*invokeinterface first {reexecute=0 rethrow=0 return_oop=1}
                      ; - clojure.lang.AFn::applyToHelper@1746 (line 300)
  0x00007e782b0f1a50: 8c3f 29ff 

  0x00007e782b0f1a54: ;   {post_call_nop}
  0x00007e782b0f1a54: 0f1f 8400 | cc27 00db | 488b b424 | 8800 0000 | 488b d548 | 8b8c 2490 | 0000 004c | 8b84 2498 
  0x00007e782b0f1a74: 0000 004c | 8b8c 24a0 | 0000 0048 | 8bbc 24a8 | 0000 004c | 8b94 24b0 | 0000 004c | 8914 244c 
  0x00007e782b0f1a94: 8b94 24b8 | 0000 004c | 8954 2408 | 4c8b 9424 | c000 0000 | 4c89 5424 | 104c 8b94 | 24c8 0000 
  0x00007e782b0f1ab4: 004c 8954 | 2418 4c8b | 9424 d000 | 0000 4c89 | 5424 204c | 8b94 24d8 | 0000 004c | 8954 2428 
  0x00007e782b0f1ad4: 4c8b 9424 | e000 0000 | 4c89 5424 | 304c 8b94 | 24e8 0000 | 004c 8954 | 2438 4c8b | 9424 f000 
  0x00007e782b0f1af4: 0000 4c89 | 5424 4048 | 8944 2448 | 9048 b808 | ba59 c477 

  0x00007e782b0f1b08: ;   {virtual_call}
  0x00007e782b0f1b08: 7e00 00e8 

  0x00007e782b0f1b0c: ; ImmutableOopMap {}
                      ;*invokeinterface invoke {reexecute=0 rethrow=0 return_oop=1}
                      ; - clojure.lang.AFn::applyToHelper@1757 (line 286)
  0x00007e782b0f1b0c: d03e 29ff 

  0x00007e782b0f1b10: ;   {post_call_nop}
  0x00007e782b0f1b10: 0f1f 8400 | 8828 00dc | e9ff 1f00 | 0048 8bb4 | 2480 0000 | 0048 8bee | 9048 b830 | ba59 c477 
  0x00007e782b0f1b30: ;   {virtual_call}
  0x00007e782b0f1b30: 7e00 00e8 

  0x00007e782b0f1b34: ; ImmutableOopMap {rbp=Oop [128]=Oop [136]=Oop }
                      ;*invokeinterface first {reexecute=0 rethrow=0 return_oop=1}
                      ; - clojure.lang.AFn::applyToHelper@1376 (line 270)
  0x00007e782b0f1b34: a83e 29ff 

  0x00007e782b0f1b38: ;   {post_call_nop}
  0x00007e782b0f1b38: 0f1f 8400 | b028 00dd | 488b e848 | 8bb4 2480 | 0000 0066 | 9048 b858 | ba59 c477 

  0x00007e782b0f1b54: ;   {virtual_call}
  0x00007e782b0f1b54: 7e00 00e8 

  0x00007e782b0f1b58: ; ImmutableOopMap {rbp=Oop [136]=Oop }
                      ;*invokeinterface next {reexecute=0 rethrow=0 return_oop=1}
                      ; - clojure.lang.AFn::applyToHelper@1382 (line 271)
  0x00007e782b0f1b58: 843e 29ff 

  0x00007e782b0f1b5c: ;   {post_call_nop}
  0x00007e782b0f1b5c: 0f1f 8400 | d428 00de | 4889 8424 | 8000 0000 | 488b f066 | 9048 b880 | ba59 c477 

  0x00007e782b0f1b78: ;   {virtual_call}
  0x00007e782b0f1b78: 7e00 00e8 

  0x00007e782b0f1b7c: ; ImmutableOopMap {rbp=Oop [128]=Oop [136]=Oop }
                      ;*invokeinterface first {reexecute=0 rethrow=0 return_oop=1}
                      ; - clojure.lang.AFn::applyToHelper@1389 (line 271)
  0x00007e782b0f1b7c: 603e 29ff 

  0x00007e782b0f1b80: ;   {post_call_nop}
  0x00007e782b0f1b80: 0f1f 8400 | f828 00df | 4889 8424 | 9000 0000 | 488b b424 | 8000 0000 | 9048 b8a8 | ba59 c477 
  0x00007e782b0f1ba0: ;   {virtual_call}
  0x00007e782b0f1ba0: 7e00 00e8 

  0x00007e782b0f1ba4: ; ImmutableOopMap {rbp=Oop [136]=Oop [144]=Oop }
                      ;*invokeinterface next {reexecute=0 rethrow=0 return_oop=1}
                      ; - clojure.lang.AFn::applyToHelper@1395 (line 272)
  0x00007e782b0f1ba4: 383e 29ff 

  0x00007e782b0f1ba8: ;   {post_call_nop}
  0x00007e782b0f1ba8: 0f1f 8400 | 2029 00e0 | 4889 8424 | 8000 0000 | 488b f066 | 9048 b8d0 | ba59 c477 

  0x00007e782b0f1bc4: ;   {virtual_call}
  0x00007e782b0f1bc4: 7e00 00e8 

  0x00007e782b0f1bc8: ; ImmutableOopMap {rbp=Oop [128]=Oop [136]=Oop [144]=Oop }
                      ;*invokeinterface first {reexecute=0 rethrow=0 return_oop=1}
                      ; - clojure.lang.AFn::applyToHelper@1402 (line 272)
  0x00007e782b0f1bc8: 143e 29ff 

  0x00007e782b0f1bcc: ;   {post_call_nop}
  0x00007e782b0f1bcc: 0f1f 8400 | 4429 00e1 | 4889 8424 | 9800 0000 | 488b b424 | 8000 0000 | 9048 b8f8 | ba59 c477 
  0x00007e782b0f1bec: ;   {virtual_call}
  0x00007e782b0f1bec: 7e00 00e8 

  0x00007e782b0f1bf0: ; ImmutableOopMap {rbp=Oop [136]=Oop [144]=Oop [152]=Oop }
                      ;*invokeinterface next {reexecute=0 rethrow=0 return_oop=1}
                      ; - clojure.lang.AFn::applyToHelper@1408 (line 273)
  0x00007e782b0f1bf0: ec3d 29ff 

  0x00007e782b0f1bf4: ;   {post_call_nop}
  0x00007e782b0f1bf4: 0f1f 8400 | 6c29 00e2 | 4889 8424 | 8000 0000 | 488b f066 | 9048 b820 | bb59 c477 

  0x00007e782b0f1c10: ;   {virtual_call}
  0x00007e782b0f1c10: 7e00 00e8 

  0x00007e782b0f1c14: ; ImmutableOopMap {rbp=Oop [128]=Oop [136]=Oop [144]=Oop [152]=Oop }
                      ;*invokeinterface first {reexecute=0 rethrow=0 return_oop=1}
                      ; - clojure.lang.AFn::applyToHelper@1415 (line 273)
  0x00007e782b0f1c14: c83d 29ff 

  0x00007e782b0f1c18: ;   {post_call_nop}
  0x00007e782b0f1c18: 0f1f 8400 | 9029 00e3 | 4889 8424 | a000 0000 | 488b b424 | 8000 0000 | 9048 b848 | bb59 c477 
  0x00007e782b0f1c38: ;   {virtual_call}
  0x00007e782b0f1c38: 7e00 00e8 

  0x00007e782b0f1c3c: ; ImmutableOopMap {rbp=Oop [136]=Oop [144]=Oop [152]=Oop [160]=Oop }
                      ;*invokeinterface next {reexecute=0 rethrow=0 return_oop=1}
                      ; - clojure.lang.AFn::applyToHelper@1421 (line 274)
  0x00007e782b0f1c3c: a03d 29ff 

  0x00007e782b0f1c40: ;   {post_call_nop}
  0x00007e782b0f1c40: 0f1f 8400 | b829 00e4 | 4889 8424 | 8000 0000 | 488b f066 | 9048 b870 | bb59 c477 

  0x00007e782b0f1c5c: ;   {virtual_call}
  0x00007e782b0f1c5c: 7e00 00e8 

  0x00007e782b0f1c60: ; ImmutableOopMap {rbp=Oop [128]=Oop [136]=Oop [144]=Oop [152]=Oop [160]=Oop }
                      ;*invokeinterface first {reexecute=0 rethrow=0 return_oop=1}
                      ; - clojure.lang.AFn::applyToHelper@1428 (line 274)
  0x00007e782b0f1c60: 7c3d 29ff 

  0x00007e782b0f1c64: ;   {post_call_nop}
  0x00007e782b0f1c64: 0f1f 8400 | dc29 00e5 | 4889 8424 | a800 0000 | 488b b424 | 8000 0000 | 9048 b898 | bb59 c477 
  0x00007e782b0f1c84: ;   {virtual_call}
  0x00007e782b0f1c84: 7e00 00e8 

  0x00007e782b0f1c88: ; ImmutableOopMap {rbp=Oop [136]=Oop [144]=Oop [152]=Oop [160]=Oop [168]=Oop }
                      ;*invokeinterface next {reexecute=0 rethrow=0 return_oop=1}
                      ; - clojure.lang.AFn::applyToHelper@1434 (line 275)
  0x00007e782b0f1c88: 543d 29ff 

  0x00007e782b0f1c8c: ;   {post_call_nop}
  0x00007e782b0f1c8c: 0f1f 8400 | 042a 00e6 | 4889 8424 | 8000 0000 | 488b f066 | 9048 b8c0 | bb59 c477 

  0x00007e782b0f1ca8: ;   {virtual_call}
  0x00007e782b0f1ca8: 7e00 00e8 

  0x00007e782b0f1cac: ; ImmutableOopMap {rbp=Oop [128]=Oop [136]=Oop [144]=Oop [152]=Oop [160]=Oop [168]=Oop }
                      ;*invokeinterface first {reexecute=0 rethrow=0 return_oop=1}
                      ; - clojure.lang.AFn::applyToHelper@1441 (line 275)
  0x00007e782b0f1cac: 303d 29ff 

  0x00007e782b0f1cb0: ;   {post_call_nop}
  0x00007e782b0f1cb0: 0f1f 8400 | 282a 00e7 | 4889 8424 | b000 0000 | 488b b424 | 8000 0000 | 9048 b8e8 | bb59 c477 
  0x00007e782b0f1cd0: ;   {virtual_call}
  0x00007e782b0f1cd0: 7e00 00e8 

  0x00007e782b0f1cd4: ; ImmutableOopMap {rbp=Oop [136]=Oop [144]=Oop [152]=Oop [160]=Oop [168]=Oop [176]=Oop }
                      ;*invokeinterface next {reexecute=0 rethrow=0 return_oop=1}
                      ; - clojure.lang.AFn::applyToHelper@1447 (line 276)
  0x00007e782b0f1cd4: 083d 29ff 

  0x00007e782b0f1cd8: ;   {post_call_nop}
  0x00007e782b0f1cd8: 0f1f 8400 | 502a 00e8 | 4889 8424 | 8000 0000 | 488b f066 | 9048 b810 | bc59 c477 

  0x00007e782b0f1cf4: ;   {virtual_call}
  0x00007e782b0f1cf4: 7e00 00e8 

  0x00007e782b0f1cf8: ; ImmutableOopMap {rbp=Oop [128]=Oop [136]=Oop [144]=Oop [152]=Oop [160]=Oop [168]=Oop [176]=Oop }
                      ;*invokeinterface first {reexecute=0 rethrow=0 return_oop=1}
                      ; - clojure.lang.AFn::applyToHelper@1454 (line 276)
  0x00007e782b0f1cf8: e43c 29ff 

  0x00007e782b0f1cfc: ;   {post_call_nop}
  0x00007e782b0f1cfc: 0f1f 8400 | 742a 00e9 | 4889 8424 | b800 0000 | 488b b424 | 8000 0000 | 9048 b838 | bc59 c477 
  0x00007e782b0f1d1c: ;   {virtual_call}
  0x00007e782b0f1d1c: 7e00 00e8 

  0x00007e782b0f1d20: ; ImmutableOopMap {rbp=Oop [136]=Oop [144]=Oop [152]=Oop [160]=Oop [168]=Oop [176]=Oop [184]=Oop }
                      ;*invokeinterface next {reexecute=0 rethrow=0 return_oop=1}
                      ; - clojure.lang.AFn::applyToHelper@1460 (line 277)
  0x00007e782b0f1d20: bc3c 29ff 

  0x00007e782b0f1d24: ;   {post_call_nop}
  0x00007e782b0f1d24: 0f1f 8400 | 9c2a 00ea | 4889 8424 | 8000 0000 | 488b f066 | 9048 b860 | bc59 c477 

  0x00007e782b0f1d40: ;   {virtual_call}
  0x00007e782b0f1d40: 7e00 00e8 

  0x00007e782b0f1d44: ; ImmutableOopMap {rbp=Oop [128]=Oop [136]=Oop [144]=Oop [152]=Oop [160]=Oop [168]=Oop [176]=Oop [184]=Oop }
                      ;*invokeinterface first {reexecute=0 rethrow=0 return_oop=1}
                      ; - clojure.lang.AFn::applyToHelper@1467 (line 277)
  0x00007e782b0f1d44: 983c 29ff 

  0x00007e782b0f1d48: ;   {post_call_nop}
  0x00007e782b0f1d48: 0f1f 8400 | c02a 00eb | 4889 8424 | c000 0000 | 488b b424 | 8000 0000 | 9048 b888 | bc59 c477 
  0x00007e782b0f1d68: ;   {virtual_call}
  0x00007e782b0f1d68: 7e00 00e8 

  0x00007e782b0f1d6c: ; ImmutableOopMap {rbp=Oop [136]=Oop [144]=Oop [152]=Oop [160]=Oop [168]=Oop [176]=Oop [184]=Oop [192]=Oop }
                      ;*invokeinterface next {reexecute=0 rethrow=0 return_oop=1}
                      ; - clojure.lang.AFn::applyToHelper@1473 (line 278)
  0x00007e782b0f1d6c: 703c 29ff 

  0x00007e782b0f1d70: ;   {post_call_nop}
  0x00007e782b0f1d70: 0f1f 8400 | e82a 00ec | 4889 8424 | 8000 0000 | 488b f066 | 9048 b8b0 | bc59 c477 

  0x00007e782b0f1d8c: ;   {virtual_call}
  0x00007e782b0f1d8c: 7e00 00e8 

  0x00007e782b0f1d90: ; ImmutableOopMap {rbp=Oop [128]=Oop [136]=Oop [144]=Oop [152]=Oop [160]=Oop [168]=Oop [176]=Oop [184]=Oop [192]=Oop }
                      ;*invokeinterface first {reexecute=0 rethrow=0 return_oop=1}
                      ; - clojure.lang.AFn::applyToHelper@1480 (line 278)
  0x00007e782b0f1d90: 4c3c 29ff 

  0x00007e782b0f1d94: ;   {post_call_nop}
  0x00007e782b0f1d94: 0f1f 8400 | 0c2b 00ed | 4889 8424 | c800 0000 | 488b b424 | 8000 0000 | 9048 b8d8 | bc59 c477 
  0x00007e782b0f1db4: ;   {virtual_call}
  0x00007e782b0f1db4: 7e00 00e8 

  0x00007e782b0f1db8: ; ImmutableOopMap {rbp=Oop [136]=Oop [144]=Oop [152]=Oop [160]=Oop [168]=Oop [176]=Oop [184]=Oop [192]=Oop [200]=Oop }
                      ;*invokeinterface next {reexecute=0 rethrow=0 return_oop=1}
                      ; - clojure.lang.AFn::applyToHelper@1486 (line 279)
  0x00007e782b0f1db8: 243c 29ff 

  0x00007e782b0f1dbc: ;   {post_call_nop}
  0x00007e782b0f1dbc: 0f1f 8400 | 342b 00ee | 4889 8424 | 8000 0000 | 488b f066 | 9048 b800 | bd59 c477 

  0x00007e782b0f1dd8: ;   {virtual_call}
  0x00007e782b0f1dd8: 7e00 00e8 

  0x00007e782b0f1ddc: ; ImmutableOopMap {rbp=Oop [128]=Oop [136]=Oop [144]=Oop [152]=Oop [160]=Oop [168]=Oop [176]=Oop [184]=Oop [192]=Oop [200]=Oop }
                      ;*invokeinterface first {reexecute=0 rethrow=0 return_oop=1}
                      ; - clojure.lang.AFn::applyToHelper@1493 (line 279)
  0x00007e782b0f1ddc: 003c 29ff 

  0x00007e782b0f1de0: ;   {post_call_nop}
  0x00007e782b0f1de0: 0f1f 8400 | 582b 00ef | 4889 8424 | d000 0000 | 488b b424 | 8000 0000 | 9048 b828 | bd59 c477 
  0x00007e782b0f1e00: ;   {virtual_call}
  0x00007e782b0f1e00: 7e00 00e8 

  0x00007e782b0f1e04: ; ImmutableOopMap {rbp=Oop [136]=Oop [144]=Oop [152]=Oop [160]=Oop [168]=Oop [176]=Oop [184]=Oop [192]=Oop [200]=Oop [208]=Oop }
                      ;*invokeinterface next {reexecute=0 rethrow=0 return_oop=1}
                      ; - clojure.lang.AFn::applyToHelper@1499 (line 280)
  0x00007e782b0f1e04: d83b 29ff 

  0x00007e782b0f1e08: ;   {post_call_nop}
  0x00007e782b0f1e08: 0f1f 8400 | 802b 00f0 | 4889 8424 | 8000 0000 | 488b f066 | 9048 b850 | bd59 c477 

  0x00007e782b0f1e24: ;   {virtual_call}
  0x00007e782b0f1e24: 7e00 00e8 

  0x00007e782b0f1e28: ; ImmutableOopMap {rbp=Oop [128]=Oop [136]=Oop [144]=Oop [152]=Oop [160]=Oop [168]=Oop [176]=Oop [184]=Oop [192]=Oop [200]=Oop [208]=Oop }
                      ;*invokeinterface first {reexecute=0 rethrow=0 return_oop=1}
                      ; - clojure.lang.AFn::applyToHelper@1506 (line 280)
  0x00007e782b0f1e28: b43b 29ff 

  0x00007e782b0f1e2c: ;   {post_call_nop}
  0x00007e782b0f1e2c: 0f1f 8400 | a42b 00f1 | 4889 8424 | d800 0000 | 488b b424 | 8000 0000 | 9048 b878 | bd59 c477 
  0x00007e782b0f1e4c: ;   {virtual_call}
  0x00007e782b0f1e4c: 7e00 00e8 

  0x00007e782b0f1e50: ; ImmutableOopMap {rbp=Oop [136]=Oop [144]=Oop [152]=Oop [160]=Oop [168]=Oop [176]=Oop [184]=Oop [192]=Oop [200]=Oop [208]=Oop [216]=Oop }
                      ;*invokeinterface next {reexecute=0 rethrow=0 return_oop=1}
                      ; - clojure.lang.AFn::applyToHelper@1512 (line 281)
  0x00007e782b0f1e50: 8c3b 29ff 

  0x00007e782b0f1e54: ;   {post_call_nop}
  0x00007e782b0f1e54: 0f1f 8400 | cc2b 00f2 | 4889 8424 | 8000 0000 | 488b f066 | 9048 b8a0 | bd59 c477 

  0x00007e782b0f1e70: ;   {virtual_call}
  0x00007e782b0f1e70: 7e00 00e8 

  0x00007e782b0f1e74: ; ImmutableOopMap {rbp=Oop [128]=Oop [136]=Oop [144]=Oop [152]=Oop [160]=Oop [168]=Oop [176]=Oop [184]=Oop [192]=Oop [200]=Oop [208]=Oop [216]=Oop }
                      ;*invokeinterface first {reexecute=0 rethrow=0 return_oop=1}
                      ; - clojure.lang.AFn::applyToHelper@1519 (line 281)
  0x00007e782b0f1e74: 683b 29ff 

  0x00007e782b0f1e78: ;   {post_call_nop}
  0x00007e782b0f1e78: 0f1f 8400 | f02b 00f3 | 4889 8424 | e000 0000 | 488b b424 | 8000 0000 | 9048 b8c8 | bd59 c477 
  0x00007e782b0f1e98: ;   {virtual_call}
  0x00007e782b0f1e98: 7e00 00e8 

  0x00007e782b0f1e9c: ; ImmutableOopMap {rbp=Oop [136]=Oop [144]=Oop [152]=Oop [160]=Oop [168]=Oop [176]=Oop [184]=Oop [192]=Oop [200]=Oop [208]=Oop [216]=Oop [224]=Oop }
                      ;*invokeinterface next {reexecute=0 rethrow=0 return_oop=1}
                      ; - clojure.lang.AFn::applyToHelper@1525 (line 282)
  0x00007e782b0f1e9c: 403b 29ff 

  0x00007e782b0f1ea0: ;   {post_call_nop}
  0x00007e782b0f1ea0: 0f1f 8400 | 182c 00f4 | 4889 8424 | 8000 0000 | 488b f066 | 9048 b8f0 | bd59 c477 

  0x00007e782b0f1ebc: ;   {virtual_call}
  0x00007e782b0f1ebc: 7e00 00e8 

  0x00007e782b0f1ec0: ; ImmutableOopMap {rbp=Oop [128]=Oop [136]=Oop [144]=Oop [152]=Oop [160]=Oop [168]=Oop [176]=Oop [184]=Oop [192]=Oop [200]=Oop [208]=Oop [216]=Oop [224]=Oop }
                      ;*invokeinterface first {reexecute=0 rethrow=0 return_oop=1}
                      ; - clojure.lang.AFn::applyToHelper@1532 (line 282)
  0x00007e782b0f1ec0: 1c3b 29ff 

  0x00007e782b0f1ec4: ;   {post_call_nop}
  0x00007e782b0f1ec4: 0f1f 8400 | 3c2c 00f5 | 4889 8424 | e800 0000 | 488b b424 | 8000 0000 | 9048 b818 | be59 c477 
  0x00007e782b0f1ee4: ;   {virtual_call}
  0x00007e782b0f1ee4: 7e00 00e8 

  0x00007e782b0f1ee8: ; ImmutableOopMap {rbp=Oop [136]=Oop [144]=Oop [152]=Oop [160]=Oop [168]=Oop [176]=Oop [184]=Oop [192]=Oop [200]=Oop [208]=Oop [216]=Oop [224]=Oop [232]=Oop }
                      ;*invokeinterface next {reexecute=0 rethrow=0 return_oop=1}
                      ; - clojure.lang.AFn::applyToHelper@1538 (line 283)
  0x00007e782b0f1ee8: f43a 29ff 

  0x00007e782b0f1eec: ;   {post_call_nop}
  0x00007e782b0f1eec: 0f1f 8400 | 642c 00f6 | 488b f066 | 9048 b840 | be59 c477 

  0x00007e782b0f1f00: ;   {virtual_call}
  0x00007e782b0f1f00: 7e00 00e8 

  0x00007e782b0f1f04: ; ImmutableOopMap {rbp=Oop [136]=Oop [144]=Oop [152]=Oop [160]=Oop [168]=Oop [176]=Oop [184]=Oop [192]=Oop [200]=Oop [208]=Oop [216]=Oop [224]=Oop [232]=Oop }
                      ;*invokeinterface first {reexecute=0 rethrow=0 return_oop=1}
                      ; - clojure.lang.AFn::applyToHelper@1545 (line 283)
  0x00007e782b0f1f04: d83a 29ff 

  0x00007e782b0f1f08: ;   {post_call_nop}
  0x00007e782b0f1f08: 0f1f 8400 | 802c 00f7 | 488b b424 | 8800 0000 | 488b d548 | 8b8c 2490 | 0000 004c | 8b84 2498 
  0x00007e782b0f1f28: 0000 004c | 8b8c 24a0 | 0000 0048 | 8bbc 24a8 | 0000 004c | 8b94 24b0 | 0000 004c | 8914 244c 
  0x00007e782b0f1f48: 8b94 24b8 | 0000 004c | 8954 2408 | 4c8b 9424 | c000 0000 | 4c89 5424 | 104c 8b94 | 24c8 0000 
  0x00007e782b0f1f68: 004c 8954 | 2418 4c8b | 9424 d000 | 0000 4c89 | 5424 204c | 8b94 24d8 | 0000 004c | 8954 2428 
  0x00007e782b0f1f88: 4c8b 9424 | e000 0000 | 4c89 5424 | 304c 8b94 | 24e8 0000 | 004c 8954 | 2438 4889 | 4424 4066 
  0x00007e782b0f1fa8: 9048 b868 | be59 c477 

  0x00007e782b0f1fb0: ;   {virtual_call}
  0x00007e782b0f1fb0: 7e00 00e8 

  0x00007e782b0f1fb4: ; ImmutableOopMap {}
                      ;*invokeinterface invoke {reexecute=0 rethrow=0 return_oop=1}
                      ; - clojure.lang.AFn::applyToHelper@1556 (line 270)
  0x00007e782b0f1fb4: 283a 29ff 

  0x00007e782b0f1fb8: ;   {post_call_nop}
  0x00007e782b0f1fb8: 0f1f 8400 | 302d 00f8 | e957 1b00 | 0048 8bb4 | 2480 0000 | 0048 8bee | 9048 b890 | be59 c477 
  0x00007e782b0f1fd8: ;   {virtual_call}
  0x00007e782b0f1fd8: 7e00 00e8 

  0x00007e782b0f1fdc: ; ImmutableOopMap {rbp=Oop [128]=Oop [136]=Oop }
                      ;*invokeinterface first {reexecute=0 rethrow=0 return_oop=1}
                      ; - clojure.lang.AFn::applyToHelper@1201 (line 255)
  0x00007e782b0f1fdc: 003a 29ff 

  0x00007e782b0f1fe0: ;   {post_call_nop}
  0x00007e782b0f1fe0: 0f1f 8400 | 582d 00f9 | 488b e848 | 8bb4 2480 | 0000 0066 | 9048 b8b8 | be59 c477 

  0x00007e782b0f1ffc: ;   {virtual_call}
  0x00007e782b0f1ffc: 7e00 00e8 

  0x00007e782b0f2000: ; ImmutableOopMap {rbp=Oop [136]=Oop }
                      ;*invokeinterface next {reexecute=0 rethrow=0 return_oop=1}
                      ; - clojure.lang.AFn::applyToHelper@1207 (line 256)
  0x00007e782b0f2000: dc39 29ff 

  0x00007e782b0f2004: ;   {post_call_nop}
  0x00007e782b0f2004: 0f1f 8400 | 7c2d 00fa | 4889 8424 | 8000 0000 | 488b f066 | 9048 b8e0 | be59 c477 

  0x00007e782b0f2020: ;   {virtual_call}
  0x00007e782b0f2020: 7e00 00e8 

  0x00007e782b0f2024: ; ImmutableOopMap {rbp=Oop [128]=Oop [136]=Oop }
                      ;*invokeinterface first {reexecute=0 rethrow=0 return_oop=1}
                      ; - clojure.lang.AFn::applyToHelper@1214 (line 256)
  0x00007e782b0f2024: b839 29ff 

  0x00007e782b0f2028: ;   {post_call_nop}
  0x00007e782b0f2028: 0f1f 8400 | a02d 00fb | 4889 8424 | 9000 0000 | 488b b424 | 8000 0000 | 9048 b808 | bf59 c477 
  0x00007e782b0f2048: ;   {virtual_call}
  0x00007e782b0f2048: 7e00 00e8 

  0x00007e782b0f204c: ; ImmutableOopMap {rbp=Oop [136]=Oop [144]=Oop }
                      ;*invokeinterface next {reexecute=0 rethrow=0 return_oop=1}
                      ; - clojure.lang.AFn::applyToHelper@1220 (line 257)
  0x00007e782b0f204c: 9039 29ff 

  0x00007e782b0f2050: ;   {post_call_nop}
  0x00007e782b0f2050: 0f1f 8400 | c82d 00fc | 4889 8424 | 8000 0000 | 488b f066 | 9048 b830 | bf59 c477 

  0x00007e782b0f206c: ;   {virtual_call}
  0x00007e782b0f206c: 7e00 00e8 

  0x00007e782b0f2070: ; ImmutableOopMap {rbp=Oop [128]=Oop [136]=Oop [144]=Oop }
                      ;*invokeinterface first {reexecute=0 rethrow=0 return_oop=1}
                      ; - clojure.lang.AFn::applyToHelper@1227 (line 257)
  0x00007e782b0f2070: 6c39 29ff 

  0x00007e782b0f2074: ;   {post_call_nop}
  0x00007e782b0f2074: 0f1f 8400 | ec2d 00fd | 4889 8424 | 9800 0000 | 488b b424 | 8000 0000 | 9048 b858 | bf59 c477 
  0x00007e782b0f2094: ;   {virtual_call}
  0x00007e782b0f2094: 7e00 00e8 

  0x00007e782b0f2098: ; ImmutableOopMap {rbp=Oop [136]=Oop [144]=Oop [152]=Oop }
                      ;*invokeinterface next {reexecute=0 rethrow=0 return_oop=1}
                      ; - clojure.lang.AFn::applyToHelper@1233 (line 258)
  0x00007e782b0f2098: 4439 29ff 

  0x00007e782b0f209c: ;   {post_call_nop}
  0x00007e782b0f209c: 0f1f 8400 | 142e 00fe | 4889 8424 | 8000 0000 | 488b f066 | 9048 b880 | bf59 c477 

  0x00007e782b0f20b8: ;   {virtual_call}
  0x00007e782b0f20b8: 7e00 00e8 

  0x00007e782b0f20bc: ; ImmutableOopMap {rbp=Oop [128]=Oop [136]=Oop [144]=Oop [152]=Oop }
                      ;*invokeinterface first {reexecute=0 rethrow=0 return_oop=1}
                      ; - clojure.lang.AFn::applyToHelper@1240 (line 258)
  0x00007e782b0f20bc: 2039 29ff 

  0x00007e782b0f20c0: ;   {post_call_nop}
  0x00007e782b0f20c0: 0f1f 8400 | 382e 00ff | 4889 8424 | a000 0000 | 488b b424 | 8000 0000 | 9048 b8a8 | bf59 c477 
  0x00007e782b0f20e0: ;   {virtual_call}
  0x00007e782b0f20e0: 7e00 00e8 

  0x00007e782b0f20e4: ; ImmutableOopMap {rbp=Oop [136]=Oop [144]=Oop [152]=Oop [160]=Oop }
                      ;*invokeinterface next {reexecute=0 rethrow=0 return_oop=1}
                      ; - clojure.lang.AFn::applyToHelper@1246 (line 259)
  0x00007e782b0f20e4: f838 29ff 

  0x00007e782b0f20e8: ;   {post_call_nop}
  0x00007e782b0f20e8: 0f1f 8400 | 0000 0000 | 4889 8424 | 8000 0000 | 488b f066 | 9048 b8d0 | bf59 c477 

  0x00007e782b0f2104: ;   {virtual_call}
  0x00007e782b0f2104: 7e00 00e8 

  0x00007e782b0f2108: ; ImmutableOopMap {rbp=Oop [128]=Oop [136]=Oop [144]=Oop [152]=Oop [160]=Oop }
                      ;*invokeinterface first {reexecute=0 rethrow=0 return_oop=1}
                      ; - clojure.lang.AFn::applyToHelper@1253 (line 259)
  0x00007e782b0f2108: d438 29ff 

  0x00007e782b0f210c: ;   {post_call_nop}
  0x00007e782b0f210c: 0f1f 8400 | 0000 0000 | 4889 8424 | a800 0000 | 488b b424 | 8000 0000 | 9048 b8f8 | bf59 c477 
  0x00007e782b0f212c: ;   {virtual_call}
  0x00007e782b0f212c: 7e00 00e8 

  0x00007e782b0f2130: ; ImmutableOopMap {rbp=Oop [136]=Oop [144]=Oop [152]=Oop [160]=Oop [168]=Oop }
                      ;*invokeinterface next {reexecute=0 rethrow=0 return_oop=1}
                      ; - clojure.lang.AFn::applyToHelper@1259 (line 260)
  0x00007e782b0f2130: ac38 29ff 

  0x00007e782b0f2134: ;   {post_call_nop}
  0x00007e782b0f2134: 0f1f 8400 | 0000 0000 | 4889 8424 | 8000 0000 | 488b f066 | 9048 b820 | c059 c477 

  0x00007e782b0f2150: ;   {virtual_call}
  0x00007e782b0f2150: 7e00 00e8 

  0x00007e782b0f2154: ; ImmutableOopMap {rbp=Oop [128]=Oop [136]=Oop [144]=Oop [152]=Oop [160]=Oop [168]=Oop }
                      ;*invokeinterface first {reexecute=0 rethrow=0 return_oop=1}
                      ; - clojure.lang.AFn::applyToHelper@1266 (line 260)
  0x00007e782b0f2154: 8838 29ff 

  0x00007e782b0f2158: ;   {post_call_nop}
  0x00007e782b0f2158: 0f1f 8400 | 0000 0000 | 4889 8424 | b000 0000 | 488b b424 | 8000 0000 | 9048 b848 | c059 c477 
  0x00007e782b0f2178: ;   {virtual_call}
  0x00007e782b0f2178: 7e00 00e8 

  0x00007e782b0f217c: ; ImmutableOopMap {rbp=Oop [136]=Oop [144]=Oop [152]=Oop [160]=Oop [168]=Oop [176]=Oop }
                      ;*invokeinterface next {reexecute=0 rethrow=0 return_oop=1}
                      ; - clojure.lang.AFn::applyToHelper@1272 (line 261)
  0x00007e782b0f217c: 6038 29ff 

  0x00007e782b0f2180: ;   {post_call_nop}
  0x00007e782b0f2180: 0f1f 8400 | 0000 0000 | 4889 8424 | 8000 0000 | 488b f066 | 9048 b870 | c059 c477 

  0x00007e782b0f219c: ;   {virtual_call}
  0x00007e782b0f219c: 7e00 00e8 

  0x00007e782b0f21a0: ; ImmutableOopMap {rbp=Oop [128]=Oop [136]=Oop [144]=Oop [152]=Oop [160]=Oop [168]=Oop [176]=Oop }
                      ;*invokeinterface first {reexecute=0 rethrow=0 return_oop=1}
                      ; - clojure.lang.AFn::applyToHelper@1279 (line 261)
  0x00007e782b0f21a0: 3c38 29ff 

  0x00007e782b0f21a4: ;   {post_call_nop}
  0x00007e782b0f21a4: 0f1f 8400 | 0000 0000 | 4889 8424 | b800 0000 | 488b b424 | 8000 0000 | 9048 b898 | c059 c477 
  0x00007e782b0f21c4: ;   {virtual_call}
  0x00007e782b0f21c4: 7e00 00e8 

  0x00007e782b0f21c8: ; ImmutableOopMap {rbp=Oop [136]=Oop [144]=Oop [152]=Oop [160]=Oop [168]=Oop [176]=Oop [184]=Oop }
                      ;*invokeinterface next {reexecute=0 rethrow=0 return_oop=1}
                      ; - clojure.lang.AFn::applyToHelper@1285 (line 262)
  0x00007e782b0f21c8: 1438 29ff 

  0x00007e782b0f21cc: ;   {post_call_nop}
  0x00007e782b0f21cc: 0f1f 8400 | 0000 0000 | 4889 8424 | 8000 0000 | 488b f066 | 9048 b8c0 | c059 c477 

  0x00007e782b0f21e8: ;   {virtual_call}
  0x00007e782b0f21e8: 7e00 00e8 

  0x00007e782b0f21ec: ; ImmutableOopMap {rbp=Oop [128]=Oop [136]=Oop [144]=Oop [152]=Oop [160]=Oop [168]=Oop [176]=Oop [184]=Oop }
                      ;*invokeinterface first {reexecute=0 rethrow=0 return_oop=1}
                      ; - clojure.lang.AFn::applyToHelper@1292 (line 262)
  0x00007e782b0f21ec: f037 29ff 

  0x00007e782b0f21f0: ;   {post_call_nop}
  0x00007e782b0f21f0: 0f1f 8400 | 0000 0000 | 4889 8424 | c000 0000 | 488b b424 | 8000 0000 | 9048 b8e8 | c059 c477 
  0x00007e782b0f2210: ;   {virtual_call}
  0x00007e782b0f2210: 7e00 00e8 

  0x00007e782b0f2214: ; ImmutableOopMap {rbp=Oop [136]=Oop [144]=Oop [152]=Oop [160]=Oop [168]=Oop [176]=Oop [184]=Oop [192]=Oop }
                      ;*invokeinterface next {reexecute=0 rethrow=0 return_oop=1}
                      ; - clojure.lang.AFn::applyToHelper@1298 (line 263)
  0x00007e782b0f2214: c837 29ff 

  0x00007e782b0f2218: ;   {post_call_nop}
  0x00007e782b0f2218: 0f1f 8400 | 0000 0000 | 4889 8424 | 8000 0000 | 488b f066 | 9048 b810 | c159 c477 

  0x00007e782b0f2234: ;   {virtual_call}
  0x00007e782b0f2234: 7e00 00e8 

  0x00007e782b0f2238: ; ImmutableOopMap {rbp=Oop [128]=Oop [136]=Oop [144]=Oop [152]=Oop [160]=Oop [168]=Oop [176]=Oop [184]=Oop [192]=Oop }
                      ;*invokeinterface first {reexecute=0 rethrow=0 return_oop=1}
                      ; - clojure.lang.AFn::applyToHelper@1305 (line 263)
  0x00007e782b0f2238: a437 29ff 

  0x00007e782b0f223c: ;   {post_call_nop}
  0x00007e782b0f223c: 0f1f 8400 | 0000 0000 | 4889 8424 | c800 0000 | 488b b424 | 8000 0000 | 9048 b838 | c159 c477 
  0x00007e782b0f225c: ;   {virtual_call}
  0x00007e782b0f225c: 7e00 00e8 

  0x00007e782b0f2260: ; ImmutableOopMap {rbp=Oop [136]=Oop [144]=Oop [152]=Oop [160]=Oop [168]=Oop [176]=Oop [184]=Oop [192]=Oop [200]=Oop }
                      ;*invokeinterface next {reexecute=0 rethrow=0 return_oop=1}
                      ; - clojure.lang.AFn::applyToHelper@1311 (line 264)
  0x00007e782b0f2260: 7c37 29ff 

  0x00007e782b0f2264: ;   {post_call_nop}
  0x00007e782b0f2264: 0f1f 8400 | 0000 0000 | 4889 8424 | 8000 0000 | 488b f066 | 9048 b860 | c159 c477 

  0x00007e782b0f2280: ;   {virtual_call}
  0x00007e782b0f2280: 7e00 00e8 

  0x00007e782b0f2284: ; ImmutableOopMap {rbp=Oop [128]=Oop [136]=Oop [144]=Oop [152]=Oop [160]=Oop [168]=Oop [176]=Oop [184]=Oop [192]=Oop [200]=Oop }
                      ;*invokeinterface first {reexecute=0 rethrow=0 return_oop=1}
                      ; - clojure.lang.AFn::applyToHelper@1318 (line 264)
  0x00007e782b0f2284: 5837 29ff 

  0x00007e782b0f2288: ;   {post_call_nop}
  0x00007e782b0f2288: 0f1f 8400 | 0000 0000 | 4889 8424 | d000 0000 | 488b b424 | 8000 0000 | 9048 b888 | c159 c477 
  0x00007e782b0f22a8: ;   {virtual_call}
  0x00007e782b0f22a8: 7e00 00e8 

  0x00007e782b0f22ac: ; ImmutableOopMap {rbp=Oop [136]=Oop [144]=Oop [152]=Oop [160]=Oop [168]=Oop [176]=Oop [184]=Oop [192]=Oop [200]=Oop [208]=Oop }
                      ;*invokeinterface next {reexecute=0 rethrow=0 return_oop=1}
                      ; - clojure.lang.AFn::applyToHelper@1324 (line 265)
  0x00007e782b0f22ac: 3037 29ff 

  0x00007e782b0f22b0: ;   {post_call_nop}
  0x00007e782b0f22b0: 0f1f 8400 | 0000 0000 | 4889 8424 | 8000 0000 | 488b f066 | 9048 b8b0 | c159 c477 

  0x00007e782b0f22cc: ;   {virtual_call}
  0x00007e782b0f22cc: 7e00 00e8 

  0x00007e782b0f22d0: ; ImmutableOopMap {rbp=Oop [128]=Oop [136]=Oop [144]=Oop [152]=Oop [160]=Oop [168]=Oop [176]=Oop [184]=Oop [192]=Oop [200]=Oop [208]=Oop }
                      ;*invokeinterface first {reexecute=0 rethrow=0 return_oop=1}
                      ; - clojure.lang.AFn::applyToHelper@1331 (line 265)
  0x00007e782b0f22d0: 0c37 29ff 

  0x00007e782b0f22d4: ;   {post_call_nop}
  0x00007e782b0f22d4: 0f1f 8400 | 0000 0000 | 4889 8424 | d800 0000 | 488b b424 | 8000 0000 | 9048 b8d8 | c159 c477 
  0x00007e782b0f22f4: ;   {virtual_call}
  0x00007e782b0f22f4: 7e00 00e8 

  0x00007e782b0f22f8: ; ImmutableOopMap {rbp=Oop [136]=Oop [144]=Oop [152]=Oop [160]=Oop [168]=Oop [176]=Oop [184]=Oop [192]=Oop [200]=Oop [208]=Oop [216]=Oop }
                      ;*invokeinterface next {reexecute=0 rethrow=0 return_oop=1}
                      ; - clojure.lang.AFn::applyToHelper@1337 (line 266)
  0x00007e782b0f22f8: e436 29ff 

  0x00007e782b0f22fc: ;   {post_call_nop}
  0x00007e782b0f22fc: 0f1f 8400 | 0000 0000 | 4889 8424 | 8000 0000 | 488b f066 | 9048 b800 | c259 c477 

  0x00007e782b0f2318: ;   {virtual_call}
  0x00007e782b0f2318: 7e00 00e8 

  0x00007e782b0f231c: ; ImmutableOopMap {rbp=Oop [128]=Oop [136]=Oop [144]=Oop [152]=Oop [160]=Oop [168]=Oop [176]=Oop [184]=Oop [192]=Oop [200]=Oop [208]=Oop [216]=Oop }
                      ;*invokeinterface first {reexecute=0 rethrow=0 return_oop=1}
                      ; - clojure.lang.AFn::applyToHelper@1344 (line 266)
  0x00007e782b0f231c: c036 29ff 

  0x00007e782b0f2320: ;   {post_call_nop}
  0x00007e782b0f2320: 0f1f 8400 | 0000 0000 | 4889 8424 | e000 0000 | 488b b424 | 8000 0000 | 9048 b828 | c259 c477 
  0x00007e782b0f2340: ;   {virtual_call}
  0x00007e782b0f2340: 7e00 00e8 

  0x00007e782b0f2344: ; ImmutableOopMap {rbp=Oop [136]=Oop [144]=Oop [152]=Oop [160]=Oop [168]=Oop [176]=Oop [184]=Oop [192]=Oop [200]=Oop [208]=Oop [216]=Oop [224]=Oop }
                      ;*invokeinterface next {reexecute=0 rethrow=0 return_oop=1}
                      ; - clojure.lang.AFn::applyToHelper@1350 (line 267)
  0x00007e782b0f2344: 9836 29ff 

  0x00007e782b0f2348: ;   {post_call_nop}
  0x00007e782b0f2348: 0f1f 8400 | 0000 0000 | 488b f066 | 9048 b850 | c259 c477 

  0x00007e782b0f235c: ;   {virtual_call}
  0x00007e782b0f235c: 7e00 00e8 

  0x00007e782b0f2360: ; ImmutableOopMap {rbp=Oop [136]=Oop [144]=Oop [152]=Oop [160]=Oop [168]=Oop [176]=Oop [184]=Oop [192]=Oop [200]=Oop [208]=Oop [216]=Oop [224]=Oop }
                      ;*invokeinterface first {reexecute=0 rethrow=0 return_oop=1}
                      ; - clojure.lang.AFn::applyToHelper@1357 (line 267)
  0x00007e782b0f2360: 7c36 29ff 

  0x00007e782b0f2364: ;   {post_call_nop}
  0x00007e782b0f2364: 0f1f 8400 | 0000 0000 | 488b b424 | 8800 0000 | 488b d548 | 8b8c 2490 | 0000 004c | 8b84 2498 
  0x00007e782b0f2384: 0000 004c | 8b8c 24a0 | 0000 0048 | 8bbc 24a8 | 0000 004c | 8b94 24b0 | 0000 004c | 8914 244c 
  0x00007e782b0f23a4: 8b94 24b8 | 0000 004c | 8954 2408 | 4c8b 9424 | c000 0000 | 4c89 5424 | 104c 8b94 | 24c8 0000 
  0x00007e782b0f23c4: 004c 8954 | 2418 4c8b | 9424 d000 | 0000 4c89 | 5424 204c | 8b94 24d8 | 0000 004c | 8954 2428 
  0x00007e782b0f23e4: 4c8b 9424 | e000 0000 | 4c89 5424 | 3048 8944 | 2438 6666 | 9048 b878 | c259 c477 

  0x00007e782b0f2400: ;   {virtual_call}
  0x00007e782b0f2400: 7e00 00e8 

  0x00007e782b0f2404: ; ImmutableOopMap {}
                      ;*invokeinterface invoke {reexecute=0 rethrow=0 return_oop=1}
                      ; - clojure.lang.AFn::applyToHelper@1368 (line 255)
  0x00007e782b0f2404: d835 29ff 

  0x00007e782b0f2408: ;   {post_call_nop}
  0x00007e782b0f2408: 0f1f 8400 | 0000 0000 | e907 1700 | 0048 8bb4 | 2480 0000 | 0048 8bee | 9048 b8a0 | c259 c477 
  0x00007e782b0f2428: ;   {virtual_call}
  0x00007e782b0f2428: 7e00 00e8 

  0x00007e782b0f242c: ; ImmutableOopMap {rbp=Oop [128]=Oop [136]=Oop }
                      ;*invokeinterface first {reexecute=0 rethrow=0 return_oop=1}
                      ; - clojure.lang.AFn::applyToHelper@1039 (line 241)
  0x00007e782b0f242c: b035 29ff 

  0x00007e782b0f2430: ;   {post_call_nop}
  0x00007e782b0f2430: 0f1f 8400 | 0000 0000 | 488b e848 | 8bb4 2480 | 0000 0066 | 9048 b8c8 | c259 c477 

  0x00007e782b0f244c: ;   {virtual_call}
  0x00007e782b0f244c: 7e00 00e8 

  0x00007e782b0f2450: ; ImmutableOopMap {rbp=Oop [136]=Oop }
                      ;*invokeinterface next {reexecute=0 rethrow=0 return_oop=1}
                      ; - clojure.lang.AFn::applyToHelper@1045 (line 242)
  0x00007e782b0f2450: 8c35 29ff 

  0x00007e782b0f2454: ;   {post_call_nop}
  0x00007e782b0f2454: 0f1f 8400 | 0000 0000 | 4889 8424 | 8000 0000 | 488b f066 | 9048 b8f0 | c259 c477 

  0x00007e782b0f2470: ;   {virtual_call}
  0x00007e782b0f2470: 7e00 00e8 

  0x00007e782b0f2474: ; ImmutableOopMap {rbp=Oop [128]=Oop [136]=Oop }
                      ;*invokeinterface first {reexecute=0 rethrow=0 return_oop=1}
                      ; - clojure.lang.AFn::applyToHelper@1052 (line 242)
  0x00007e782b0f2474: 6835 29ff 

  0x00007e782b0f2478: ;   {post_call_nop}
  0x00007e782b0f2478: 0f1f 8400 | 0000 0000 | 4889 8424 | 9000 0000 | 488b b424 | 8000 0000 | 9048 b818 | c359 c477 
  0x00007e782b0f2498: ;   {virtual_call}
  0x00007e782b0f2498: 7e00 00e8 

  0x00007e782b0f249c: ; ImmutableOopMap {rbp=Oop [136]=Oop [144]=Oop }
                      ;*invokeinterface next {reexecute=0 rethrow=0 return_oop=1}
                      ; - clojure.lang.AFn::applyToHelper@1058 (line 243)
  0x00007e782b0f249c: 4035 29ff 

  0x00007e782b0f24a0: ;   {post_call_nop}
  0x00007e782b0f24a0: 0f1f 8400 | 0000 0000 | 4889 8424 | 8000 0000 | 488b f066 | 9048 b840 | c359 c477 

  0x00007e782b0f24bc: ;   {virtual_call}
  0x00007e782b0f24bc: 7e00 00e8 

  0x00007e782b0f24c0: ; ImmutableOopMap {rbp=Oop [128]=Oop [136]=Oop [144]=Oop }
                      ;*invokeinterface first {reexecute=0 rethrow=0 return_oop=1}
                      ; - clojure.lang.AFn::applyToHelper@1065 (line 243)
  0x00007e782b0f24c0: 1c35 29ff 

  0x00007e782b0f24c4: ;   {post_call_nop}
  0x00007e782b0f24c4: 0f1f 8400 | 0000 0000 | 4889 8424 | 9800 0000 | 488b b424 | 8000 0000 | 9048 b868 | c359 c477 
  0x00007e782b0f24e4: ;   {virtual_call}
  0x00007e782b0f24e4: 7e00 00e8 

  0x00007e782b0f24e8: ; ImmutableOopMap {rbp=Oop [136]=Oop [144]=Oop [152]=Oop }
                      ;*invokeinterface next {reexecute=0 rethrow=0 return_oop=1}
                      ; - clojure.lang.AFn::applyToHelper@1071 (line 244)
  0x00007e782b0f24e8: f434 29ff 

  0x00007e782b0f24ec: ;   {post_call_nop}
  0x00007e782b0f24ec: 0f1f 8400 | 0000 0000 | 4889 8424 | 8000 0000 | 488b f066 | 9048 b890 | c359 c477 

  0x00007e782b0f2508: ;   {virtual_call}
  0x00007e782b0f2508: 7e00 00e8 

  0x00007e782b0f250c: ; ImmutableOopMap {rbp=Oop [128]=Oop [136]=Oop [144]=Oop [152]=Oop }
                      ;*invokeinterface first {reexecute=0 rethrow=0 return_oop=1}
                      ; - clojure.lang.AFn::applyToHelper@1078 (line 244)
  0x00007e782b0f250c: d034 29ff 

  0x00007e782b0f2510: ;   {post_call_nop}
  0x00007e782b0f2510: 0f1f 8400 | 0000 0000 | 4889 8424 | a000 0000 | 488b b424 | 8000 0000 | 9048 b8b8 | c359 c477 
  0x00007e782b0f2530: ;   {virtual_call}
  0x00007e782b0f2530: 7e00 00e8 

  0x00007e782b0f2534: ; ImmutableOopMap {rbp=Oop [136]=Oop [144]=Oop [152]=Oop [160]=Oop }
                      ;*invokeinterface next {reexecute=0 rethrow=0 return_oop=1}
                      ; - clojure.lang.AFn::applyToHelper@1084 (line 245)
  0x00007e782b0f2534: a834 29ff 

  0x00007e782b0f2538: ;   {post_call_nop}
  0x00007e782b0f2538: 0f1f 8400 | 0000 0000 | 4889 8424 | 8000 0000 | 488b f066 | 9048 b8e0 | c359 c477 

  0x00007e782b0f2554: ;   {virtual_call}
  0x00007e782b0f2554: 7e00 00e8 

  0x00007e782b0f2558: ; ImmutableOopMap {rbp=Oop [128]=Oop [136]=Oop [144]=Oop [152]=Oop [160]=Oop }
                      ;*invokeinterface first {reexecute=0 rethrow=0 return_oop=1}
                      ; - clojure.lang.AFn::applyToHelper@1091 (line 245)
  0x00007e782b0f2558: 8434 29ff 

  0x00007e782b0f255c: ;   {post_call_nop}
  0x00007e782b0f255c: 0f1f 8400 | 0000 0000 | 4889 8424 | a800 0000 | 488b b424 | 8000 0000 | 9048 b808 | c459 c477 
  0x00007e782b0f257c: ;   {virtual_call}
  0x00007e782b0f257c: 7e00 00e8 

  0x00007e782b0f2580: ; ImmutableOopMap {rbp=Oop [136]=Oop [144]=Oop [152]=Oop [160]=Oop [168]=Oop }
                      ;*invokeinterface next {reexecute=0 rethrow=0 return_oop=1}
                      ; - clojure.lang.AFn::applyToHelper@1097 (line 246)
  0x00007e782b0f2580: 5c34 29ff 

  0x00007e782b0f2584: ;   {post_call_nop}
  0x00007e782b0f2584: 0f1f 8400 | 0000 0000 | 4889 8424 | 8000 0000 | 488b f066 | 9048 b830 | c459 c477 

  0x00007e782b0f25a0: ;   {virtual_call}
  0x00007e782b0f25a0: 7e00 00e8 

  0x00007e782b0f25a4: ; ImmutableOopMap {rbp=Oop [128]=Oop [136]=Oop [144]=Oop [152]=Oop [160]=Oop [168]=Oop }
                      ;*invokeinterface first {reexecute=0 rethrow=0 return_oop=1}
                      ; - clojure.lang.AFn::applyToHelper@1104 (line 246)
  0x00007e782b0f25a4: 3834 29ff 

  0x00007e782b0f25a8: ;   {post_call_nop}
  0x00007e782b0f25a8: 0f1f 8400 | 0000 0000 | 4889 8424 | b000 0000 | 488b b424 | 8000 0000 | 9048 b858 | c459 c477 
  0x00007e782b0f25c8: ;   {virtual_call}
  0x00007e782b0f25c8: 7e00 00e8 

  0x00007e782b0f25cc: ; ImmutableOopMap {rbp=Oop [136]=Oop [144]=Oop [152]=Oop [160]=Oop [168]=Oop [176]=Oop }
                      ;*invokeinterface next {reexecute=0 rethrow=0 return_oop=1}
                      ; - clojure.lang.AFn::applyToHelper@1110 (line 247)
  0x00007e782b0f25cc: 1034 29ff 

  0x00007e782b0f25d0: ;   {post_call_nop}
  0x00007e782b0f25d0: 0f1f 8400 | 0000 0000 | 4889 8424 | 8000 0000 | 488b f066 | 9048 b880 | c459 c477 

  0x00007e782b0f25ec: ;   {virtual_call}
  0x00007e782b0f25ec: 7e00 00e8 

  0x00007e782b0f25f0: ; ImmutableOopMap {rbp=Oop [128]=Oop [136]=Oop [144]=Oop [152]=Oop [160]=Oop [168]=Oop [176]=Oop }
                      ;*invokeinterface first {reexecute=0 rethrow=0 return_oop=1}
                      ; - clojure.lang.AFn::applyToHelper@1117 (line 247)
  0x00007e782b0f25f0: ec33 29ff 

  0x00007e782b0f25f4: ;   {post_call_nop}
  0x00007e782b0f25f4: 0f1f 8400 | 0000 0000 | 4889 8424 | b800 0000 | 488b b424 | 8000 0000 | 9048 b8a8 | c459 c477 
  0x00007e782b0f2614: ;   {virtual_call}
  0x00007e782b0f2614: 7e00 00e8 

  0x00007e782b0f2618: ; ImmutableOopMap {rbp=Oop [136]=Oop [144]=Oop [152]=Oop [160]=Oop [168]=Oop [176]=Oop [184]=Oop }
                      ;*invokeinterface next {reexecute=0 rethrow=0 return_oop=1}
                      ; - clojure.lang.AFn::applyToHelper@1123 (line 248)
  0x00007e782b0f2618: c433 29ff 

  0x00007e782b0f261c: ;   {post_call_nop}
  0x00007e782b0f261c: 0f1f 8400 | 0000 0000 | 4889 8424 | 8000 0000 | 488b f066 | 9048 b8d0 | c459 c477 

  0x00007e782b0f2638: ;   {virtual_call}
  0x00007e782b0f2638: 7e00 00e8 

  0x00007e782b0f263c: ; ImmutableOopMap {rbp=Oop [128]=Oop [136]=Oop [144]=Oop [152]=Oop [160]=Oop [168]=Oop [176]=Oop [184]=Oop }
                      ;*invokeinterface first {reexecute=0 rethrow=0 return_oop=1}
                      ; - clojure.lang.AFn::applyToHelper@1130 (line 248)
  0x00007e782b0f263c: a033 29ff 

  0x00007e782b0f2640: ;   {post_call_nop}
  0x00007e782b0f2640: 0f1f 8400 | 0000 0000 | 4889 8424 | c000 0000 | 488b b424 | 8000 0000 | 9048 b8f8 | c459 c477 
  0x00007e782b0f2660: ;   {virtual_call}
  0x00007e782b0f2660: 7e00 00e8 

  0x00007e782b0f2664: ; ImmutableOopMap {rbp=Oop [136]=Oop [144]=Oop [152]=Oop [160]=Oop [168]=Oop [176]=Oop [184]=Oop [192]=Oop }
                      ;*invokeinterface next {reexecute=0 rethrow=0 return_oop=1}
                      ; - clojure.lang.AFn::applyToHelper@1136 (line 249)
  0x00007e782b0f2664: 7833 29ff 

  0x00007e782b0f2668: ;   {post_call_nop}
  0x00007e782b0f2668: 0f1f 8400 | 0000 0000 | 4889 8424 | 8000 0000 | 488b f066 | 9048 b820 | c559 c477 

  0x00007e782b0f2684: ;   {virtual_call}
  0x00007e782b0f2684: 7e00 00e8 

  0x00007e782b0f2688: ; ImmutableOopMap {rbp=Oop [128]=Oop [136]=Oop [144]=Oop [152]=Oop [160]=Oop [168]=Oop [176]=Oop [184]=Oop [192]=Oop }
                      ;*invokeinterface first {reexecute=0 rethrow=0 return_oop=1}
                      ; - clojure.lang.AFn::applyToHelper@1143 (line 249)
  0x00007e782b0f2688: 5433 29ff 

  0x00007e782b0f268c: ;   {post_call_nop}
  0x00007e782b0f268c: 0f1f 8400 | 0000 0000 | 4889 8424 | c800 0000 | 488b b424 | 8000 0000 | 9048 b848 | c559 c477 
  0x00007e782b0f26ac: ;   {virtual_call}
  0x00007e782b0f26ac: 7e00 00e8 

  0x00007e782b0f26b0: ; ImmutableOopMap {rbp=Oop [136]=Oop [144]=Oop [152]=Oop [160]=Oop [168]=Oop [176]=Oop [184]=Oop [192]=Oop [200]=Oop }
                      ;*invokeinterface next {reexecute=0 rethrow=0 return_oop=1}
                      ; - clojure.lang.AFn::applyToHelper@1149 (line 250)
  0x00007e782b0f26b0: 2c33 29ff 

  0x00007e782b0f26b4: ;   {post_call_nop}
  0x00007e782b0f26b4: 0f1f 8400 | 0000 0000 | 4889 8424 | 8000 0000 | 488b f066 | 9048 b870 | c559 c477 

  0x00007e782b0f26d0: ;   {virtual_call}
  0x00007e782b0f26d0: 7e00 00e8 

  0x00007e782b0f26d4: ; ImmutableOopMap {rbp=Oop [128]=Oop [136]=Oop [144]=Oop [152]=Oop [160]=Oop [168]=Oop [176]=Oop [184]=Oop [192]=Oop [200]=Oop }
                      ;*invokeinterface first {reexecute=0 rethrow=0 return_oop=1}
                      ; - clojure.lang.AFn::applyToHelper@1156 (line 250)
  0x00007e782b0f26d4: 0833 29ff 

  0x00007e782b0f26d8: ;   {post_call_nop}
  0x00007e782b0f26d8: 0f1f 8400 | 0000 0000 | 4889 8424 | d000 0000 | 488b b424 | 8000 0000 | 9048 b898 | c559 c477 
  0x00007e782b0f26f8: ;   {virtual_call}
  0x00007e782b0f26f8: 7e00 00e8 

  0x00007e782b0f26fc: ; ImmutableOopMap {rbp=Oop [136]=Oop [144]=Oop [152]=Oop [160]=Oop [168]=Oop [176]=Oop [184]=Oop [192]=Oop [200]=Oop [208]=Oop }
                      ;*invokeinterface next {reexecute=0 rethrow=0 return_oop=1}
                      ; - clojure.lang.AFn::applyToHelper@1162 (line 251)
  0x00007e782b0f26fc: e032 29ff 

  0x00007e782b0f2700: ;   {post_call_nop}
  0x00007e782b0f2700: 0f1f 8400 | 0000 0000 | 4889 8424 | 8000 0000 | 488b f066 | 9048 b8c0 | c559 c477 

  0x00007e782b0f271c: ;   {virtual_call}
  0x00007e782b0f271c: 7e00 00e8 

  0x00007e782b0f2720: ; ImmutableOopMap {rbp=Oop [128]=Oop [136]=Oop [144]=Oop [152]=Oop [160]=Oop [168]=Oop [176]=Oop [184]=Oop [192]=Oop [200]=Oop [208]=Oop }
                      ;*invokeinterface first {reexecute=0 rethrow=0 return_oop=1}
                      ; - clojure.lang.AFn::applyToHelper@1169 (line 251)
  0x00007e782b0f2720: bc32 29ff 

  0x00007e782b0f2724: ;   {post_call_nop}
  0x00007e782b0f2724: 0f1f 8400 | 0000 0000 | 4889 8424 | d800 0000 | 488b b424 | 8000 0000 | 9048 b8e8 | c559 c477 
  0x00007e782b0f2744: ;   {virtual_call}
  0x00007e782b0f2744: 7e00 00e8 

  0x00007e782b0f2748: ; ImmutableOopMap {rbp=Oop [136]=Oop [144]=Oop [152]=Oop [160]=Oop [168]=Oop [176]=Oop [184]=Oop [192]=Oop [200]=Oop [208]=Oop [216]=Oop }
                      ;*invokeinterface next {reexecute=0 rethrow=0 return_oop=1}
                      ; - clojure.lang.AFn::applyToHelper@1175 (line 252)
  0x00007e782b0f2748: 9432 29ff 

  0x00007e782b0f274c: ;   {post_call_nop}
  0x00007e782b0f274c: 0f1f 8400 | 0000 0000 | 488b f066 | 9048 b810 | c659 c477 

  0x00007e782b0f2760: ;   {virtual_call}
  0x00007e782b0f2760: 7e00 00e8 

  0x00007e782b0f2764: ; ImmutableOopMap {rbp=Oop [136]=Oop [144]=Oop [152]=Oop [160]=Oop [168]=Oop [176]=Oop [184]=Oop [192]=Oop [200]=Oop [208]=Oop [216]=Oop }
                      ;*invokeinterface first {reexecute=0 rethrow=0 return_oop=1}
                      ; - clojure.lang.AFn::applyToHelper@1182 (line 252)
  0x00007e782b0f2764: 7832 29ff 

  0x00007e782b0f2768: ;   {post_call_nop}
  0x00007e782b0f2768: 0f1f 8400 | 0000 0000 | 488b b424 | 8800 0000 | 488b d548 | 8b8c 2490 | 0000 004c | 8b84 2498 
  0x00007e782b0f2788: 0000 004c | 8b8c 24a0 | 0000 0048 | 8bbc 24a8 | 0000 004c | 8b9c 24b0 | 0000 004c | 891c 244c 
  0x00007e782b0f27a8: 8b9c 24b8 | 0000 004c | 895c 2408 | 4c8b 9c24 | c000 0000 | 4c89 5c24 | 104c 8b9c | 24c8 0000 
  0x00007e782b0f27c8: 004c 895c | 2418 4c8b | 9c24 d000 | 0000 4c89 | 5c24 204c | 8b9c 24d8 | 0000 004c | 895c 2428 
  0x00007e782b0f27e8: 4889 4424 | 3048 b838 | c659 c477 

  0x00007e782b0f27f4: ;   {virtual_call}
  0x00007e782b0f27f4: 7e00 00e8 

  0x00007e782b0f27f8: ; ImmutableOopMap {}
                      ;*invokeinterface invoke {reexecute=0 rethrow=0 return_oop=1}
                      ; - clojure.lang.AFn::applyToHelper@1193 (line 241)
  0x00007e782b0f27f8: e431 29ff 

  0x00007e782b0f27fc: ;   {post_call_nop}
  0x00007e782b0f27fc: 0f1f 8400 | 0000 0000 | e913 1300 | 0048 8bb4 | 2480 0000 | 0048 8bee | 9048 b860 | c659 c477 
  0x00007e782b0f281c: ;   {virtual_call}
  0x00007e782b0f281c: 7e00 00e8 

  0x00007e782b0f2820: ; ImmutableOopMap {rbp=Oop [128]=Oop [136]=Oop }
                      ;*invokeinterface first {reexecute=0 rethrow=0 return_oop=1}
                      ; - clojure.lang.AFn::applyToHelper@890 (line 228)
  0x00007e782b0f2820: bc31 29ff 

  0x00007e782b0f2824: ;   {post_call_nop}
  0x00007e782b0f2824: 0f1f 8400 | 0000 0000 | 488b e848 | 8bb4 2480 | 0000 0066 | 9048 b888 | c659 c477 

  0x00007e782b0f2840: ;   {virtual_call}
  0x00007e782b0f2840: 7e00 00e8 

  0x00007e782b0f2844: ; ImmutableOopMap {rbp=Oop [136]=Oop }
                      ;*invokeinterface next {reexecute=0 rethrow=0 return_oop=1}
                      ; - clojure.lang.AFn::applyToHelper@896 (line 229)
  0x00007e782b0f2844: 9831 29ff 

  0x00007e782b0f2848: ;   {post_call_nop}
  0x00007e782b0f2848: 0f1f 8400 | 0000 0000 | 4889 8424 | 8000 0000 | 488b f066 | 9048 b8b0 | c659 c477 

  0x00007e782b0f2864: ;   {virtual_call}
  0x00007e782b0f2864: 7e00 00e8 

  0x00007e782b0f2868: ; ImmutableOopMap {rbp=Oop [128]=Oop [136]=Oop }
                      ;*invokeinterface first {reexecute=0 rethrow=0 return_oop=1}
                      ; - clojure.lang.AFn::applyToHelper@903 (line 229)
  0x00007e782b0f2868: 7431 29ff 

  0x00007e782b0f286c: ;   {post_call_nop}
  0x00007e782b0f286c: 0f1f 8400 | 0000 0000 | 4889 8424 | 9000 0000 | 488b b424 | 8000 0000 | 9048 b8d8 | c659 c477 
  0x00007e782b0f288c: ;   {virtual_call}
  0x00007e782b0f288c: 7e00 00e8 

  0x00007e782b0f2890: ; ImmutableOopMap {rbp=Oop [136]=Oop [144]=Oop }
                      ;*invokeinterface next {reexecute=0 rethrow=0 return_oop=1}
                      ; - clojure.lang.AFn::applyToHelper@909 (line 230)
  0x00007e782b0f2890: 4c31 29ff 

  0x00007e782b0f2894: ;   {post_call_nop}
  0x00007e782b0f2894: 0f1f 8400 | 0000 0000 | 4889 8424 | 8000 0000 | 488b f066 | 9048 b800 | c759 c477 

  0x00007e782b0f28b0: ;   {virtual_call}
  0x00007e782b0f28b0: 7e00 00e8 

  0x00007e782b0f28b4: ; ImmutableOopMap {rbp=Oop [128]=Oop [136]=Oop [144]=Oop }
                      ;*invokeinterface first {reexecute=0 rethrow=0 return_oop=1}
                      ; - clojure.lang.AFn::applyToHelper@916 (line 230)
  0x00007e782b0f28b4: 2831 29ff 

  0x00007e782b0f28b8: ;   {post_call_nop}
  0x00007e782b0f28b8: 0f1f 8400 | 0000 0000 | 4889 8424 | 9800 0000 | 488b b424 | 8000 0000 | 9048 b828 | c759 c477 
  0x00007e782b0f28d8: ;   {virtual_call}
  0x00007e782b0f28d8: 7e00 00e8 

  0x00007e782b0f28dc: ; ImmutableOopMap {rbp=Oop [136]=Oop [144]=Oop [152]=Oop }
                      ;*invokeinterface next {reexecute=0 rethrow=0 return_oop=1}
                      ; - clojure.lang.AFn::applyToHelper@922 (line 231)
  0x00007e782b0f28dc: 0031 29ff 

  0x00007e782b0f28e0: ;   {post_call_nop}
  0x00007e782b0f28e0: 0f1f 8400 | 0000 0000 | 4889 8424 | 8000 0000 | 488b f066 | 9048 b850 | c759 c477 

  0x00007e782b0f28fc: ;   {virtual_call}
  0x00007e782b0f28fc: 7e00 00e8 

  0x00007e782b0f2900: ; ImmutableOopMap {rbp=Oop [128]=Oop [136]=Oop [144]=Oop [152]=Oop }
                      ;*invokeinterface first {reexecute=0 rethrow=0 return_oop=1}
                      ; - clojure.lang.AFn::applyToHelper@929 (line 231)
  0x00007e782b0f2900: dc30 29ff 

  0x00007e782b0f2904: ;   {post_call_nop}
  0x00007e782b0f2904: 0f1f 8400 | 0000 0000 | 4889 8424 | a000 0000 | 488b b424 | 8000 0000 | 9048 b878 | c759 c477 
  0x00007e782b0f2924: ;   {virtual_call}
  0x00007e782b0f2924: 7e00 00e8 

  0x00007e782b0f2928: ; ImmutableOopMap {rbp=Oop [136]=Oop [144]=Oop [152]=Oop [160]=Oop }
                      ;*invokeinterface next {reexecute=0 rethrow=0 return_oop=1}
                      ; - clojure.lang.AFn::applyToHelper@935 (line 232)
  0x00007e782b0f2928: b430 29ff 

  0x00007e782b0f292c: ;   {post_call_nop}
  0x00007e782b0f292c: 0f1f 8400 | 0000 0000 | 4889 8424 | 8000 0000 | 488b f066 | 9048 b8a0 | c759 c477 

  0x00007e782b0f2948: ;   {virtual_call}
  0x00007e782b0f2948: 7e00 00e8 

  0x00007e782b0f294c: ; ImmutableOopMap {rbp=Oop [128]=Oop [136]=Oop [144]=Oop [152]=Oop [160]=Oop }
                      ;*invokeinterface first {reexecute=0 rethrow=0 return_oop=1}
                      ; - clojure.lang.AFn::applyToHelper@942 (line 232)
  0x00007e782b0f294c: 9030 29ff 

  0x00007e782b0f2950: ;   {post_call_nop}
  0x00007e782b0f2950: 0f1f 8400 | 0000 0000 | 4889 8424 | a800 0000 | 488b b424 | 8000 0000 | 9048 b8c8 | c759 c477 
  0x00007e782b0f2970: ;   {virtual_call}
  0x00007e782b0f2970: 7e00 00e8 

  0x00007e782b0f2974: ; ImmutableOopMap {rbp=Oop [136]=Oop [144]=Oop [152]=Oop [160]=Oop [168]=Oop }
                      ;*invokeinterface next {reexecute=0 rethrow=0 return_oop=1}
                      ; - clojure.lang.AFn::applyToHelper@948 (line 233)
  0x00007e782b0f2974: 6830 29ff 

  0x00007e782b0f2978: ;   {post_call_nop}
  0x00007e782b0f2978: 0f1f 8400 | 0000 0000 | 4889 8424 | 8000 0000 | 488b f066 | 9048 b8f0 | c759 c477 

  0x00007e782b0f2994: ;   {virtual_call}
  0x00007e782b0f2994: 7e00 00e8 

  0x00007e782b0f2998: ; ImmutableOopMap {rbp=Oop [128]=Oop [136]=Oop [144]=Oop [152]=Oop [160]=Oop [168]=Oop }
                      ;*invokeinterface first {reexecute=0 rethrow=0 return_oop=1}
                      ; - clojure.lang.AFn::applyToHelper@955 (line 233)
  0x00007e782b0f2998: 4430 29ff 

  0x00007e782b0f299c: ;   {post_call_nop}
  0x00007e782b0f299c: 0f1f 8400 | 0000 0000 | 4889 8424 | b000 0000 | 488b b424 | 8000 0000 | 9048 b818 | c859 c477 
  0x00007e782b0f29bc: ;   {virtual_call}
  0x00007e782b0f29bc: 7e00 00e8 

  0x00007e782b0f29c0: ; ImmutableOopMap {rbp=Oop [136]=Oop [144]=Oop [152]=Oop [160]=Oop [168]=Oop [176]=Oop }
                      ;*invokeinterface next {reexecute=0 rethrow=0 return_oop=1}
                      ; - clojure.lang.AFn::applyToHelper@961 (line 234)
  0x00007e782b0f29c0: 1c30 29ff 

  0x00007e782b0f29c4: ;   {post_call_nop}
  0x00007e782b0f29c4: 0f1f 8400 | 0000 0000 | 4889 8424 | 8000 0000 | 488b f066 | 9048 b840 | c859 c477 

  0x00007e782b0f29e0: ;   {virtual_call}
  0x00007e782b0f29e0: 7e00 00e8 

  0x00007e782b0f29e4: ; ImmutableOopMap {rbp=Oop [128]=Oop [136]=Oop [144]=Oop [152]=Oop [160]=Oop [168]=Oop [176]=Oop }
                      ;*invokeinterface first {reexecute=0 rethrow=0 return_oop=1}
                      ; - clojure.lang.AFn::applyToHelper@968 (line 234)
  0x00007e782b0f29e4: f82f 29ff 

  0x00007e782b0f29e8: ;   {post_call_nop}
  0x00007e782b0f29e8: 0f1f 8400 | 0000 0000 | 4889 8424 | b800 0000 | 488b b424 | 8000 0000 | 9048 b868 | c859 c477 
  0x00007e782b0f2a08: ;   {virtual_call}
  0x00007e782b0f2a08: 7e00 00e8 

  0x00007e782b0f2a0c: ; ImmutableOopMap {rbp=Oop [136]=Oop [144]=Oop [152]=Oop [160]=Oop [168]=Oop [176]=Oop [184]=Oop }
                      ;*invokeinterface next {reexecute=0 rethrow=0 return_oop=1}
                      ; - clojure.lang.AFn::applyToHelper@974 (line 235)
  0x00007e782b0f2a0c: d02f 29ff 

  0x00007e782b0f2a10: ;   {post_call_nop}
  0x00007e782b0f2a10: 0f1f 8400 | 0000 0000 | 4889 8424 | 8000 0000 | 488b f066 | 9048 b890 | c859 c477 

  0x00007e782b0f2a2c: ;   {virtual_call}
  0x00007e782b0f2a2c: 7e00 00e8 

  0x00007e782b0f2a30: ; ImmutableOopMap {rbp=Oop [128]=Oop [136]=Oop [144]=Oop [152]=Oop [160]=Oop [168]=Oop [176]=Oop [184]=Oop }
                      ;*invokeinterface first {reexecute=0 rethrow=0 return_oop=1}
                      ; - clojure.lang.AFn::applyToHelper@981 (line 235)
  0x00007e782b0f2a30: ac2f 29ff 

  0x00007e782b0f2a34: ;   {post_call_nop}
  0x00007e782b0f2a34: 0f1f 8400 | 0000 0000 | 4889 8424 | c000 0000 | 488b b424 | 8000 0000 | 9048 b8b8 | c859 c477 
  0x00007e782b0f2a54: ;   {virtual_call}
  0x00007e782b0f2a54: 7e00 00e8 

  0x00007e782b0f2a58: ; ImmutableOopMap {rbp=Oop [136]=Oop [144]=Oop [152]=Oop [160]=Oop [168]=Oop [176]=Oop [184]=Oop [192]=Oop }
                      ;*invokeinterface next {reexecute=0 rethrow=0 return_oop=1}
                      ; - clojure.lang.AFn::applyToHelper@987 (line 236)
  0x00007e782b0f2a58: 842f 29ff 

  0x00007e782b0f2a5c: ;   {post_call_nop}
  0x00007e782b0f2a5c: 0f1f 8400 | 0000 0000 | 4889 8424 | 8000 0000 | 488b f066 | 9048 b8e0 | c859 c477 

  0x00007e782b0f2a78: ;   {virtual_call}
  0x00007e782b0f2a78: 7e00 00e8 

  0x00007e782b0f2a7c: ; ImmutableOopMap {rbp=Oop [128]=Oop [136]=Oop [144]=Oop [152]=Oop [160]=Oop [168]=Oop [176]=Oop [184]=Oop [192]=Oop }
                      ;*invokeinterface first {reexecute=0 rethrow=0 return_oop=1}
                      ; - clojure.lang.AFn::applyToHelper@994 (line 236)
  0x00007e782b0f2a7c: 602f 29ff 

  0x00007e782b0f2a80: ;   {post_call_nop}
  0x00007e782b0f2a80: 0f1f 8400 | 0000 0000 | 4889 8424 | c800 0000 | 488b b424 | 8000 0000 | 9048 b808 | c959 c477 
  0x00007e782b0f2aa0: ;   {virtual_call}
  0x00007e782b0f2aa0: 7e00 00e8 

  0x00007e782b0f2aa4: ; ImmutableOopMap {rbp=Oop [136]=Oop [144]=Oop [152]=Oop [160]=Oop [168]=Oop [176]=Oop [184]=Oop [192]=Oop [200]=Oop }
                      ;*invokeinterface next {reexecute=0 rethrow=0 return_oop=1}
                      ; - clojure.lang.AFn::applyToHelper@1000 (line 237)
  0x00007e782b0f2aa4: 382f 29ff 

  0x00007e782b0f2aa8: ;   {post_call_nop}
  0x00007e782b0f2aa8: 0f1f 8400 | 0000 0000 | 4889 8424 | 8000 0000 | 488b f066 | 9048 b830 | c959 c477 

  0x00007e782b0f2ac4: ;   {virtual_call}
  0x00007e782b0f2ac4: 7e00 00e8 

  0x00007e782b0f2ac8: ; ImmutableOopMap {rbp=Oop [128]=Oop [136]=Oop [144]=Oop [152]=Oop [160]=Oop [168]=Oop [176]=Oop [184]=Oop [192]=Oop [200]=Oop }
                      ;*invokeinterface first {reexecute=0 rethrow=0 return_oop=1}
                      ; - clojure.lang.AFn::applyToHelper@1007 (line 237)
  0x00007e782b0f2ac8: 142f 29ff 

  0x00007e782b0f2acc: ;   {post_call_nop}
  0x00007e782b0f2acc: 0f1f 8400 | 0000 0000 | 4889 8424 | d000 0000 | 488b b424 | 8000 0000 | 9048 b858 | c959 c477 
  0x00007e782b0f2aec: ;   {virtual_call}
  0x00007e782b0f2aec: 7e00 00e8 

  0x00007e782b0f2af0: ; ImmutableOopMap {rbp=Oop [136]=Oop [144]=Oop [152]=Oop [160]=Oop [168]=Oop [176]=Oop [184]=Oop [192]=Oop [200]=Oop [208]=Oop }
                      ;*invokeinterface next {reexecute=0 rethrow=0 return_oop=1}
                      ; - clojure.lang.AFn::applyToHelper@1013 (line 238)
  0x00007e782b0f2af0: ec2e 29ff 

  0x00007e782b0f2af4: ;   {post_call_nop}
  0x00007e782b0f2af4: 0f1f 8400 | 0000 0000 | 488b f066 | 9048 b880 | c959 c477 

  0x00007e782b0f2b08: ;   {virtual_call}
  0x00007e782b0f2b08: 7e00 00e8 

  0x00007e782b0f2b0c: ; ImmutableOopMap {rbp=Oop [136]=Oop [144]=Oop [152]=Oop [160]=Oop [168]=Oop [176]=Oop [184]=Oop [192]=Oop [200]=Oop [208]=Oop }
                      ;*invokeinterface first {reexecute=0 rethrow=0 return_oop=1}
                      ; - clojure.lang.AFn::applyToHelper@1020 (line 238)
  0x00007e782b0f2b0c: d02e 29ff 

  0x00007e782b0f2b10: ;   {post_call_nop}
  0x00007e782b0f2b10: 0f1f 8400 | 0000 0000 | 488b b424 | 8800 0000 | 488b d548 | 8b8c 2490 | 0000 004c | 8b84 2498 
  0x00007e782b0f2b30: 0000 004c | 8b8c 24a0 | 0000 0048 | 8bbc 24a8 | 0000 004c | 8b9c 24b0 | 0000 004c | 891c 244c 
  0x00007e782b0f2b50: 8b9c 24b8 | 0000 004c | 895c 2408 | 4c8b 9c24 | c000 0000 | 4c89 5c24 | 104c 8b9c | 24c8 0000 
  0x00007e782b0f2b70: 004c 895c | 2418 4c8b | 9c24 d000 | 0000 4c89 | 5c24 2048 | 8944 2428 | 9048 b8a8 | c959 c477 
  0x00007e782b0f2b90: ;   {virtual_call}
  0x00007e782b0f2b90: 7e00 00e8 

  0x00007e782b0f2b94: ; ImmutableOopMap {}
                      ;*invokeinterface invoke {reexecute=0 rethrow=0 return_oop=1}
                      ; - clojure.lang.AFn::applyToHelper@1031 (line 228)
  0x00007e782b0f2b94: 482e 29ff 

  0x00007e782b0f2b98: ;   {post_call_nop}
  0x00007e782b0f2b98: 0f1f 8400 | 0000 0000 | e977 0f00 | 0048 8bb4 | 2480 0000 | 0048 8bee | 9048 b8d0 | c959 c477 
  0x00007e782b0f2bb8: ;   {virtual_call}
  0x00007e782b0f2bb8: 7e00 00e8 

  0x00007e782b0f2bbc: ; ImmutableOopMap {rbp=Oop [128]=Oop [136]=Oop }
                      ;*invokeinterface first {reexecute=0 rethrow=0 return_oop=1}
                      ; - clojure.lang.AFn::applyToHelper@754 (line 216)
  0x00007e782b0f2bbc: 202e 29ff 

  0x00007e782b0f2bc0: ;   {post_call_nop}
  0x00007e782b0f2bc0: 0f1f 8400 | 0000 0000 | 488b e848 | 8bb4 2480 | 0000 0066 | 9048 b8f8 | c959 c477 

  0x00007e782b0f2bdc: ;   {virtual_call}
  0x00007e782b0f2bdc: 7e00 00e8 

  0x00007e782b0f2be0: ; ImmutableOopMap {rbp=Oop [136]=Oop }
                      ;*invokeinterface next {reexecute=0 rethrow=0 return_oop=1}
                      ; - clojure.lang.AFn::applyToHelper@760 (line 217)
  0x00007e782b0f2be0: fc2d 29ff 

  0x00007e782b0f2be4: ;   {post_call_nop}
  0x00007e782b0f2be4: 0f1f 8400 | 0000 0000 | 4889 8424 | 8000 0000 | 488b f066 | 9048 b820 | ca59 c477 

  0x00007e782b0f2c00: ;   {virtual_call}
  0x00007e782b0f2c00: 7e00 00e8 

  0x00007e782b0f2c04: ; ImmutableOopMap {rbp=Oop [128]=Oop [136]=Oop }
                      ;*invokeinterface first {reexecute=0 rethrow=0 return_oop=1}
                      ; - clojure.lang.AFn::applyToHelper@767 (line 217)
  0x00007e782b0f2c04: d82d 29ff 

  0x00007e782b0f2c08: ;   {post_call_nop}
  0x00007e782b0f2c08: 0f1f 8400 | 0000 0000 | 4889 8424 | 9000 0000 | 488b b424 | 8000 0000 | 9048 b848 | ca59 c477 
  0x00007e782b0f2c28: ;   {virtual_call}
  0x00007e782b0f2c28: 7e00 00e8 

  0x00007e782b0f2c2c: ; ImmutableOopMap {rbp=Oop [136]=Oop [144]=Oop }
                      ;*invokeinterface next {reexecute=0 rethrow=0 return_oop=1}
                      ; - clojure.lang.AFn::applyToHelper@773 (line 218)
  0x00007e782b0f2c2c: b02d 29ff 

  0x00007e782b0f2c30: ;   {post_call_nop}
  0x00007e782b0f2c30: 0f1f 8400 | 0000 0000 | 4889 8424 | 8000 0000 | 488b f066 | 9048 b870 | ca59 c477 

  0x00007e782b0f2c4c: ;   {virtual_call}
  0x00007e782b0f2c4c: 7e00 00e8 

  0x00007e782b0f2c50: ; ImmutableOopMap {rbp=Oop [128]=Oop [136]=Oop [144]=Oop }
                      ;*invokeinterface first {reexecute=0 rethrow=0 return_oop=1}
                      ; - clojure.lang.AFn::applyToHelper@780 (line 218)
  0x00007e782b0f2c50: 8c2d 29ff 

  0x00007e782b0f2c54: ;   {post_call_nop}
  0x00007e782b0f2c54: 0f1f 8400 | 0000 0000 | 4889 8424 | 9800 0000 | 488b b424 | 8000 0000 | 9048 b898 | ca59 c477 
  0x00007e782b0f2c74: ;   {virtual_call}
  0x00007e782b0f2c74: 7e00 00e8 

  0x00007e782b0f2c78: ; ImmutableOopMap {rbp=Oop [136]=Oop [144]=Oop [152]=Oop }
                      ;*invokeinterface next {reexecute=0 rethrow=0 return_oop=1}
                      ; - clojure.lang.AFn::applyToHelper@786 (line 219)
  0x00007e782b0f2c78: 642d 29ff 

  0x00007e782b0f2c7c: ;   {post_call_nop}
  0x00007e782b0f2c7c: 0f1f 8400 | 0000 0000 | 4889 8424 | 8000 0000 | 488b f066 | 9048 b8c0 | ca59 c477 

  0x00007e782b0f2c98: ;   {virtual_call}
  0x00007e782b0f2c98: 7e00 00e8 

  0x00007e782b0f2c9c: ; ImmutableOopMap {rbp=Oop [128]=Oop [136]=Oop [144]=Oop [152]=Oop }
                      ;*invokeinterface first {reexecute=0 rethrow=0 return_oop=1}
                      ; - clojure.lang.AFn::applyToHelper@793 (line 219)
  0x00007e782b0f2c9c: 402d 29ff 

  0x00007e782b0f2ca0: ;   {post_call_nop}
  0x00007e782b0f2ca0: 0f1f 8400 | 0000 0000 | 4889 8424 | a000 0000 | 488b b424 | 8000 0000 | 9048 b8e8 | ca59 c477 
  0x00007e782b0f2cc0: ;   {virtual_call}
  0x00007e782b0f2cc0: 7e00 00e8 

  0x00007e782b0f2cc4: ; ImmutableOopMap {rbp=Oop [136]=Oop [144]=Oop [152]=Oop [160]=Oop }
                      ;*invokeinterface next {reexecute=0 rethrow=0 return_oop=1}
                      ; - clojure.lang.AFn::applyToHelper@799 (line 220)
  0x00007e782b0f2cc4: 182d 29ff 

  0x00007e782b0f2cc8: ;   {post_call_nop}
  0x00007e782b0f2cc8: 0f1f 8400 | 0000 0000 | 4889 8424 | 8000 0000 | 488b f066 | 9048 b810 | cb59 c477 

  0x00007e782b0f2ce4: ;   {virtual_call}
  0x00007e782b0f2ce4: 7e00 00e8 

  0x00007e782b0f2ce8: ; ImmutableOopMap {rbp=Oop [128]=Oop [136]=Oop [144]=Oop [152]=Oop [160]=Oop }
                      ;*invokeinterface first {reexecute=0 rethrow=0 return_oop=1}
                      ; - clojure.lang.AFn::applyToHelper@806 (line 220)
  0x00007e782b0f2ce8: f42c 29ff 

  0x00007e782b0f2cec: ;   {post_call_nop}
  0x00007e782b0f2cec: 0f1f 8400 | 0000 0000 | 4889 8424 | a800 0000 | 488b b424 | 8000 0000 | 9048 b838 | cb59 c477 
  0x00007e782b0f2d0c: ;   {virtual_call}
  0x00007e782b0f2d0c: 7e00 00e8 

  0x00007e782b0f2d10: ; ImmutableOopMap {rbp=Oop [136]=Oop [144]=Oop [152]=Oop [160]=Oop [168]=Oop }
                      ;*invokeinterface next {reexecute=0 rethrow=0 return_oop=1}
                      ; - clojure.lang.AFn::applyToHelper@812 (line 221)
  0x00007e782b0f2d10: cc2c 29ff 

  0x00007e782b0f2d14: ;   {post_call_nop}
  0x00007e782b0f2d14: 0f1f 8400 | 0000 0000 | 4889 8424 | 8000 0000 | 488b f066 | 9048 b860 | cb59 c477 

  0x00007e782b0f2d30: ;   {virtual_call}
  0x00007e782b0f2d30: 7e00 00e8 

  0x00007e782b0f2d34: ; ImmutableOopMap {rbp=Oop [128]=Oop [136]=Oop [144]=Oop [152]=Oop [160]=Oop [168]=Oop }
                      ;*invokeinterface first {reexecute=0 rethrow=0 return_oop=1}
                      ; - clojure.lang.AFn::applyToHelper@819 (line 221)
  0x00007e782b0f2d34: a82c 29ff 

  0x00007e782b0f2d38: ;   {post_call_nop}
  0x00007e782b0f2d38: 0f1f 8400 | 0000 0000 | 4889 8424 | b000 0000 | 488b b424 | 8000 0000 | 9048 b888 | cb59 c477 
  0x00007e782b0f2d58: ;   {virtual_call}
  0x00007e782b0f2d58: 7e00 00e8 

  0x00007e782b0f2d5c: ; ImmutableOopMap {rbp=Oop [136]=Oop [144]=Oop [152]=Oop [160]=Oop [168]=Oop [176]=Oop }
                      ;*invokeinterface next {reexecute=0 rethrow=0 return_oop=1}
                      ; - clojure.lang.AFn::applyToHelper@825 (line 222)
  0x00007e782b0f2d5c: 802c 29ff 

  0x00007e782b0f2d60: ;   {post_call_nop}
  0x00007e782b0f2d60: 0f1f 8400 | 0000 0000 | 4889 8424 | 8000 0000 | 488b f066 | 9048 b8b0 | cb59 c477 

  0x00007e782b0f2d7c: ;   {virtual_call}
  0x00007e782b0f2d7c: 7e00 00e8 

  0x00007e782b0f2d80: ; ImmutableOopMap {rbp=Oop [128]=Oop [136]=Oop [144]=Oop [152]=Oop [160]=Oop [168]=Oop [176]=Oop }
                      ;*invokeinterface first {reexecute=0 rethrow=0 return_oop=1}
                      ; - clojure.lang.AFn::applyToHelper@832 (line 222)
  0x00007e782b0f2d80: 5c2c 29ff 

  0x00007e782b0f2d84: ;   {post_call_nop}
  0x00007e782b0f2d84: 0f1f 8400 | 0000 0000 | 4889 8424 | b800 0000 | 488b b424 | 8000 0000 | 9048 b8d8 | cb59 c477 
  0x00007e782b0f2da4: ;   {virtual_call}
  0x00007e782b0f2da4: 7e00 00e8 

  0x00007e782b0f2da8: ; ImmutableOopMap {rbp=Oop [136]=Oop [144]=Oop [152]=Oop [160]=Oop [168]=Oop [176]=Oop [184]=Oop }
                      ;*invokeinterface next {reexecute=0 rethrow=0 return_oop=1}
                      ; - clojure.lang.AFn::applyToHelper@838 (line 223)
  0x00007e782b0f2da8: 342c 29ff 

  0x00007e782b0f2dac: ;   {post_call_nop}
  0x00007e782b0f2dac: 0f1f 8400 | 0000 0000 | 4889 8424 | 8000 0000 | 488b f066 | 9048 b800 | cc59 c477 

  0x00007e782b0f2dc8: ;   {virtual_call}
  0x00007e782b0f2dc8: 7e00 00e8 

  0x00007e782b0f2dcc: ; ImmutableOopMap {rbp=Oop [128]=Oop [136]=Oop [144]=Oop [152]=Oop [160]=Oop [168]=Oop [176]=Oop [184]=Oop }
                      ;*invokeinterface first {reexecute=0 rethrow=0 return_oop=1}
                      ; - clojure.lang.AFn::applyToHelper@845 (line 223)
  0x00007e782b0f2dcc: 102c 29ff 

  0x00007e782b0f2dd0: ;   {post_call_nop}
  0x00007e782b0f2dd0: 0f1f 8400 | 0000 0000 | 4889 8424 | c000 0000 | 488b b424 | 8000 0000 | 9048 b828 | cc59 c477 
  0x00007e782b0f2df0: ;   {virtual_call}
  0x00007e782b0f2df0: 7e00 00e8 

  0x00007e782b0f2df4: ; ImmutableOopMap {rbp=Oop [136]=Oop [144]=Oop [152]=Oop [160]=Oop [168]=Oop [176]=Oop [184]=Oop [192]=Oop }
                      ;*invokeinterface next {reexecute=0 rethrow=0 return_oop=1}
                      ; - clojure.lang.AFn::applyToHelper@851 (line 224)
  0x00007e782b0f2df4: e82b 29ff 

  0x00007e782b0f2df8: ;   {post_call_nop}
  0x00007e782b0f2df8: 0f1f 8400 | 0000 0000 | 4889 8424 | 8000 0000 | 488b f066 | 9048 b850 | cc59 c477 

  0x00007e782b0f2e14: ;   {virtual_call}
  0x00007e782b0f2e14: 7e00 00e8 

  0x00007e782b0f2e18: ; ImmutableOopMap {rbp=Oop [128]=Oop [136]=Oop [144]=Oop [152]=Oop [160]=Oop [168]=Oop [176]=Oop [184]=Oop [192]=Oop }
                      ;*invokeinterface first {reexecute=0 rethrow=0 return_oop=1}
                      ; - clojure.lang.AFn::applyToHelper@858 (line 224)
  0x00007e782b0f2e18: c42b 29ff 

  0x00007e782b0f2e1c: ;   {post_call_nop}
  0x00007e782b0f2e1c: 0f1f 8400 | 0000 0000 | 4889 8424 | c800 0000 | 488b b424 | 8000 0000 | 9048 b878 | cc59 c477 
  0x00007e782b0f2e3c: ;   {virtual_call}
  0x00007e782b0f2e3c: 7e00 00e8 

  0x00007e782b0f2e40: ; ImmutableOopMap {rbp=Oop [136]=Oop [144]=Oop [152]=Oop [160]=Oop [168]=Oop [176]=Oop [184]=Oop [192]=Oop [200]=Oop }
                      ;*invokeinterface next {reexecute=0 rethrow=0 return_oop=1}
                      ; - clojure.lang.AFn::applyToHelper@864 (line 225)
  0x00007e782b0f2e40: 9c2b 29ff 

  0x00007e782b0f2e44: ;   {post_call_nop}
  0x00007e782b0f2e44: 0f1f 8400 | 0000 0000 | 488b f066 | 9048 b8a0 | cc59 c477 

  0x00007e782b0f2e58: ;   {virtual_call}
  0x00007e782b0f2e58: 7e00 00e8 

  0x00007e782b0f2e5c: ; ImmutableOopMap {rbp=Oop [136]=Oop [144]=Oop [152]=Oop [160]=Oop [168]=Oop [176]=Oop [184]=Oop [192]=Oop [200]=Oop }
                      ;*invokeinterface first {reexecute=0 rethrow=0 return_oop=1}
                      ; - clojure.lang.AFn::applyToHelper@871 (line 225)
  0x00007e782b0f2e5c: 802b 29ff 

  0x00007e782b0f2e60: ;   {post_call_nop}
  0x00007e782b0f2e60: 0f1f 8400 | 0000 0000 | 488b b424 | 8800 0000 | 488b d548 | 8b8c 2490 | 0000 004c | 8b84 2498 
  0x00007e782b0f2e80: 0000 004c | 8b8c 24a0 | 0000 0048 | 8bbc 24a8 | 0000 004c | 8b9c 24b0 | 0000 004c | 891c 244c 
  0x00007e782b0f2ea0: 8b9c 24b8 | 0000 004c | 895c 2408 | 4c8b 9c24 | c000 0000 | 4c89 5c24 | 104c 8b9c | 24c8 0000 
  0x00007e782b0f2ec0: 004c 895c | 2418 4889 | 4424 2066 | 9048 b8c8 | cc59 c477 

  0x00007e782b0f2ed4: ;   {virtual_call}
  0x00007e782b0f2ed4: 7e00 00e8 

  0x00007e782b0f2ed8: ; ImmutableOopMap {}
                      ;*invokeinterface invoke {reexecute=0 rethrow=0 return_oop=1}
                      ; - clojure.lang.AFn::applyToHelper@882 (line 216)
  0x00007e782b0f2ed8: 042b 29ff 

  0x00007e782b0f2edc: ;   {post_call_nop}
  0x00007e782b0f2edc: 0f1f 8400 | 0000 0000 | e933 0c00 | 0048 8bb4 | 2480 0000 | 0048 b8f0 | cc59 c477 

  0x00007e782b0f2ef8: ;   {virtual_call}
  0x00007e782b0f2ef8: 7e00 00e8 

  0x00007e782b0f2efc: ; ImmutableOopMap {[128]=Oop [136]=Oop }
                      ;*invokeinterface first {reexecute=0 rethrow=0 return_oop=1}
                      ; - clojure.lang.AFn::applyToHelper@631 (line 205)
  0x00007e782b0f2efc: 8f71 8fff 

  0x00007e782b0f2f00: ;   {post_call_nop}
  0x00007e782b0f2f00: 0f1f 8400 | 0000 0000 | 488b e848 | 8bb4 2480 | 0000 0066 | 9048 b818 | cd59 c477 

  0x00007e782b0f2f1c: ;   {virtual_call}
  0x00007e782b0f2f1c: 7e00 00e8 

  0x00007e782b0f2f20: ; ImmutableOopMap {rbp=Oop [136]=Oop }
                      ;*invokeinterface next {reexecute=0 rethrow=0 return_oop=1}
                      ; - clojure.lang.AFn::applyToHelper@637 (line 206)
  0x00007e782b0f2f20: 6b32 84ff 

  0x00007e782b0f2f24: ;   {post_call_nop}
  0x00007e782b0f2f24: 0f1f 8400 | 0000 0000 | 4889 8424 | 8000 0000 | 488b f066 | 9048 b840 | cd59 c477 

  0x00007e782b0f2f40: ;   {virtual_call}
  0x00007e782b0f2f40: 7e00 00e8 

  0x00007e782b0f2f44: ; ImmutableOopMap {rbp=Oop [128]=Oop [136]=Oop }
                      ;*invokeinterface first {reexecute=0 rethrow=0 return_oop=1}
                      ; - clojure.lang.AFn::applyToHelper@644 (line 206)
  0x00007e782b0f2f44: 4771 8fff 

  0x00007e782b0f2f48: ;   {post_call_nop}
  0x00007e782b0f2f48: 0f1f 8400 | 0000 0000 | 4889 8424 | 9000 0000 | 488b b424 | 8000 0000 | 9048 b868 | cd59 c477 
  0x00007e782b0f2f68: ;   {virtual_call}
  0x00007e782b0f2f68: 7e00 00e8 

  0x00007e782b0f2f6c: ; ImmutableOopMap {rbp=Oop [136]=Oop [144]=Oop }
                      ;*invokeinterface next {reexecute=0 rethrow=0 return_oop=1}
                      ; - clojure.lang.AFn::applyToHelper@650 (line 207)
  0x00007e782b0f2f6c: 1f32 84ff 

  0x00007e782b0f2f70: ;   {post_call_nop}
  0x00007e782b0f2f70: 0f1f 8400 | 0000 0000 | 4889 8424 | 8000 0000 | 488b f066 | 9048 b890 | cd59 c477 

  0x00007e782b0f2f8c: ;   {virtual_call}
  0x00007e782b0f2f8c: 7e00 00e8 

  0x00007e782b0f2f90: ; ImmutableOopMap {rbp=Oop [128]=Oop [136]=Oop [144]=Oop }
                      ;*invokeinterface first {reexecute=0 rethrow=0 return_oop=1}
                      ; - clojure.lang.AFn::applyToHelper@657 (line 207)
  0x00007e782b0f2f90: fb70 8fff 

  0x00007e782b0f2f94: ;   {post_call_nop}
  0x00007e782b0f2f94: 0f1f 8400 | 0000 0000 | 4889 8424 | 9800 0000 | 488b b424 | 8000 0000 | 9048 b8b8 | cd59 c477 
  0x00007e782b0f2fb4: ;   {virtual_call}
  0x00007e782b0f2fb4: 7e00 00e8 

  0x00007e782b0f2fb8: ; ImmutableOopMap {rbp=Oop [136]=Oop [144]=Oop [152]=Oop }
                      ;*invokeinterface next {reexecute=0 rethrow=0 return_oop=1}
                      ; - clojure.lang.AFn::applyToHelper@663 (line 208)
  0x00007e782b0f2fb8: d331 84ff 

  0x00007e782b0f2fbc: ;   {post_call_nop}
  0x00007e782b0f2fbc: 0f1f 8400 | 0000 0000 | 4889 8424 | 8000 0000 | 488b f066 | 9048 b8e0 | cd59 c477 

  0x00007e782b0f2fd8: ;   {virtual_call}
  0x00007e782b0f2fd8: 7e00 00e8 

  0x00007e782b0f2fdc: ; ImmutableOopMap {rbp=Oop [128]=Oop [136]=Oop [144]=Oop [152]=Oop }
                      ;*invokeinterface first {reexecute=0 rethrow=0 return_oop=1}
                      ; - clojure.lang.AFn::applyToHelper@670 (line 208)
  0x00007e782b0f2fdc: af70 8fff 

  0x00007e782b0f2fe0: ;   {post_call_nop}
  0x00007e782b0f2fe0: 0f1f 8400 | 0000 0000 | 4889 8424 | a000 0000 | 488b b424 | 8000 0000 | 9048 b808 | ce59 c477 
  0x00007e782b0f3000: ;   {virtual_call}
  0x00007e782b0f3000: 7e00 00e8 

  0x00007e782b0f3004: ; ImmutableOopMap {rbp=Oop [136]=Oop [144]=Oop [152]=Oop [160]=Oop }
                      ;*invokeinterface next {reexecute=0 rethrow=0 return_oop=1}
                      ; - clojure.lang.AFn::applyToHelper@676 (line 209)
  0x00007e782b0f3004: 8731 84ff 

  0x00007e782b0f3008: ;   {post_call_nop}
  0x00007e782b0f3008: 0f1f 8400 | 0000 0000 | 4889 8424 | 8000 0000 | 488b f066 | 9048 b830 | ce59 c477 

  0x00007e782b0f3024: ;   {virtual_call}
  0x00007e782b0f3024: 7e00 00e8 

  0x00007e782b0f3028: ; ImmutableOopMap {rbp=Oop [128]=Oop [136]=Oop [144]=Oop [152]=Oop [160]=Oop }
                      ;*invokeinterface first {reexecute=0 rethrow=0 return_oop=1}
                      ; - clojure.lang.AFn::applyToHelper@683 (line 209)
  0x00007e782b0f3028: 6370 8fff 

  0x00007e782b0f302c: ;   {post_call_nop}
  0x00007e782b0f302c: 0f1f 8400 | 0000 0000 | 4889 8424 | a800 0000 | 488b b424 | 8000 0000 | 9048 b858 | ce59 c477 
  0x00007e782b0f304c: ;   {virtual_call}
  0x00007e782b0f304c: 7e00 00e8 

  0x00007e782b0f3050: ; ImmutableOopMap {rbp=Oop [136]=Oop [144]=Oop [152]=Oop [160]=Oop [168]=Oop }
                      ;*invokeinterface next {reexecute=0 rethrow=0 return_oop=1}
                      ; - clojure.lang.AFn::applyToHelper@689 (line 210)
  0x00007e782b0f3050: 3b31 84ff 

  0x00007e782b0f3054: ;   {post_call_nop}
  0x00007e782b0f3054: 0f1f 8400 | 0000 0000 | 4889 8424 | 8000 0000 | 488b f066 | 9048 b880 | ce59 c477 

  0x00007e782b0f3070: ;   {virtual_call}
  0x00007e782b0f3070: 7e00 00e8 

  0x00007e782b0f3074: ; ImmutableOopMap {rbp=Oop [128]=Oop [136]=Oop [144]=Oop [152]=Oop [160]=Oop [168]=Oop }
                      ;*invokeinterface first {reexecute=0 rethrow=0 return_oop=1}
                      ; - clojure.lang.AFn::applyToHelper@696 (line 210)
  0x00007e782b0f3074: 970e 07f8 

  0x00007e782b0f3078: ;   {post_call_nop}
  0x00007e782b0f3078: 0f1f 8400 | 0000 0000 | 4889 8424 | b000 0000 | 488b b424 | 8000 0000 | 9048 b8a8 | ce59 c477 
  0x00007e782b0f3098: ;   {virtual_call}
  0x00007e782b0f3098: 7e00 00e8 

  0x00007e782b0f309c: ; ImmutableOopMap {rbp=Oop [136]=Oop [144]=Oop [152]=Oop [160]=Oop [168]=Oop [176]=Oop }
                      ;*invokeinterface next {reexecute=0 rethrow=0 return_oop=1}
                      ; - clojure.lang.AFn::applyToHelper@702 (line 211)
  0x00007e782b0f309c: 6f48 e1f7 

  0x00007e782b0f30a0: ;   {post_call_nop}
  0x00007e782b0f30a0: 0f1f 8400 | 0000 0000 | 4889 8424 | 8000 0000 | 488b f066 | 9048 b8d0 | ce59 c477 

  0x00007e782b0f30bc: ;   {virtual_call}
  0x00007e782b0f30bc: 7e00 00e8 

  0x00007e782b0f30c0: ; ImmutableOopMap {rbp=Oop [128]=Oop [136]=Oop [144]=Oop [152]=Oop [160]=Oop [168]=Oop [176]=Oop }
                      ;*invokeinterface first {reexecute=0 rethrow=0 return_oop=1}
                      ; - clojure.lang.AFn::applyToHelper@709 (line 211)
  0x00007e782b0f30c0: 4b0e 07f8 

  0x00007e782b0f30c4: ;   {post_call_nop}
  0x00007e782b0f30c4: 0f1f 8400 | 0000 0000 | 4889 8424 | b800 0000 | 488b b424 | 8000 0000 | 9048 b8f8 | ce59 c477 
  0x00007e782b0f30e4: ;   {virtual_call}
  0x00007e782b0f30e4: 7e00 00e8 

  0x00007e782b0f30e8: ; ImmutableOopMap {rbp=Oop [136]=Oop [144]=Oop [152]=Oop [160]=Oop [168]=Oop [176]=Oop [184]=Oop }
                      ;*invokeinterface next {reexecute=0 rethrow=0 return_oop=1}
                      ; - clojure.lang.AFn::applyToHelper@715 (line 212)
  0x00007e782b0f30e8: 2348 e1f7 

  0x00007e782b0f30ec: ;   {post_call_nop}
  0x00007e782b0f30ec: 0f1f 8400 | 0000 0000 | 4889 8424 | 8000 0000 | 488b f066 | 9048 b820 | cf59 c477 

  0x00007e782b0f3108: ;   {virtual_call}
  0x00007e782b0f3108: 7e00 00e8 

  0x00007e782b0f310c: ; ImmutableOopMap {rbp=Oop [128]=Oop [136]=Oop [144]=Oop [152]=Oop [160]=Oop [168]=Oop [176]=Oop [184]=Oop }
                      ;*invokeinterface first {reexecute=0 rethrow=0 return_oop=1}
                      ; - clojure.lang.AFn::applyToHelper@722 (line 212)
  0x00007e782b0f310c: ff0d 07f8 

  0x00007e782b0f3110: ;   {post_call_nop}
  0x00007e782b0f3110: 0f1f 8400 | 0000 0000 | 4889 8424 | c000 0000 | 488b b424 | 8000 0000 | 9048 b848 | cf59 c477 
  0x00007e782b0f3130: ;   {virtual_call}
  0x00007e782b0f3130: 7e00 00e8 

  0x00007e782b0f3134: ; ImmutableOopMap {rbp=Oop [136]=Oop [144]=Oop [152]=Oop [160]=Oop [168]=Oop [176]=Oop [184]=Oop [192]=Oop }
                      ;*invokeinterface next {reexecute=0 rethrow=0 return_oop=1}
                      ; - clojure.lang.AFn::applyToHelper@728 (line 213)
  0x00007e782b0f3134: d747 e1f7 

  0x00007e782b0f3138: ;   {post_call_nop}
  0x00007e782b0f3138: 0f1f 8400 | 0000 0000 | 488b f066 | 9048 b870 | cf59 c477 

  0x00007e782b0f314c: ;   {virtual_call}
  0x00007e782b0f314c: 7e00 00e8 

  0x00007e782b0f3150: ; ImmutableOopMap {rbp=Oop [136]=Oop [144]=Oop [152]=Oop [160]=Oop [168]=Oop [176]=Oop [184]=Oop [192]=Oop }
                      ;*invokeinterface first {reexecute=0 rethrow=0 return_oop=1}
                      ; - clojure.lang.AFn::applyToHelper@735 (line 213)
  0x00007e782b0f3150: bb0d 07f8 

  0x00007e782b0f3154: ;   {post_call_nop}
  0x00007e782b0f3154: 0f1f 8400 | 0000 0000 | 488b b424 | 8800 0000 | 488b d548 | 8b8c 2490 | 0000 004c | 8b84 2498 
  0x00007e782b0f3174: 0000 004c | 8b8c 24a0 | 0000 0048 | 8bbc 24a8 | 0000 004c | 8b9c 24b0 | 0000 004c | 891c 244c 
  0x00007e782b0f3194: 8b9c 24b8 | 0000 004c | 895c 2408 | 4c8b 9c24 | c000 0000 | 4c89 5c24 | 1048 8944 | 2418 6666 
  0x00007e782b0f31b4: 9048 b898 | cf59 c477 

  0x00007e782b0f31bc: ;   {virtual_call}
  0x00007e782b0f31bc: 7e00 00e8 

  0x00007e782b0f31c0: ; ImmutableOopMap {}
                      ;*invokeinterface invoke {reexecute=0 rethrow=0 return_oop=1}
                      ; - clojure.lang.AFn::applyToHelper@746 (line 205)
  0x00007e782b0f31c0: 0961 26ff 

  0x00007e782b0f31c4: ;   {post_call_nop}
  0x00007e782b0f31c4: 0f1f 8400 | 0000 0000 | e94b 0900 | 0048 8bb4 | 2480 0000 | 0048 b8c0 | cf59 c477 

  0x00007e782b0f31e0: ;   {virtual_call}
  0x00007e782b0f31e0: 7e00 00e8 

  0x00007e782b0f31e4: ; ImmutableOopMap {[128]=Oop [136]=Oop }
                      ;*invokeinterface first {reexecute=0 rethrow=0 return_oop=1}
                      ; - clojure.lang.AFn::applyToHelper@521 (line 195)
  0x00007e782b0f31e4: f827 29ff 

  0x00007e782b0f31e8: ;   {post_call_nop}
  0x00007e782b0f31e8: 0f1f 8400 | 0000 0000 | 4889 8424 | 9000 0000 | 488b b424 | 8000 0000 | 9048 b8e8 | cf59 c477 
  0x00007e782b0f3208: ;   {virtual_call}
  0x00007e782b0f3208: 7e00 00e8 

  0x00007e782b0f320c: ; ImmutableOopMap {[136]=Oop [144]=Oop }
                      ;*invokeinterface next {reexecute=0 rethrow=0 return_oop=1}
                      ; - clojure.lang.AFn::applyToHelper@527 (line 196)
  0x00007e782b0f320c: d027 29ff 

  0x00007e782b0f3210: ;   {post_call_nop}
  0x00007e782b0f3210: 0f1f 8400 | 0000 0000 | 488b e848 | 8bf0 6666 | 9048 b810 | d059 c477 

  0x00007e782b0f3228: ;   {virtual_call}
  0x00007e782b0f3228: 7e00 00e8 

  0x00007e782b0f322c: ; ImmutableOopMap {rbp=Oop [136]=Oop [144]=Oop }
                      ;*invokeinterface first {reexecute=0 rethrow=0 return_oop=1}
                      ; - clojure.lang.AFn::applyToHelper@534 (line 196)
  0x00007e782b0f322c: b027 29ff 

  0x00007e782b0f3230: ;   {post_call_nop}
  0x00007e782b0f3230: 0f1f 8400 | 0000 0000 | 4889 8424 | 8000 0000 | 488b f566 | 9048 b838 | d059 c477 

  0x00007e782b0f324c: ;   {virtual_call}
  0x00007e782b0f324c: 7e00 00e8 

  0x00007e782b0f3250: ; ImmutableOopMap {[128]=Oop [136]=Oop [144]=Oop }
                      ;*invokeinterface next {reexecute=0 rethrow=0 return_oop=1}
                      ; - clojure.lang.AFn::applyToHelper@540 (line 197)
  0x00007e782b0f3250: 8c27 29ff 

  0x00007e782b0f3254: ;   {post_call_nop}
  0x00007e782b0f3254: 0f1f 8400 | 0000 0000 | 488b e848 | 8bf0 6666 | 9048 b860 | d059 c477 

  0x00007e782b0f326c: ;   {virtual_call}
  0x00007e782b0f326c: 7e00 00e8 

  0x00007e782b0f3270: ; ImmutableOopMap {rbp=Oop [128]=Oop [136]=Oop [144]=Oop }
                      ;*invokeinterface first {reexecute=0 rethrow=0 return_oop=1}
                      ; - clojure.lang.AFn::applyToHelper@547 (line 197)
  0x00007e782b0f3270: 6c27 29ff 

  0x00007e782b0f3274: ;   {post_call_nop}
  0x00007e782b0f3274: 0f1f 8400 | 0000 0000 | 4889 8424 | 9800 0000 | 488b f566 | 9048 b888 | d059 c477 

  0x00007e782b0f3290: ;   {virtual_call}
  0x00007e782b0f3290: 7e00 00e8 

  0x00007e782b0f3294: ; ImmutableOopMap {[128]=Oop [136]=Oop [144]=Oop [152]=Oop }
                      ;*invokeinterface next {reexecute=0 rethrow=0 return_oop=1}
                      ; - clojure.lang.AFn::applyToHelper@553 (line 198)
  0x00007e782b0f3294: 4827 29ff 

  0x00007e782b0f3298: ;   {post_call_nop}
  0x00007e782b0f3298: 0f1f 8400 | 0000 0000 | 488b e848 | 8bf0 6666 | 9048 b8b0 | d059 c477 

  0x00007e782b0f32b0: ;   {virtual_call}
  0x00007e782b0f32b0: 7e00 00e8 

  0x00007e782b0f32b4: ; ImmutableOopMap {rbp=Oop [128]=Oop [136]=Oop [144]=Oop [152]=Oop }
                      ;*invokeinterface first {reexecute=0 rethrow=0 return_oop=1}
                      ; - clojure.lang.AFn::applyToHelper@560 (line 198)
  0x00007e782b0f32b4: 2827 29ff 

  0x00007e782b0f32b8: ;   {post_call_nop}
  0x00007e782b0f32b8: 0f1f 8400 | 0000 0000 | 4889 8424 | a000 0000 | 488b f566 | 9048 b8d8 | d059 c477 

  0x00007e782b0f32d4: ;   {virtual_call}
  0x00007e782b0f32d4: 7e00 00e8 

  0x00007e782b0f32d8: ; ImmutableOopMap {[128]=Oop [136]=Oop [144]=Oop [152]=Oop [160]=Oop }
                      ;*invokeinterface next {reexecute=0 rethrow=0 return_oop=1}
                      ; - clojure.lang.AFn::applyToHelper@566 (line 199)
  0x00007e782b0f32d8: 0427 29ff 

  0x00007e782b0f32dc: ;   {post_call_nop}
  0x00007e782b0f32dc: 0f1f 8400 | 0000 0000 | 488b e848 | 8bf0 6666 | 9048 b800 | d159 c477 

  0x00007e782b0f32f4: ;   {virtual_call}
  0x00007e782b0f32f4: 7e00 00e8 

  0x00007e782b0f32f8: ; ImmutableOopMap {rbp=Oop [128]=Oop [136]=Oop [144]=Oop [152]=Oop [160]=Oop }
                      ;*invokeinterface first {reexecute=0 rethrow=0 return_oop=1}
                      ; - clojure.lang.AFn::applyToHelper@573 (line 199)
  0x00007e782b0f32f8: e426 29ff 

  0x00007e782b0f32fc: ;   {post_call_nop}
  0x00007e782b0f32fc: 0f1f 8400 | 0000 0000 | 4889 8424 | a800 0000 | 488b f566 | 9048 b828 | d159 c477 

  0x00007e782b0f3318: ;   {virtual_call}
  0x00007e782b0f3318: 7e00 00e8 

  0x00007e782b0f331c: ; ImmutableOopMap {[128]=Oop [136]=Oop [144]=Oop [152]=Oop [160]=Oop [168]=Oop }
                      ;*invokeinterface next {reexecute=0 rethrow=0 return_oop=1}
                      ; - clojure.lang.AFn::applyToHelper@579 (line 200)
  0x00007e782b0f331c: c026 29ff 

  0x00007e782b0f3320: ;   {post_call_nop}
  0x00007e782b0f3320: 0f1f 8400 | 0000 0000 | 4889 8424 | b000 0000 | 488b f066 | 9048 b850 | d159 c477 

  0x00007e782b0f333c: ;   {virtual_call}
  0x00007e782b0f333c: 7e00 00e8 

  0x00007e782b0f3340: ; ImmutableOopMap {[128]=Oop [136]=Oop [144]=Oop [152]=Oop [160]=Oop [168]=Oop [176]=Oop }
                      ;*invokeinterface first {reexecute=0 rethrow=0 return_oop=1}
                      ; - clojure.lang.AFn::applyToHelper@586 (line 200)
  0x00007e782b0f3340: 9c26 29ff 

  0x00007e782b0f3344: ;   {post_call_nop}
  0x00007e782b0f3344: 0f1f 8400 | 0000 0000 | 488b e848 | 8bb4 24b0 | 0000 0066 | 9048 b878 | d159 c477 

  0x00007e782b0f3360: ;   {virtual_call}
  0x00007e782b0f3360: 7e00 00e8 

  0x00007e782b0f3364: ; ImmutableOopMap {rbp=Oop [128]=Oop [136]=Oop [144]=Oop [152]=Oop [160]=Oop [168]=Oop }
                      ;*invokeinterface next {reexecute=0 rethrow=0 return_oop=1}
                      ; - clojure.lang.AFn::applyToHelper@592 (line 201)
  0x00007e782b0f3364: 7826 29ff 

  0x00007e782b0f3368: ;   {post_call_nop}
  0x00007e782b0f3368: 0f1f 8400 | 0000 0000 | 4889 8424 | b000 0000 | 488b f066 | 9048 b8a0 | d159 c477 

  0x00007e782b0f3384: ;   {virtual_call}
  0x00007e782b0f3384: 7e00 00e8 

  0x00007e782b0f3388: ; ImmutableOopMap {rbp=Oop [128]=Oop [136]=Oop [144]=Oop [152]=Oop [160]=Oop [168]=Oop [176]=Oop }
                      ;*invokeinterface first {reexecute=0 rethrow=0 return_oop=1}
                      ; - clojure.lang.AFn::applyToHelper@599 (line 201)
  0x00007e782b0f3388: 5426 29ff 

  0x00007e782b0f338c: ;   {post_call_nop}
  0x00007e782b0f338c: 0f1f 8400 | 0000 0000 | 4889 8424 | b800 0000 | 488b b424 | b000 0000 | 9048 b8c8 | d159 c477 
  0x00007e782b0f33ac: ;   {virtual_call}
  0x00007e782b0f33ac: 7e00 00e8 

  0x00007e782b0f33b0: ; ImmutableOopMap {rbp=Oop [128]=Oop [136]=Oop [144]=Oop [152]=Oop [160]=Oop [168]=Oop [184]=Oop }
                      ;*invokeinterface next {reexecute=0 rethrow=0 return_oop=1}
                      ; - clojure.lang.AFn::applyToHelper@605 (line 202)
  0x00007e782b0f33b0: 2c26 29ff 

  0x00007e782b0f33b4: ;   {post_call_nop}
  0x00007e782b0f33b4: 0f1f 8400 | 0000 0000 | 488b f066 | 9048 b8f0 | d159 c477 

  0x00007e782b0f33c8: ;   {virtual_call}
  0x00007e782b0f33c8: 7e00 00e8 

  0x00007e782b0f33cc: ; ImmutableOopMap {rbp=Oop [128]=Oop [136]=Oop [144]=Oop [152]=Oop [160]=Oop [168]=Oop [184]=Oop }
                      ;*invokeinterface first {reexecute=0 rethrow=0 return_oop=1}
                      ; - clojure.lang.AFn::applyToHelper@612 (line 202)
  0x00007e782b0f33cc: 1026 29ff 

  0x00007e782b0f33d0: ;   {post_call_nop}
  0x00007e782b0f33d0: 0f1f 8400 | 0000 0000 | 488b b424 | 8800 0000 | 488b 9424 | 9000 0000 | 488b 8c24 | 8000 0000 
  0x00007e782b0f33f0: 4c8b 8424 | 9800 0000 | 4c8b 8c24 | a000 0000 | 488b bc24 | a800 0000 | 4889 2c24 | 4c8b 9424 
  0x00007e782b0f3410: b800 0000 | 4c89 5424 | 0848 8944 | 2410 6666 | 9048 b818 | d259 c477 

  0x00007e782b0f3428: ;   {virtual_call}
  0x00007e782b0f3428: 7e00 00e8 

  0x00007e782b0f342c: ; ImmutableOopMap {}
                      ;*invokeinterface invoke {reexecute=0 rethrow=0 return_oop=1}
                      ; - clojure.lang.AFn::applyToHelper@623 (line 195)
  0x00007e782b0f342c: b025 29ff 

  0x00007e782b0f3430: ;   {post_call_nop}
  0x00007e782b0f3430: 0f1f 8400 | 0000 0000 | e9df 0600 | 0048 8bb4 | 2480 0000 | 0048 b840 | d259 c477 

  0x00007e782b0f344c: ;   {virtual_call}
  0x00007e782b0f344c: 7e00 00e8 

  0x00007e782b0f3450: ; ImmutableOopMap {[128]=Oop [136]=Oop }
                      ;*invokeinterface first {reexecute=0 rethrow=0 return_oop=1}
                      ; - clojure.lang.AFn::applyToHelper@2965 (line 403)
  0x00007e782b0f3450: 8c25 29ff 

  0x00007e782b0f3454: ;   {post_call_nop}
  0x00007e782b0f3454: 0f1f 8400 | 0000 0000 | 4889 8424 | 9000 0000 | 488b b424 | 8000 0000 | 9048 b868 | d259 c477 
  0x00007e782b0f3474: ;   {virtual_call}
  0x00007e782b0f3474: 7e00 00e8 

  0x00007e782b0f3478: ; ImmutableOopMap {[136]=Oop [144]=Oop }
                      ;*invokeinterface next {reexecute=0 rethrow=0 return_oop=1}
                      ; - clojure.lang.AFn::applyToHelper@2971 (line 404)
  0x00007e782b0f3478: 6425 29ff 

  0x00007e782b0f347c: ;   {post_call_nop}
  0x00007e782b0f347c: 0f1f 8400 | 0000 0000 | 488b e848 | 8bf0 6666 | 9048 b890 | d259 c477 

  0x00007e782b0f3494: ;   {virtual_call}
  0x00007e782b0f3494: 7e00 00e8 

  0x00007e782b0f3498: ; ImmutableOopMap {rbp=Oop [136]=Oop [144]=Oop }
                      ;*invokeinterface first {reexecute=0 rethrow=0 return_oop=1}
                      ; - clojure.lang.AFn::applyToHelper@2978 (line 404)
  0x00007e782b0f3498: 4425 29ff 

  0x00007e782b0f349c: ;   {post_call_nop}
  0x00007e782b0f349c: 0f1f 8400 | 0000 0000 | 4889 8424 | 8000 0000 | 488b f566 | 9048 b8b8 | d259 c477 

  0x00007e782b0f34b8: ;   {virtual_call}
  0x00007e782b0f34b8: 7e00 00e8 

  0x00007e782b0f34bc: ; ImmutableOopMap {[128]=Oop [136]=Oop [144]=Oop }
                      ;*invokeinterface next {reexecute=0 rethrow=0 return_oop=1}
                      ; - clojure.lang.AFn::applyToHelper@2984 (line 405)
  0x00007e782b0f34bc: 2025 29ff 

  0x00007e782b0f34c0: ;   {post_call_nop}
  0x00007e782b0f34c0: 0f1f 8400 | 0000 0000 | 488b e848 | 8bf0 6666 | 9048 b8e0 | d259 c477 

  0x00007e782b0f34d8: ;   {virtual_call}
  0x00007e782b0f34d8: 7e00 00e8 

  0x00007e782b0f34dc: ; ImmutableOopMap {rbp=Oop [128]=Oop [136]=Oop [144]=Oop }
                      ;*invokeinterface first {reexecute=0 rethrow=0 return_oop=1}
                      ; - clojure.lang.AFn::applyToHelper@2991 (line 405)
  0x00007e782b0f34dc: 0025 29ff 

  0x00007e782b0f34e0: ;   {post_call_nop}
  0x00007e782b0f34e0: 0f1f 8400 | 0000 0000 | 4889 8424 | 9800 0000 | 488b f566 | 9048 b808 | d359 c477 

  0x00007e782b0f34fc: ;   {virtual_call}
  0x00007e782b0f34fc: 7e00 00e8 

  0x00007e782b0f3500: ; ImmutableOopMap {[128]=Oop [136]=Oop [144]=Oop [152]=Oop }
                      ;*invokeinterface next {reexecute=0 rethrow=0 return_oop=1}
                      ; - clojure.lang.AFn::applyToHelper@2997 (line 406)
  0x00007e782b0f3500: dc24 29ff 

  0x00007e782b0f3504: ;   {post_call_nop}
  0x00007e782b0f3504: 0f1f 8400 | 0000 0000 | 488b e848 | 8bf0 6666 | 9048 b830 | d359 c477 

  0x00007e782b0f351c: ;   {virtual_call}
  0x00007e782b0f351c: 7e00 00e8 

  0x00007e782b0f3520: ; ImmutableOopMap {rbp=Oop [128]=Oop [136]=Oop [144]=Oop [152]=Oop }
                      ;*invokeinterface first {reexecute=0 rethrow=0 return_oop=1}
                      ; - clojure.lang.AFn::applyToHelper@3004 (line 406)
  0x00007e782b0f3520: bc24 29ff 

  0x00007e782b0f3524: ;   {post_call_nop}
  0x00007e782b0f3524: 0f1f 8400 | 0000 0000 | 4889 8424 | a000 0000 | 488b f566 | 9048 b858 | d359 c477 

  0x00007e782b0f3540: ;   {virtual_call}
  0x00007e782b0f3540: 7e00 00e8 

  0x00007e782b0f3544: ; ImmutableOopMap {[128]=Oop [136]=Oop [144]=Oop [152]=Oop [160]=Oop }
                      ;*invokeinterface next {reexecute=0 rethrow=0 return_oop=1}
                      ; - clojure.lang.AFn::applyToHelper@3010 (line 407)
  0x00007e782b0f3544: 9824 29ff 

  0x00007e782b0f3548: ;   {post_call_nop}
  0x00007e782b0f3548: 0f1f 8400 | 0000 0000 | 488b e848 | 8bf0 6666 | 9048 b880 | d359 c477 

  0x00007e782b0f3560: ;   {virtual_call}
  0x00007e782b0f3560: 7e00 00e8 

  0x00007e782b0f3564: ; ImmutableOopMap {rbp=Oop [128]=Oop [136]=Oop [144]=Oop [152]=Oop [160]=Oop }
                      ;*invokeinterface first {reexecute=0 rethrow=0 return_oop=1}
                      ; - clojure.lang.AFn::applyToHelper@3017 (line 407)
  0x00007e782b0f3564: 7824 29ff 

  0x00007e782b0f3568: ;   {post_call_nop}
  0x00007e782b0f3568: 0f1f 8400 | 0000 0000 | 4889 8424 | a800 0000 | 488b f566 | 9048 b8a8 | d359 c477 

  0x00007e782b0f3584: ;   {virtual_call}
  0x00007e782b0f3584: 7e00 00e8 

  0x00007e782b0f3588: ; ImmutableOopMap {[128]=Oop [136]=Oop [144]=Oop [152]=Oop [160]=Oop [168]=Oop }
                      ;*invokeinterface next {reexecute=0 rethrow=0 return_oop=1}
                      ; - clojure.lang.AFn::applyToHelper@3023 (line 408)
  0x00007e782b0f3588: 5424 29ff 

  0x00007e782b0f358c: ;   {post_call_nop}
  0x00007e782b0f358c: 0f1f 8400 | 0000 0000 | 4889 8424 | b000 0000 | 488b f066 | 9048 b8d0 | d359 c477 

  0x00007e782b0f35a8: ;   {virtual_call}
  0x00007e782b0f35a8: 7e00 00e8 

  0x00007e782b0f35ac: ; ImmutableOopMap {[128]=Oop [136]=Oop [144]=Oop [152]=Oop [160]=Oop [168]=Oop [176]=Oop }
                      ;*invokeinterface first {reexecute=0 rethrow=0 return_oop=1}
                      ; - clojure.lang.AFn::applyToHelper@3030 (line 408)
  0x00007e782b0f35ac: 3024 29ff 

  0x00007e782b0f35b0: ;   {post_call_nop}
  0x00007e782b0f35b0: 0f1f 8400 | 0000 0000 | 488b e848 | 8bb4 24b0 | 0000 0066 | 9048 b8f8 | d359 c477 

  0x00007e782b0f35cc: ;   {virtual_call}
  0x00007e782b0f35cc: 7e00 00e8 

  0x00007e782b0f35d0: ; ImmutableOopMap {rbp=Oop [128]=Oop [136]=Oop [144]=Oop [152]=Oop [160]=Oop [168]=Oop }
                      ;*invokeinterface next {reexecute=0 rethrow=0 return_oop=1}
                      ; - clojure.lang.AFn::applyToHelper@3036 (line 409)
  0x00007e782b0f35d0: 0c24 29ff 

  0x00007e782b0f35d4: ;   {post_call_nop}
  0x00007e782b0f35d4: 0f1f 8400 | 0000 0000 | 4889 8424 | b000 0000 | 488b f066 | 9048 b820 | d459 c477 

  0x00007e782b0f35f0: ;   {virtual_call}
  0x00007e782b0f35f0: 7e00 00e8 

  0x00007e782b0f35f4: ; ImmutableOopMap {rbp=Oop [128]=Oop [136]=Oop [144]=Oop [152]=Oop [160]=Oop [168]=Oop [176]=Oop }
                      ;*invokeinterface first {reexecute=0 rethrow=0 return_oop=1}
                      ; - clojure.lang.AFn::applyToHelper@3043 (line 409)
  0x00007e782b0f35f4: e823 29ff 

  0x00007e782b0f35f8: ;   {post_call_nop}
  0x00007e782b0f35f8: 0f1f 8400 | 0000 0000 | 4889 8424 | b800 0000 | 488b b424 | b000 0000 | 9048 b848 | d459 c477 
  0x00007e782b0f3618: ;   {virtual_call}
  0x00007e782b0f3618: 7e00 00e8 

  0x00007e782b0f361c: ; ImmutableOopMap {rbp=Oop [128]=Oop [136]=Oop [144]=Oop [152]=Oop [160]=Oop [168]=Oop [184]=Oop }
                      ;*invokeinterface next {reexecute=0 rethrow=0 return_oop=1}
                      ; - clojure.lang.AFn::applyToHelper@3049 (line 410)
  0x00007e782b0f361c: c023 29ff 

  0x00007e782b0f3620: ;   {post_call_nop}
  0x00007e782b0f3620: 0f1f 8400 | 0000 0000 | 4889 8424 | b000 0000 | 488b f066 | 9048 b870 | d459 c477 

  0x00007e782b0f363c: ;   {virtual_call}
  0x00007e782b0f363c: 7e00 00e8 

  0x00007e782b0f3640: ; ImmutableOopMap {rbp=Oop [128]=Oop [136]=Oop [144]=Oop [152]=Oop [160]=Oop [168]=Oop [176]=Oop [184]=Oop }
                      ;*invokeinterface first {reexecute=0 rethrow=0 return_oop=1}
                      ; - clojure.lang.AFn::applyToHelper@3056 (line 410)
  0x00007e782b0f3640: 9c23 29ff 

  0x00007e782b0f3644: ;   {post_call_nop}
  0x00007e782b0f3644: 0f1f 8400 | 0000 0000 | 4889 8424 | c000 0000 | 488b b424 | b000 0000 | 9048 b898 | d459 c477 
  0x00007e782b0f3664: ;   {virtual_call}
  0x00007e782b0f3664: 7e00 00e8 

  0x00007e782b0f3668: ; ImmutableOopMap {rbp=Oop [128]=Oop [136]=Oop [144]=Oop [152]=Oop [160]=Oop [168]=Oop [184]=Oop [192]=Oop }
                      ;*invokeinterface next {reexecute=0 rethrow=0 return_oop=1}
                      ; - clojure.lang.AFn::applyToHelper@3062 (line 411)
  0x00007e782b0f3668: 7423 29ff 

  0x00007e782b0f366c: ;   {post_call_nop}
  0x00007e782b0f366c: 0f1f 8400 | 0000 0000 | 4889 8424 | b000 0000 | 488b f066 | 9048 b8c0 | d459 c477 

  0x00007e782b0f3688: ;   {virtual_call}
  0x00007e782b0f3688: 7e00 00e8 

  0x00007e782b0f368c: ; ImmutableOopMap {rbp=Oop [128]=Oop [136]=Oop [144]=Oop [152]=Oop [160]=Oop [168]=Oop [176]=Oop [184]=Oop [192]=Oop }
                      ;*invokeinterface first {reexecute=0 rethrow=0 return_oop=1}
                      ; - clojure.lang.AFn::applyToHelper@3069 (line 411)
  0x00007e782b0f368c: 5023 29ff 

  0x00007e782b0f3690: ;   {post_call_nop}
  0x00007e782b0f3690: 0f1f 8400 | 0000 0000 | 4889 8424 | c800 0000 | 488b b424 | b000 0000 | 9048 b8e8 | d459 c477 
  0x00007e782b0f36b0: ;   {virtual_call}
  0x00007e782b0f36b0: 7e00 00e8 

  0x00007e782b0f36b4: ; ImmutableOopMap {rbp=Oop [128]=Oop [136]=Oop [144]=Oop [152]=Oop [160]=Oop [168]=Oop [184]=Oop [192]=Oop [200]=Oop }
                      ;*invokeinterface next {reexecute=0 rethrow=0 return_oop=1}
                      ; - clojure.lang.AFn::applyToHelper@3075 (line 412)
  0x00007e782b0f36b4: 2823 29ff 

  0x00007e782b0f36b8: ;   {post_call_nop}
  0x00007e782b0f36b8: 0f1f 8400 | 0000 0000 | 4889 8424 | b000 0000 | 488b f066 | 9048 b810 | d559 c477 

  0x00007e782b0f36d4: ;   {virtual_call}
  0x00007e782b0f36d4: 7e00 00e8 

  0x00007e782b0f36d8: ; ImmutableOopMap {rbp=Oop [128]=Oop [136]=Oop [144]=Oop [152]=Oop [160]=Oop [168]=Oop [176]=Oop [184]=Oop [192]=Oop [200]=Oop }
                      ;*invokeinterface first {reexecute=0 rethrow=0 return_oop=1}
                      ; - clojure.lang.AFn::applyToHelper@3082 (line 412)
  0x00007e782b0f36d8: 0423 29ff 

  0x00007e782b0f36dc: ;   {post_call_nop}
  0x00007e782b0f36dc: 0f1f 8400 | 0000 0000 | 4889 8424 | d000 0000 | 488b b424 | b000 0000 | 9048 b838 | d559 c477 
  0x00007e782b0f36fc: ;   {virtual_call}
  0x00007e782b0f36fc: 7e00 00e8 

  0x00007e782b0f3700: ; ImmutableOopMap {rbp=Oop [128]=Oop [136]=Oop [144]=Oop [152]=Oop [160]=Oop [168]=Oop [184]=Oop [192]=Oop [200]=Oop [208]=Oop }
                      ;*invokeinterface next {reexecute=0 rethrow=0 return_oop=1}
                      ; - clojure.lang.AFn::applyToHelper@3088 (line 413)
  0x00007e782b0f3700: dc22 29ff 

  0x00007e782b0f3704: ;   {post_call_nop}
  0x00007e782b0f3704: 0f1f 8400 | 0000 0000 | 4889 8424 | b000 0000 | 488b f066 | 9048 b860 | d559 c477 

  0x00007e782b0f3720: ;   {virtual_call}
  0x00007e782b0f3720: 7e00 00e8 

  0x00007e782b0f3724: ; ImmutableOopMap {rbp=Oop [128]=Oop [136]=Oop [144]=Oop [152]=Oop [160]=Oop [168]=Oop [176]=Oop [184]=Oop [192]=Oop [200]=Oop [208]=Oop }
                      ;*invokeinterface first {reexecute=0 rethrow=0 return_oop=1}
                      ; - clojure.lang.AFn::applyToHelper@3095 (line 413)
  0x00007e782b0f3724: b822 29ff 

  0x00007e782b0f3728: ;   {post_call_nop}
  0x00007e782b0f3728: 0f1f 8400 | 0000 0000 | 4889 8424 | d800 0000 | 488b b424 | b000 0000 | 9048 b888 | d559 c477 
  0x00007e782b0f3748: ;   {virtual_call}
  0x00007e782b0f3748: 7e00 00e8 

  0x00007e782b0f374c: ; ImmutableOopMap {rbp=Oop [128]=Oop [136]=Oop [144]=Oop [152]=Oop [160]=Oop [168]=Oop [184]=Oop [192]=Oop [200]=Oop [208]=Oop [216]=Oop }
                      ;*invokeinterface next {reexecute=0 rethrow=0 return_oop=1}
                      ; - clojure.lang.AFn::applyToHelper@3101 (line 414)
  0x00007e782b0f374c: 9022 29ff 

  0x00007e782b0f3750: ;   {post_call_nop}
  0x00007e782b0f3750: 0f1f 8400 | 0000 0000 | 4889 8424 | b000 0000 | 488b f066 | 9048 b8b0 | d559 c477 

  0x00007e782b0f376c: ;   {virtual_call}
  0x00007e782b0f376c: 7e00 00e8 

  0x00007e782b0f3770: ; ImmutableOopMap {rbp=Oop [128]=Oop [136]=Oop [144]=Oop [152]=Oop [160]=Oop [168]=Oop [176]=Oop [184]=Oop [192]=Oop [200]=Oop [208]=Oop [216]=Oop }
                      ;*invokeinterface first {reexecute=0 rethrow=0 return_oop=1}
                      ; - clojure.lang.AFn::applyToHelper@3108 (line 414)
  0x00007e782b0f3770: 6c22 29ff 

  0x00007e782b0f3774: ;   {post_call_nop}
  0x00007e782b0f3774: 0f1f 8400 | 0000 0000 | 4889 8424 | e000 0000 | 488b b424 | b000 0000 | 9048 b8d8 | d559 c477 
  0x00007e782b0f3794: ;   {virtual_call}
  0x00007e782b0f3794: 7e00 00e8 

  0x00007e782b0f3798: ; ImmutableOopMap {rbp=Oop [128]=Oop [136]=Oop [144]=Oop [152]=Oop [160]=Oop [168]=Oop [184]=Oop [192]=Oop [200]=Oop [208]=Oop [216]=Oop [224]=Oop }
                      ;*invokeinterface next {reexecute=0 rethrow=0 return_oop=1}
                      ; - clojure.lang.AFn::applyToHelper@3114 (line 415)
  0x00007e782b0f3798: 4422 29ff 

  0x00007e782b0f379c: ;   {post_call_nop}
  0x00007e782b0f379c: 0f1f 8400 | 0000 0000 | 4889 8424 | b000 0000 | 488b f066 | 9048 b800 | d659 c477 

  0x00007e782b0f37b8: ;   {virtual_call}
  0x00007e782b0f37b8: 7e00 00e8 

  0x00007e782b0f37bc: ; ImmutableOopMap {rbp=Oop [128]=Oop [136]=Oop [144]=Oop [152]=Oop [160]=Oop [168]=Oop [176]=Oop [184]=Oop [192]=Oop [200]=Oop [208]=Oop [216]=Oop [224]=Oop }
                      ;*invokeinterface first {reexecute=0 rethrow=0 return_oop=1}
                      ; - clojure.lang.AFn::applyToHelper@3121 (line 415)
  0x00007e782b0f37bc: 2022 29ff 

  0x00007e782b0f37c0: ;   {post_call_nop}
  0x00007e782b0f37c0: 0f1f 8400 | 0000 0000 | 4889 8424 | e800 0000 | 488b b424 | b000 0000 | 9048 b828 | d659 c477 
  0x00007e782b0f37e0: ;   {virtual_call}
  0x00007e782b0f37e0: 7e00 00e8 

  0x00007e782b0f37e4: ; ImmutableOopMap {rbp=Oop [128]=Oop [136]=Oop [144]=Oop [152]=Oop [160]=Oop [168]=Oop [184]=Oop [192]=Oop [200]=Oop [208]=Oop [216]=Oop [224]=Oop [232]=Oop }
                      ;*invokeinterface next {reexecute=0 rethrow=0 return_oop=1}
                      ; - clojure.lang.AFn::applyToHelper@3127 (line 416)
  0x00007e782b0f37e4: f821 29ff 

  0x00007e782b0f37e8: ;   {post_call_nop}
  0x00007e782b0f37e8: 0f1f 8400 | 0000 0000 | 4889 8424 | b000 0000 | 488b f066 | 9048 b850 | d659 c477 

  0x00007e782b0f3804: ;   {virtual_call}
  0x00007e782b0f3804: 7e00 00e8 

  0x00007e782b0f3808: ; ImmutableOopMap {rbp=Oop [128]=Oop [136]=Oop [144]=Oop [152]=Oop [160]=Oop [168]=Oop [176]=Oop [184]=Oop [192]=Oop [200]=Oop [208]=Oop [216]=Oop [224]=Oop [232]=Oop }
                      ;*invokeinterface first {reexecute=0 rethrow=0 return_oop=1}
                      ; - clojure.lang.AFn::applyToHelper@3134 (line 416)
  0x00007e782b0f3808: d421 29ff 

  0x00007e782b0f380c: ;   {post_call_nop}
  0x00007e782b0f380c: 0f1f 8400 | 0000 0000 | 4889 8424 | f000 0000 | 488b b424 | b000 0000 | 9048 b878 | d659 c477 
  0x00007e782b0f382c: ;   {virtual_call}
  0x00007e782b0f382c: 7e00 00e8 

  0x00007e782b0f3830: ; ImmutableOopMap {rbp=Oop [128]=Oop [136]=Oop [144]=Oop [152]=Oop [160]=Oop [168]=Oop [184]=Oop [192]=Oop [200]=Oop [208]=Oop [216]=Oop [224]=Oop [232]=Oop [240]=Oop }
                      ;*invokeinterface next {reexecute=0 rethrow=0 return_oop=1}
                      ; - clojure.lang.AFn::applyToHelper@3140 (line 417)
  0x00007e782b0f3830: ac21 29ff 

  0x00007e782b0f3834: ;   {post_call_nop}
  0x00007e782b0f3834: 0f1f 8400 | 0000 0000 | 4889 8424 | b000 0000 | 488b f066 | 9048 b8a0 | d659 c477 

  0x00007e782b0f3850: ;   {virtual_call}
  0x00007e782b0f3850: 7e00 00e8 

  0x00007e782b0f3854: ; ImmutableOopMap {rbp=Oop [128]=Oop [136]=Oop [144]=Oop [152]=Oop [160]=Oop [168]=Oop [176]=Oop [184]=Oop [192]=Oop [200]=Oop [208]=Oop [216]=Oop [224]=Oop [232]=Oop [240]=Oop }
                      ;*invokeinterface first {reexecute=0 rethrow=0 return_oop=1}
                      ; - clojure.lang.AFn::applyToHelper@3147 (line 417)
  0x00007e782b0f3854: 8821 29ff 

  0x00007e782b0f3858: ;   {post_call_nop}
  0x00007e782b0f3858: 0f1f 8400 | 0000 0000 | 4889 8424 | f800 0000 | 488b b424 | b000 0000 | 9048 b8c8 | d659 c477 
  0x00007e782b0f3878: ;   {virtual_call}
  0x00007e782b0f3878: 7e00 00e8 

  0x00007e782b0f387c: ; ImmutableOopMap {rbp=Oop [128]=Oop [136]=Oop [144]=Oop [152]=Oop [160]=Oop [168]=Oop [184]=Oop [192]=Oop [200]=Oop [208]=Oop [216]=Oop [224]=Oop [232]=Oop [240]=Oop [248]=Oop }
                      ;*invokeinterface next {reexecute=0 rethrow=0 return_oop=1}
                      ; - clojure.lang.AFn::applyToHelper@3153 (line 418)
  0x00007e782b0f387c: 6021 29ff 

  0x00007e782b0f3880: ;   {post_call_nop}
  0x00007e782b0f3880: 0f1f 8400 | 0000 0000 | 4889 8424 | b000 0000 | 488b f066 | 9048 b8f0 | d659 c477 

  0x00007e782b0f389c: ;   {virtual_call}
  0x00007e782b0f389c: 7e00 00e8 

  0x00007e782b0f38a0: ; ImmutableOopMap {rbp=Oop [128]=Oop [136]=Oop [144]=Oop [152]=Oop [160]=Oop [168]=Oop [176]=Oop [184]=Oop [192]=Oop [200]=Oop [208]=Oop [216]=Oop [224]=Oop [232]=Oop [240]=Oop [248]=Oop }
                      ;*invokeinterface first {reexecute=0 rethrow=0 return_oop=1}
                      ; - clojure.lang.AFn::applyToHelper@3160 (line 418)
  0x00007e782b0f38a0: 3c21 29ff 

  0x00007e782b0f38a4: ;   {post_call_nop}
  0x00007e782b0f38a4: 0f1f 8400 | 0000 0000 | 4889 8424 | 0001 0000 | 488b b424 | b000 0000 | 9048 b818 | d759 c477 
  0x00007e782b0f38c4: ;   {virtual_call}
  0x00007e782b0f38c4: 7e00 00e8 

  0x00007e782b0f38c8: ; ImmutableOopMap {rbp=Oop [128]=Oop [136]=Oop [144]=Oop [152]=Oop [160]=Oop [168]=Oop [184]=Oop [192]=Oop [200]=Oop [208]=Oop [216]=Oop [224]=Oop [232]=Oop [240]=Oop [248]=Oop [256]=Oop }
                      ;*invokeinterface next {reexecute=0 rethrow=0 return_oop=1}
                      ; - clojure.lang.AFn::applyToHelper@3166 (line 419)
  0x00007e782b0f38c8: 1421 29ff 

  0x00007e782b0f38cc: ;   {post_call_nop}
  0x00007e782b0f38cc: 0f1f 8400 | 0000 0000 | 4889 8424 | b000 0000 | 488b f066 | 9048 b840 | d759 c477 

  0x00007e782b0f38e8: ;   {virtual_call}
  0x00007e782b0f38e8: 7e00 00e8 

  0x00007e782b0f38ec: ; ImmutableOopMap {rbp=Oop [128]=Oop [136]=Oop [144]=Oop [152]=Oop [160]=Oop [168]=Oop [176]=Oop [184]=Oop [192]=Oop [200]=Oop [208]=Oop [216]=Oop [224]=Oop [232]=Oop [240]=Oop [248]=Oop [256]=Oop }
                      ;*invokeinterface first {reexecute=0 rethrow=0 return_oop=1}
                      ; - clojure.lang.AFn::applyToHelper@3173 (line 419)
  0x00007e782b0f38ec: f020 29ff 

  0x00007e782b0f38f0: ;   {post_call_nop}
  0x00007e782b0f38f0: 0f1f 8400 | 0000 0000 | 4889 8424 | 0801 0000 | 488b b424 | b000 0000 | 9048 b868 | d759 c477 
  0x00007e782b0f3910: ;   {virtual_call}
  0x00007e782b0f3910: 7e00 00e8 

  0x00007e782b0f3914: ; ImmutableOopMap {rbp=Oop [128]=Oop [136]=Oop [144]=Oop [152]=Oop [160]=Oop [168]=Oop [184]=Oop [192]=Oop [200]=Oop [208]=Oop [216]=Oop [224]=Oop [232]=Oop [240]=Oop [248]=Oop [256]=Oop [264]=Oop }
                      ;*invokeinterface next {reexecute=0 rethrow=0 return_oop=1}
                      ; - clojure.lang.AFn::applyToHelper@3179 (line 420)
  0x00007e782b0f3914: c820 29ff 

  0x00007e782b0f3918: ;   {post_call_nop}
  0x00007e782b0f3918: 0f1f 8400 | 0000 0000 | 4889 8424 | b000 0000 | 488b f066 | 9048 b890 | d759 c477 

  0x00007e782b0f3934: ;   {virtual_call}
  0x00007e782b0f3934: 7e00 00e8 

  0x00007e782b0f3938: ; ImmutableOopMap {rbp=Oop [128]=Oop [136]=Oop [144]=Oop [152]=Oop [160]=Oop [168]=Oop [176]=Oop [184]=Oop [192]=Oop [200]=Oop [208]=Oop [216]=Oop [224]=Oop [232]=Oop [240]=Oop [248]=Oop [256]=Oop [264]=Oop }
                      ;*invokeinterface first {reexecute=0 rethrow=0 return_oop=1}
                      ; - clojure.lang.AFn::applyToHelper@3186 (line 420)
  0x00007e782b0f3938: a420 29ff 

  0x00007e782b0f393c: ;   {post_call_nop}
  0x00007e782b0f393c: 0f1f 8400 | 0000 0000 | 4889 8424 | 1001 0000 | 488b b424 | b000 0000 | 9048 b8b8 | d759 c477 
  0x00007e782b0f395c: ;   {virtual_call}
  0x00007e782b0f395c: 7e00 00e8 

  0x00007e782b0f3960: ; ImmutableOopMap {rbp=Oop [128]=Oop [136]=Oop [144]=Oop [152]=Oop [160]=Oop [168]=Oop [184]=Oop [192]=Oop [200]=Oop [208]=Oop [216]=Oop [224]=Oop [232]=Oop [240]=Oop [248]=Oop [256]=Oop [264]=Oop [272]=Oop }
                      ;*invokeinterface next {reexecute=0 rethrow=0 return_oop=1}
                      ; - clojure.lang.AFn::applyToHelper@3192 (line 421)
  0x00007e782b0f3960: 7c20 29ff 

  0x00007e782b0f3964: ;   {post_call_nop}
  0x00007e782b0f3964: 0f1f 8400 | 0000 0000 | 4889 8424 | b000 0000 | 488b f066 | 9048 b8e0 | d759 c477 

  0x00007e782b0f3980: ;   {virtual_call}
  0x00007e782b0f3980: 7e00 00e8 

  0x00007e782b0f3984: ; ImmutableOopMap {rbp=Oop [128]=Oop [136]=Oop [144]=Oop [152]=Oop [160]=Oop [168]=Oop [176]=Oop [184]=Oop [192]=Oop [200]=Oop [208]=Oop [216]=Oop [224]=Oop [232]=Oop [240]=Oop [248]=Oop [256]=Oop [264]=Oop [272]=Oop }
                      ;*invokeinterface first {reexecute=0 rethrow=0 return_oop=1}
                      ; - clojure.lang.AFn::applyToHelper@3199 (line 421)
  0x00007e782b0f3984: 5820 29ff 

  0x00007e782b0f3988: ;   {post_call_nop}
  0x00007e782b0f3988: 0f1f 8400 | 0000 0000 | 4889 8424 | 1801 0000 | 488b b424 | b000 0000 | 9048 b808 | d859 c477 
  0x00007e782b0f39a8: ;   {virtual_call}
  0x00007e782b0f39a8: 7e00 00e8 

  0x00007e782b0f39ac: ; ImmutableOopMap {rbp=Oop [128]=Oop [136]=Oop [144]=Oop [152]=Oop [160]=Oop [168]=Oop [184]=Oop [192]=Oop [200]=Oop [208]=Oop [216]=Oop [224]=Oop [232]=Oop [240]=Oop [248]=Oop [256]=Oop [264]=Oop [272]=Oop [280]=Oop }
                      ;*invokeinterface next {reexecute=0 rethrow=0 return_oop=1}
                      ; - clojure.lang.AFn::applyToHelper@3205 (line 422)
  0x00007e782b0f39ac: 3020 29ff 

  0x00007e782b0f39b0: ;   {post_call_nop}
  0x00007e782b0f39b0: 0f1f 8400 | 0000 0000 | 4889 8424 | b000 0000 | 488b f066 | 9048 b830 | d859 c477 

  0x00007e782b0f39cc: ;   {virtual_call}
  0x00007e782b0f39cc: 7e00 00e8 

  0x00007e782b0f39d0: ; ImmutableOopMap {rbp=Oop [128]=Oop [136]=Oop [144]=Oop [152]=Oop [160]=Oop [168]=Oop [176]=Oop [184]=Oop [192]=Oop [200]=Oop [208]=Oop [216]=Oop [224]=Oop [232]=Oop [240]=Oop [248]=Oop [256]=Oop [264]=Oop [272]=Oop [280]=Oop }
                      ;*invokeinterface first {reexecute=0 rethrow=0 return_oop=1}
                      ; - clojure.lang.AFn::applyToHelper@3212 (line 422)
  0x00007e782b0f39d0: 0c20 29ff 

  0x00007e782b0f39d4: ;   {post_call_nop}
  0x00007e782b0f39d4: 0f1f 8400 | 0000 0000 | 4889 8424 | 2001 0000 | 488b b424 | b000 0000 | 9048 b858 | d859 c477 
  0x00007e782b0f39f4: ;   {virtual_call}
  0x00007e782b0f39f4: 7e00 00e8 

  0x00007e782b0f39f8: ; ImmutableOopMap {rbp=Oop [128]=Oop [136]=Oop [144]=Oop [152]=Oop [160]=Oop [168]=Oop [184]=Oop [192]=Oop [200]=Oop [208]=Oop [216]=Oop [224]=Oop [232]=Oop [240]=Oop [248]=Oop [256]=Oop [264]=Oop [272]=Oop [280]=Oop [288]=Oop }
                      ;*invokeinterface next {reexecute=0 rethrow=0 return_oop=1}
                      ; - clojure.lang.AFn::applyToHelper@3218 (line 423)
  0x00007e782b0f39f8: e41f 29ff 

  0x00007e782b0f39fc: ;   {post_call_nop}
  0x00007e782b0f39fc: 0f1f 8400 | 0000 0000 

  0x00007e782b0f3a04: ;   {static_call}
  0x00007e782b0f3a04: 488b f0e8 

  0x00007e782b0f3a08: ; ImmutableOopMap {rbp=Oop [128]=Oop [136]=Oop [144]=Oop [152]=Oop [160]=Oop [168]=Oop [184]=Oop [192]=Oop [200]=Oop [208]=Oop [216]=Oop [224]=Oop [232]=Oop [240]=Oop [248]=Oop [256]=Oop [264]=Oop [272]=Oop [280]=Oop [288]=Oop }
                      ;*invokestatic seqToArray {reexecute=0 rethrow=0 return_oop=1}
                      ; - clojure.lang.AFn::applyToHelper@3229 (line 423)
  0x00007e782b0f3a08: d422 29ff 

  0x00007e782b0f3a0c: ;   {post_call_nop}
  0x00007e782b0f3a0c: 0f1f 8400 | 0000 0000 | 488b b424 | 8800 0000 | 488b 9424 | 9000 0000 | 488b 8c24 | 8000 0000 
  0x00007e782b0f3a2c: 4c8b 8424 | 9800 0000 | 4c8b 8c24 | a000 0000 | 488b bc24 | a800 0000 | 4889 2c24 | 4c8b 9424 
  0x00007e782b0f3a4c: b800 0000 | 4c89 5424 | 084c 8b94 | 24c0 0000 | 004c 8954 | 2410 4c8b | 9424 c800 | 0000 4c89 
  0x00007e782b0f3a6c: 5424 184c | 8b94 24d0 | 0000 004c | 8954 2420 | 4c8b 9424 | d800 0000 | 4c89 5424 | 284c 8b94 
  0x00007e782b0f3a8c: 24e0 0000 | 004c 8954 | 2430 4c8b | 9424 e800 | 0000 4c89 | 5424 384c | 8b94 24f0 | 0000 004c 
  0x00007e782b0f3aac: 8954 2440 | 4c8b 9424 | f800 0000 | 4c89 5424 | 484c 8b94 | 2400 0100 | 004c 8954 | 2450 4c8b 
  0x00007e782b0f3acc: 9424 0801 | 0000 4c89 | 5424 584c | 8b94 2410 | 0100 004c | 8954 2460 | 4c8b 9424 | 1801 0000 
  0x00007e782b0f3aec: 4c89 5424 | 684c 8b94 | 2420 0100 | 004c 8954 | 2470 4889 | 4424 7866 | 9048 b880 

  0x00007e782b0f3b08: ;   {other}
  0x00007e782b0f3b08: d859 c477 

  0x00007e782b0f3b0c: ;   {virtual_call}
  0x00007e782b0f3b0c: 7e00 00e8 

  0x00007e782b0f3b10: ; ImmutableOopMap {}
                      ;*invokeinterface invoke {reexecute=0 rethrow=0 return_oop=1}
                      ; - clojure.lang.AFn::applyToHelper@3232 (line 403)
  0x00007e782b0f3b10: cc1e 29ff 

  0x00007e782b0f3b14: ;   {post_call_nop}
  0x00007e782b0f3b14: 0f1f 8400 | 0000 0000 | 4881 c440 | 0100 005d 

  0x00007e782b0f3b24: ;   {poll_return}
  0x00007e782b0f3b24: 493b 6728 | 0f87 0521 | 0000 c348 | 8bb4 2480 | 0000 0048 | 8bac 2488 | 0000 0066 | 9048 b8a8 
  0x00007e782b0f3b44: d859 c477 

  0x00007e782b0f3b48: ;   {virtual_call}
  0x00007e782b0f3b48: 7e00 00e8 

  0x00007e782b0f3b4c: ; ImmutableOopMap {rbp=Oop }
                      ;*invokeinterface first {reexecute=0 rethrow=0 return_oop=1}
                      ; - clojure.lang.AFn::applyToHelper@115 (line 154)
  0x00007e782b0f3b4c: 60ad 36ff 

  0x00007e782b0f3b50: ;   {post_call_nop}
  0x00007e782b0f3b50: 0f1f 8400 | 0000 0000 | 488b f548 | 8bd0 6666 | 9048 b8d0 | d859 c477 

  0x00007e782b0f3b68: ;   {virtual_call}
  0x00007e782b0f3b68: 7e00 00e8 

  0x00007e782b0f3b6c: ; ImmutableOopMap {}
                      ;*invokeinterface invoke {reexecute=0 rethrow=0 return_oop=1}
                      ; - clojure.lang.AFn::applyToHelper@126 (line 154)
  0x00007e782b0f3b6c: e0cd 3fff 

  0x00007e782b0f3b70: ;   {post_call_nop}
  0x00007e782b0f3b70: 0f1f 8400 | 0000 0000 | eba2 488b | b424 8000 | 0000 488b | ac24 8800 | 0000 6666 | 9048 b8f8 
  0x00007e782b0f3b90: d859 c477 

  0x00007e782b0f3b94: ;   {virtual_call}
  0x00007e782b0f3b94: 7e00 00e8 

  0x00007e782b0f3b98: ; ImmutableOopMap {rbp=Oop [128]=Oop [136]=Oop }
                      ;*invokeinterface first {reexecute=0 rethrow=0 return_oop=1}
                      ; - clojure.lang.AFn::applyToHelper@166 (line 160)
  0x00007e782b0f3b98: 14ad 36ff 

  0x00007e782b0f3b9c: ;   {post_call_nop}
  0x00007e782b0f3b9c: 0f1f 8400 | 0000 0000 | 488b e848 | 8bb4 2480 | 0000 0066 | 9048 b820 | d959 c477 

  0x00007e782b0f3bb8: ;   {virtual_call}
  0x00007e782b0f3bb8: 7e00 00e8 

  0x00007e782b0f3bbc: ; ImmutableOopMap {rbp=Oop [136]=Oop }
                      ;*invokeinterface next {reexecute=0 rethrow=0 return_oop=1}
                      ; - clojure.lang.AFn::applyToHelper@172 (line 161)
  0x00007e782b0f3bbc: 00a9 36ff 

  0x00007e782b0f3bc0: ;   {post_call_nop}
  0x00007e782b0f3bc0: 0f1f 8400 | 0000 0000 | 4889 8424 | 8000 0000 | 488b f066 | 9048 b848 | d959 c477 

  0x00007e782b0f3bdc: ;   {virtual_call}
  0x00007e782b0f3bdc: 7e00 00e8 

  0x00007e782b0f3be0: ; ImmutableOopMap {rbp=Oop [128]=Oop [136]=Oop }
                      ;*invokeinterface first {reexecute=0 rethrow=0 return_oop=1}
                      ; - clojure.lang.AFn::applyToHelper@179 (line 161)
  0x00007e782b0f3be0: ccac 36ff 

  0x00007e782b0f3be4: ;   {post_call_nop}
  0x00007e782b0f3be4: 0f1f 8400 | 0000 0000 | 4889 8424 | 9000 0000 | 488b b424 | 8000 0000 | 9048 b870 | d959 c477 
  0x00007e782b0f3c04: ;   {virtual_call}
  0x00007e782b0f3c04: 7e00 00e8 

  0x00007e782b0f3c08: ; ImmutableOopMap {rbp=Oop [136]=Oop [144]=Oop }
                      ;*invokeinterface next {reexecute=0 rethrow=0 return_oop=1}
                      ; - clojure.lang.AFn::applyToHelper@185 (line 162)
  0x00007e782b0f3c08: b4a8 36ff 

  0x00007e782b0f3c0c: ;   {post_call_nop}
  0x00007e782b0f3c0c: 0f1f 8400 | 0000 0000 | 488b f066 | 9048 b898 | d959 c477 

  0x00007e782b0f3c20: ;   {virtual_call}
  0x00007e782b0f3c20: 7e00 00e8 

  0x00007e782b0f3c24: ; ImmutableOopMap {rbp=Oop [136]=Oop [144]=Oop }
                      ;*invokeinterface first {reexecute=0 rethrow=0 return_oop=1}
                      ; - clojure.lang.AFn::applyToHelper@192 (line 162)
  0x00007e782b0f3c24: 88ac 36ff 

  0x00007e782b0f3c28: ;   {post_call_nop}
  0x00007e782b0f3c28: 0f1f 8400 | 0000 0000 | 488b b424 | 8800 0000 | 488b d548 | 8b8c 2490 | 0000 004c | 8bc0 6666 
  0x00007e782b0f3c48: 9048 b8c0 | d959 c477 

  0x00007e782b0f3c50: ;   {virtual_call}
  0x00007e782b0f3c50: 7e00 00e8 

  0x00007e782b0f3c54: ; ImmutableOopMap {}
                      ;*invokeinterface invoke {reexecute=0 rethrow=0 return_oop=1}
                      ; - clojure.lang.AFn::applyToHelper@203 (line 160)
  0x00007e782b0f3c54: b8ca 3fff 

  0x00007e782b0f3c58: ;   {post_call_nop}
  0x00007e782b0f3c58: 0f1f 8400 | 0000 0000 | e9b7 feff | ff48 8bb4 | 2488 0000 | 0048 b8e8 | d959 c477 

  0x00007e782b0f3c74: ;   {virtual_call}
  0x00007e782b0f3c74: 7e00 00e8 

  0x00007e782b0f3c78: ; ImmutableOopMap {}
                      ;*invokeinterface invoke {reexecute=0 rethrow=0 return_oop=1}
                      ; - clojure.lang.AFn::applyToHelper@107 (line 152)
  0x00007e782b0f3c78: 74ab 36ff 

  0x00007e782b0f3c7c: ;   {post_call_nop}
  0x00007e782b0f3c7c: 0f1f 8400 | 0000 0000 | e993 feff | ff48 8be8 | 488b f066 | 9048 b810 | da59 c477 

  0x00007e782b0f3c98: ;   {virtual_call}
  0x00007e782b0f3c98: 7e00 00e8 

  0x00007e782b0f3c9c: ; ImmutableOopMap {rbp=Oop [128]=NarrowOop [136]=Oop [152]=Oop [160]=Oop }
                      ;*invokeinterface first {reexecute=0 rethrow=0 return_oop=1}
                      ; - clojure.lang.AFn::applyToHelper@295 (line 173)
  0x00007e782b0f3c9c: 10ac 36ff 

  0x00007e782b0f3ca0: ;   {post_call_nop}
  0x00007e782b0f3ca0: 0f1f 8400 | 0000 0000 | 4889 8424 | 9000 0000 | 488b c5e9 | 27b8 ffff | 488b f048 | 8bac 2488 
  0x00007e782b0f3cc0: 0000 0066 | 9048 b838 | da59 c477 

  0x00007e782b0f3ccc: ;   {virtual_call}
  0x00007e782b0f3ccc: 7e00 00e8 

  0x00007e782b0f3cd0: ; ImmutableOopMap {rbp=Oop [128]=NarrowOop [136]=Oop [144]=Oop [160]=Oop }
                      ;*invokeinterface next {reexecute=0 rethrow=0 return_oop=1}
                      ; - clojure.lang.AFn::applyToHelper@301 (line 174)
  0x00007e782b0f3cd0: eca7 36ff 

  0x00007e782b0f3cd4: ;   {post_call_nop}
  0x00007e782b0f3cd4: 0f1f 8400 | 0000 0000 | 488b e8e9 | 3fb8 ffff | 4889 8424 | 9000 0000 | 89ac 2480 | 0000 0048 
  0x00007e782b0f3cf4: 8bf0 6666 | 9048 b860 | da59 c477 

  0x00007e782b0f3d00: ;   {virtual_call}
  0x00007e782b0f3d00: 7e00 00e8 

  0x00007e782b0f3d04: ; ImmutableOopMap {[128]=NarrowOop [136]=Oop [144]=Oop [152]=Oop }
                      ;*invokeinterface first {reexecute=0 rethrow=0 return_oop=1}
                      ; - clojure.lang.AFn::applyToHelper@282 (line 172)
  0x00007e782b0f3d04: a8ab 36ff 

  0x00007e782b0f3d08: ;   {post_call_nop}
  0x00007e782b0f3d08: 0f1f 8400 | 0000 0000 | 4889 8424 | a000 0000 | 8bac 2480 | 0000 0048 | 8b84 2490 | 0000 00e9 
  0x00007e782b0f3d28: 40b7 ffff | 89ac 2480 | 0000 0048 | 8bf0 488b | ac24 8800 | 0000 6666 | 9048 b888 | da59 c477 
  0x00007e782b0f3d48: ;   {virtual_call}
  0x00007e782b0f3d48: 7e00 00e8 

  0x00007e782b0f3d4c: ; ImmutableOopMap {rbp=Oop [128]=NarrowOop [136]=Oop [152]=Oop [160]=Oop }
                      ;*invokeinterface next {reexecute=0 rethrow=0 return_oop=1}
                      ; - clojure.lang.AFn::applyToHelper@288 (line 173)
  0x00007e782b0f3d4c: 70a7 36ff 

  0x00007e782b0f3d50: ;   {post_call_nop}
  0x00007e782b0f3d50: 0f1f 8400 | 0000 0000 | e957 b7ff | ff48 8bb4 | 2480 0000 | 0048 8bee | 9048 b8b0 | da59 c477 
  0x00007e782b0f3d70: ;   {virtual_call}
  0x00007e782b0f3d70: 7e00 00e8 

  0x00007e782b0f3d74: ; ImmutableOopMap {rbp=Oop [128]=Oop [136]=Oop }
                      ;*invokeinterface first {reexecute=0 rethrow=0 return_oop=1}
                      ; - clojure.lang.AFn::applyToHelper@211 (line 165)
  0x00007e782b0f3d74: 38ab 36ff 

  0x00007e782b0f3d78: ;   {post_call_nop}
  0x00007e782b0f3d78: 0f1f 8400 | 0000 0000 | 488b e848 | 8bb4 2480 | 0000 0066 | 9048 b8d8 | da59 c477 

  0x00007e782b0f3d94: ;   {virtual_call}
  0x00007e782b0f3d94: 7e00 00e8 

  0x00007e782b0f3d98: ; ImmutableOopMap {rbp=Oop [136]=Oop }
                      ;*invokeinterface next {reexecute=0 rethrow=0 return_oop=1}
                      ; - clojure.lang.AFn::applyToHelper@217 (line 166)
  0x00007e782b0f3d98: 24a7 36ff 

  0x00007e782b0f3d9c: ;   {post_call_nop}
  0x00007e782b0f3d9c: 0f1f 8400 | 0000 0000 | 4889 8424 | 8000 0000 | 488b f066 | 9048 b800 | db59 c477 

  0x00007e782b0f3db8: ;   {virtual_call}
  0x00007e782b0f3db8: 7e00 00e8 

  0x00007e782b0f3dbc: ; ImmutableOopMap {rbp=Oop [128]=Oop [136]=Oop }
                      ;*invokeinterface first {reexecute=0 rethrow=0 return_oop=1}
                      ; - clojure.lang.AFn::applyToHelper@224 (line 166)
  0x00007e782b0f3dbc: f0aa 36ff 

  0x00007e782b0f3dc0: ;   {post_call_nop}
  0x00007e782b0f3dc0: 0f1f 8400 | 0000 0000 | 4889 8424 | 9000 0000 | 488b b424 | 8000 0000 | 9048 b828 | db59 c477 
  0x00007e782b0f3de0: ;   {virtual_call}
  0x00007e782b0f3de0: 7e00 00e8 

  0x00007e782b0f3de4: ; ImmutableOopMap {rbp=Oop [136]=Oop [144]=Oop }
                      ;*invokeinterface next {reexecute=0 rethrow=0 return_oop=1}
                      ; - clojure.lang.AFn::applyToHelper@230 (line 167)
  0x00007e782b0f3de4: d8a6 36ff 

  0x00007e782b0f3de8: ;   {post_call_nop}
  0x00007e782b0f3de8: 0f1f 8400 | 0000 0000 | 4889 8424 | 8000 0000 | 488b f066 | 9048 b850 | db59 c477 

  0x00007e782b0f3e04: ;   {virtual_call}
  0x00007e782b0f3e04: 7e00 00e8 

  0x00007e782b0f3e08: ; ImmutableOopMap {rbp=Oop [128]=Oop [136]=Oop [144]=Oop }
                      ;*invokeinterface first {reexecute=0 rethrow=0 return_oop=1}
                      ; - clojure.lang.AFn::applyToHelper@237 (line 167)
  0x00007e782b0f3e08: a4aa 36ff 

  0x00007e782b0f3e0c: ;   {post_call_nop}
  0x00007e782b0f3e0c: 0f1f 8400 | 0000 0000 | 4889 8424 | 9800 0000 | 488b b424 | 8000 0000 | 9048 b878 | db59 c477 
  0x00007e782b0f3e2c: ;   {virtual_call}
  0x00007e782b0f3e2c: 7e00 00e8 

  0x00007e782b0f3e30: ; ImmutableOopMap {rbp=Oop [136]=Oop [144]=Oop [152]=Oop }
                      ;*invokeinterface next {reexecute=0 rethrow=0 return_oop=1}
                      ; - clojure.lang.AFn::applyToHelper@243 (line 168)
  0x00007e782b0f3e30: 8ca6 36ff 

  0x00007e782b0f3e34: ;   {post_call_nop}
  0x00007e782b0f3e34: 0f1f 8400 | 0000 0000 | 488b f066 | 9048 b8a0 | db59 c477 

  0x00007e782b0f3e48: ;   {virtual_call}
  0x00007e782b0f3e48: 7e00 00e8 

  0x00007e782b0f3e4c: ; ImmutableOopMap {rbp=Oop [136]=Oop [144]=Oop [152]=Oop }
                      ;*invokeinterface first {reexecute=0 rethrow=0 return_oop=1}
                      ; - clojure.lang.AFn::applyToHelper@250 (line 168)
  0x00007e782b0f3e4c: 60aa 36ff 

  0x00007e782b0f3e50: ;   {post_call_nop}
  0x00007e782b0f3e50: 0f1f 8400 | 0000 0000 | 488b b424 | 8800 0000 | 488b d548 | 8b8c 2490 | 0000 004c | 8b84 2498 
  0x00007e782b0f3e70: 0000 004c | 8bc8 6666 | 9048 b8c8 | db59 c477 

  0x00007e782b0f3e80: ;   {virtual_call}
  0x00007e782b0f3e80: 7e00 00e8 

  0x00007e782b0f3e84: ; ImmutableOopMap {}
                      ;*invokeinterface invoke {reexecute=0 rethrow=0 return_oop=1}
                      ; - clojure.lang.AFn::applyToHelper@261 (line 165)
  0x00007e782b0f3e84: 88d1 3fff 

  0x00007e782b0f3e88: ;   {post_call_nop}
  0x00007e782b0f3e88: 0f1f 8400 | 0000 0000 | e987 fcff | ff4c 8b94 | 2480 0000 | 0045 8b52 | 0441 c1ea 

  0x00007e782b0f3ea4: ;   {metadata('clojure/lang/Cons')}
  0x00007e782b0f3ea4: 0a41 81fa | 2028 0000 | 0f85 e609 | 0000 488b | b424 8000 | 0000 448b | 5e14 4489 | 9c24 9000 
  0x00007e782b0f3ec4: 0000 488b | ac24 8800 

  0x00007e782b0f3ecc: ;   {optimized virtual_call}
  0x00007e782b0f3ecc: 0000 90e8 

  0x00007e782b0f3ed0: ; ImmutableOopMap {rbp=Oop [136]=Oop [144]=NarrowOop }
                      ;*invokeinterface next {reexecute=0 rethrow=0 return_oop=1}
                      ; - clojure.lang.AFn::applyToHelper@346 (line 179)
  0x00007e782b0f3ed0: cc22 84ff 

  0x00007e782b0f3ed4: ;   {post_call_nop}
  0x00007e782b0f3ed4: 0f1f 8400 | 0000 0000 

  0x00007e782b0f3edc: ; implicit exception: dispatches to 0x00007e782b0f4c70
  0x00007e782b0f3edc: 448b 5804 | 41c1 eb0a 

  0x00007e782b0f3ee4: ;   {metadata('clojure/lang/Cons')}
  0x00007e782b0f3ee4: 4181 fb20 | 2800 000f | 85c3 0900 | 0048 8bf0 

  0x00007e782b0f3ef4: ;   {optimized virtual_call}
  0x00007e782b0f3ef4: 8b6e 14e8 

  0x00007e782b0f3ef8: ; ImmutableOopMap {rbp=NarrowOop [136]=Oop [144]=NarrowOop }
                      ;*invokeinterface next {reexecute=0 rethrow=0 return_oop=1}
                      ; - clojure.lang.AFn::applyToHelper@359 (line 180)
  0x00007e782b0f3ef8: a422 84ff 

  0x00007e782b0f3efc: ;   {post_call_nop}
  0x00007e782b0f3efc: 0f1f 8400 | 0000 0000 

  0x00007e782b0f3f04: ; implicit exception: dispatches to 0x00007e782b0f4c84
  0x00007e782b0f3f04: 448b 5004 | 41c1 ea0a 

  0x00007e782b0f3f0c: ;   {metadata('clojure/lang/Cons')}
  0x00007e782b0f3f0c: 4181 fa20 | 2800 000f | 85df 0900 | 0089 ac24 | 8400 0000 | 4889 4424 | f88b 8424 | 9000 0000 
  0x00007e782b0f3f2c: 8984 2480 | 0000 0048 | 8b44 24f8 | 488b f08b 

  0x00007e782b0f3f3c: ;   {optimized virtual_call}
  0x00007e782b0f3f3c: 6e14 90e8 

  0x00007e782b0f3f40: ; ImmutableOopMap {rbp=NarrowOop [128]=NarrowOop [132]=NarrowOop [136]=Oop }
                      ;*invokeinterface next {reexecute=0 rethrow=0 return_oop=1}
                      ; - clojure.lang.AFn::applyToHelper@372 (line 181)
  0x00007e782b0f3f40: 5c22 84ff 

  0x00007e782b0f3f44: ;   {post_call_nop}
  0x00007e782b0f3f44: 0f1f 8400 | 0000 0000 | 4c8b c044 | 8b58 0441 

  0x00007e782b0f3f54: ;   {metadata('clojure/lang/ArraySeq')}
  0x00007e782b0f3f54: c1eb 0a41 | 81fb 7331 | 0000 0f85 | 3408 0000 | 4889 8424 | 9000 0000 | 4c8b d049 | 8bf2 4c89 
  0x00007e782b0f3f74: 9424 9800 

  0x00007e782b0f3f78: ;   {optimized virtual_call}
  0x00007e782b0f3f78: 0000 90e8 

  0x00007e782b0f3f7c: ; ImmutableOopMap {rbp=NarrowOop [128]=NarrowOop [132]=NarrowOop [136]=Oop [144]=Oop [152]=Oop }
                      ;*invokeinterface first {reexecute=0 rethrow=0 return_oop=1}
                      ; - clojure.lang.AFn::applyToHelper@379 (line 181)
  0x00007e782b0f3f7c: a025 9aff 

  0x00007e782b0f3f80: ;   {post_call_nop}
  0x00007e782b0f3f80: 0f1f 8400 | 0000 0000 | 4889 8424 | a000 0000 | 4c8b 8424 | 9000 0000 | 498b f044 | 8b5e 0441 
  0x00007e782b0f3fa0: ;   {metadata('clojure/lang/ArraySeq')}
  0x00007e782b0f3fa0: c1eb 0a41 | 81fb 7331 | 0000 0f85 | 1008 0000 

  0x00007e782b0f3fb0: ;   {optimized virtual_call}
  0x00007e782b0f3fb0: 6666 90e8 

  0x00007e782b0f3fb4: ; ImmutableOopMap {rbp=NarrowOop [128]=NarrowOop [132]=NarrowOop [136]=Oop [160]=Oop }
                      ;*invokeinterface next {reexecute=0 rethrow=0 return_oop=1}
                      ; - clojure.lang.AFn::applyToHelper@385 (line 182)
  0x00007e782b0f3fb4: e842 82ff 

  0x00007e782b0f3fb8: ;   {post_call_nop}
  0x00007e782b0f3fb8: 0f1f 8400 | 0000 0000 | 4c8b d04d | 8bda 458b | 5204 41c1 

  0x00007e782b0f3fcc: ;   {metadata('clojure/lang/ArraySeq')}
  0x00007e782b0f3fcc: ea0a 4181 | fa73 3100 | 000f 8505 | 0800 004c | 899c 2490 | 0000 004d | 8bd3 498b | f24c 8994 
  0x00007e782b0f3fec: 2498 0000 

  0x00007e782b0f3ff0: ;   {optimized virtual_call}
  0x00007e782b0f3ff0: 0066 90e8 

  0x00007e782b0f3ff4: ; ImmutableOopMap {rbp=NarrowOop [128]=NarrowOop [132]=NarrowOop [136]=Oop [144]=Oop [152]=Oop [160]=Oop }
                      ;*invokeinterface first {reexecute=0 rethrow=0 return_oop=1}
                      ; - clojure.lang.AFn::applyToHelper@392 (line 182)
  0x00007e782b0f3ff4: 2825 9aff 

  0x00007e782b0f3ff8: ;   {post_call_nop}
  0x00007e782b0f3ff8: 0f1f 8400 | 0000 0000 | 4889 8424 | 9800 0000 | 4c8b 9c24 | 9000 0000 | 498b f344 | 8b56 0441 
  0x00007e782b0f4018: ;   {metadata('clojure/lang/ArraySeq')}
  0x00007e782b0f4018: c1ea 0a41 | 81fa 7331 | 0000 0f85 | dd07 0000 

  0x00007e782b0f4028: ;   {optimized virtual_call}
  0x00007e782b0f4028: 6666 90e8 

  0x00007e782b0f402c: ; ImmutableOopMap {rbp=NarrowOop [128]=NarrowOop [132]=NarrowOop [136]=Oop [152]=Oop [160]=Oop }
                      ;*invokeinterface next {reexecute=0 rethrow=0 return_oop=1}
                      ; - clojure.lang.AFn::applyToHelper@398 (line 183)
  0x00007e782b0f402c: 7042 82ff 

  0x00007e782b0f4030: ;   {post_call_nop}
  0x00007e782b0f4030: 0f1f 8400 | 0000 0000 | 4c8b d045 | 8b5a 0441 

  0x00007e782b0f4040: ;   {metadata('clojure/lang/ArraySeq')}
  0x00007e782b0f4040: c1eb 0a41 | 81fb 7331 | 0000 0f85 | d407 0000 

  0x00007e782b0f4050: ;   {optimized virtual_call}
  0x00007e782b0f4050: 498b f2e8 

  0x00007e782b0f4054: ; ImmutableOopMap {rbp=NarrowOop [128]=NarrowOop [132]=NarrowOop [136]=Oop [152]=Oop [160]=Oop }
                      ;*invokeinterface first {reexecute=0 rethrow=0 return_oop=1}
                      ; - clojure.lang.AFn::applyToHelper@405 (line 183)
  0x00007e782b0f4054: c824 9aff 

  0x00007e782b0f4058: ;   {post_call_nop}
  0x00007e782b0f4058: 0f1f 8400 | 0000 0000 | 4c8b d04c | 8bc5 49c1 | e003 448b | 8c24 8000 | 0000 498b | d148 c1e2 
  0x00007e782b0f4078: 0344 8b9c | 2484 0000 | 0049 8bcb | 48c1 e103 | 488b b424 | 8800 0000 | 4c8b 8c24 | a000 0000 
  0x00007e782b0f4098: 488b bc24 | 9800 0000 | 4c89 1424 | 9048 b8f0 | db59 c477 

  0x00007e782b0f40ac: ;   {virtual_call}
  0x00007e782b0f40ac: 7e00 00e8 

  0x00007e782b0f40b0: ; ImmutableOopMap {}
                      ;*invokeinterface invoke {reexecute=0 rethrow=0 return_oop=1}
                      ; - clojure.lang.AFn::applyToHelper@416 (line 178)
  0x00007e782b0f40b0: db7f 41f9 

  0x00007e782b0f40b4: ;   {post_call_nop}
  0x00007e782b0f40b4: 0f1f 8400 | 0000 0000 | e95b faff | ff48 8bb4 | 2480 0000 | 0048 8bee | 9048 b818 | dc59 c477 
  0x00007e782b0f40d4: ;   {virtual_call}
  0x00007e782b0f40d4: 7e00 00e8 

  0x00007e782b0f40d8: ; ImmutableOopMap {rbp=Oop [128]=Oop [136]=Oop [152]=Oop }
                      ;*invokeinterface first {reexecute=0 rethrow=0 return_oop=1}
                      ; - clojure.lang.AFn::applyToHelper@134 (line 156)
  0x00007e782b0f40d8: d4a7 36ff 

  0x00007e782b0f40dc: ;   {post_call_nop}
  0x00007e782b0f40dc: 0f1f 8400 | 0000 0000 | 488b e8e9 | 82b5 ffff | 488b b424 | 8000 0000 | 9048 b840 | dc59 c477 
  0x00007e782b0f40fc: ;   {virtual_call}
  0x00007e782b0f40fc: 7e00 00e8 

  0x00007e782b0f4100: ; ImmutableOopMap {rbp=Oop [136]=Oop }
                      ;*invokeinterface next {reexecute=0 rethrow=0 return_oop=1}
                      ; - clojure.lang.AFn::applyToHelper@140 (line 157)
  0x00007e782b0f4100: bca3 36ff 

  0x00007e782b0f4104: ;   {post_call_nop}
  0x00007e782b0f4104: 0f1f 8400 | 0000 0000 | 488b f0e9 | bbb5 ffff | 488b f048 | 8bac 2488 | 0000 0066 | 9048 b868 
  0x00007e782b0f4124: dc59 c477 

  0x00007e782b0f4128: ;   {virtual_call}
  0x00007e782b0f4128: 7e00 00e8 

  0x00007e782b0f412c: ; ImmutableOopMap {rbp=Oop [128]=NarrowOop [136]=Oop [144]=Oop [152]=Oop [160]=Oop }
                      ;*invokeinterface first {reexecute=0 rethrow=0 return_oop=1}
                      ; - clojure.lang.AFn::applyToHelper@321 (line 175)
  0x00007e782b0f412c: 5f37 9bff 

  0x00007e782b0f4130: ;   {post_call_nop}
  0x00007e782b0f4130: 0f1f 8400 | 0000 0000 | 488b f8e9 | 5eb4 ffff | 4c8b 9424 | 8000 0000 

  0x00007e782b0f4148: ; implicit exception: dispatches to 0x00007e782b0f4cd4
  0x00007e782b0f4148: 458b 5a04 | 41c1 eb0a 

  0x00007e782b0f4150: ;   {metadata('clojure/lang/Cons')}
  0x00007e782b0f4150: 4181 fb20 | 2800 0074 

  0x00007e782b0f4158: ;   {metadata('clojure/lang/PersistentVector$ChunkedSeq')}
  0x00007e782b0f4158: 2d41 81fb | 1535 0000 | 0f85 ae07 | 0000 498b | f249 8bea 

  0x00007e782b0f416c: ;   {optimized virtual_call}
  0x00007e782b0f416c: 6666 90e8 

  0x00007e782b0f4170: ; ImmutableOopMap {rbp=Oop [128]=Oop [136]=Oop }
                      ;*invokeinterface first {reexecute=0 rethrow=0 return_oop=1}
                      ; - clojure.lang.AFn::applyToHelper@424 (line 186)
  0x00007e782b0f4170: 6c15 29ff 

  0x00007e782b0f4174: ;   {post_call_nop}
  0x00007e782b0f4174: 0f1f 8400 | 0000 0000 | 4889 8424 | b800 0000 | eb10 458b | 5214 49c1 | e203 4c89 | 9424 b800 
  0x00007e782b0f4194: 0000 4c8b | 9424 8000 | 0000 458b | 5a04 41c1 

  0x00007e782b0f41a4: ;   {metadata('clojure/lang/Cons')}
  0x00007e782b0f41a4: eb0a 4181 | fb20 2800 

  0x00007e782b0f41ac: ;   {metadata('clojure/lang/PersistentVector$ChunkedSeq')}
  0x00007e782b0f41ac: 0074 2a41 | 81fb 1535 | 0000 0f85 | 7007 0000 | 498b f248 | 8bac 2488 

  0x00007e782b0f41c4: ;   {optimized virtual_call}
  0x00007e782b0f41c4: 0000 00e8 

  0x00007e782b0f41c8: ; ImmutableOopMap {rbp=Oop [136]=Oop [184]=Oop }
                      ;*invokeinterface next {reexecute=0 rethrow=0 return_oop=1}
                      ; - clojure.lang.AFn::applyToHelper@430 (line 187)
  0x00007e782b0f41c8: 1415 29ff 

  0x00007e782b0f41cc: ;   {post_call_nop}
  0x00007e782b0f41cc: 0f1f 8400 | 0000 0000 | 4c8b d0eb | 1e49 8bf2 | 488b ac24 | 8800 0000 

  0x00007e782b0f41e4: ;   {optimized virtual_call}
  0x00007e782b0f41e4: 6666 90e8 

  0x00007e782b0f41e8: ; ImmutableOopMap {rbp=Oop [136]=Oop [184]=Oop }
                      ;*invokeinterface next {reexecute=0 rethrow=0 return_oop=1}
                      ; - clojure.lang.AFn::applyToHelper@430 (line 187)
  0x00007e782b0f41e8: b41f 84ff 

  0x00007e782b0f41ec: ;   {post_call_nop}
  0x00007e782b0f41ec: 0f1f 8400 | 0000 0000 | 4c8b d049 | 8bea 458b | 5a04 41c1 

  0x00007e782b0f4200: ;   {metadata('clojure/lang/Cons')}
  0x00007e782b0f4200: eb0a 4181 | fb20 2800 

  0x00007e782b0f4208: ;   {metadata('clojure/lang/PersistentVector$ChunkedSeq')}
  0x00007e782b0f4208: 0074 2f41 | 81fb 1535 | 0000 0f85 | 3807 0000 | 498b f24c | 8994 2480 

  0x00007e782b0f4220: ;   {optimized virtual_call}
  0x00007e782b0f4220: 0000 00e8 

  0x00007e782b0f4224: ; ImmutableOopMap {rbp=Oop [128]=Oop [136]=Oop [184]=Oop }
                      ;*invokeinterface first {reexecute=0 rethrow=0 return_oop=1}
                      ; - clojure.lang.AFn::applyToHelper@437 (line 187)
  0x00007e782b0f4224: b814 29ff 

  0x00007e782b0f4228: ;   {post_call_nop}
  0x00007e782b0f4228: 0f1f 8400 | 0000 0000 | 4889 8424 | c000 0000 | eb10 458b | 5214 49c1 | e203 4c89 | 9424 c000 
  0x00007e782b0f4248: 0000 448b | 5d04 41c1 

  0x00007e782b0f4250: ;   {metadata('clojure/lang/Cons')}
  0x00007e782b0f4250: eb0a 4181 | fb20 2800 

  0x00007e782b0f4258: ;   {metadata('clojure/lang/PersistentVector$ChunkedSeq')}
  0x00007e782b0f4258: 0074 2a41 | 81fb 1535 | 0000 0f85 | 0c07 0000 | 488b f548 | 8bac 2488 

  0x00007e782b0f4270: ;   {optimized virtual_call}
  0x00007e782b0f4270: 0000 00e8 

  0x00007e782b0f4274: ; ImmutableOopMap {rbp=Oop [136]=Oop [184]=Oop [192]=Oop }
                      ;*invokeinterface next {reexecute=0 rethrow=0 return_oop=1}
                      ; - clojure.lang.AFn::applyToHelper@443 (line 188)
  0x00007e782b0f4274: 6814 29ff 

  0x00007e782b0f4278: ;   {post_call_nop}
  0x00007e782b0f4278: 0f1f 8400 | 0000 0000 | 4c8b d0eb | 1e48 8bf5 | 488b ac24 | 8800 0000 

  0x00007e782b0f4290: ;   {optimized virtual_call}
  0x00007e782b0f4290: 6666 90e8 

  0x00007e782b0f4294: ; ImmutableOopMap {rbp=Oop [136]=Oop [184]=Oop [192]=Oop }
                      ;*invokeinterface next {reexecute=0 rethrow=0 return_oop=1}
                      ; - clojure.lang.AFn::applyToHelper@443 (line 188)
  0x00007e782b0f4294: 081f 84ff 

  0x00007e782b0f4298: ;   {post_call_nop}
  0x00007e782b0f4298: 0f1f 8400 | 0000 0000 | 4c8b d049 | 8bea 458b | 5a04 41c1 

  0x00007e782b0f42ac: ;   {metadata('clojure/lang/Cons')}
  0x00007e782b0f42ac: eb0a 4181 | fb20 2800 

  0x00007e782b0f42b4: ;   {metadata('clojure/lang/PersistentVector$ChunkedSeq')}
  0x00007e782b0f42b4: 0074 2f41 | 81fb 1535 | 0000 0f85 | d406 0000 | 498b f24c | 8994 2480 

  0x00007e782b0f42cc: ;   {optimized virtual_call}
  0x00007e782b0f42cc: 0000 00e8 

  0x00007e782b0f42d0: ; ImmutableOopMap {rbp=Oop [128]=Oop [136]=Oop [184]=Oop [192]=Oop }
                      ;*invokeinterface first {reexecute=0 rethrow=0 return_oop=1}
                      ; - clojure.lang.AFn::applyToHelper@450 (line 188)
  0x00007e782b0f42d0: 0c14 29ff 

  0x00007e782b0f42d4: ;   {post_call_nop}
  0x00007e782b0f42d4: 0f1f 8400 | 0000 0000 | 4889 8424 | c800 0000 | eb10 458b | 5214 49c1 | e203 4c89 | 9424 c800 
  0x00007e782b0f42f4: 0000 448b | 5d04 41c1 

  0x00007e782b0f42fc: ;   {metadata('clojure/lang/Cons')}
  0x00007e782b0f42fc: eb0a 4181 | fb20 2800 

  0x00007e782b0f4304: ;   {metadata('clojure/lang/PersistentVector$ChunkedSeq')}
  0x00007e782b0f4304: 0074 2a41 | 81fb 1535 | 0000 0f85 | a806 0000 | 488b f548 | 8bac 2488 

  0x00007e782b0f431c: ;   {optimized virtual_call}
  0x00007e782b0f431c: 0000 00e8 

  0x00007e782b0f4320: ; ImmutableOopMap {rbp=Oop [136]=Oop [184]=Oop [192]=Oop [200]=Oop }
                      ;*invokeinterface next {reexecute=0 rethrow=0 return_oop=1}
                      ; - clojure.lang.AFn::applyToHelper@456 (line 189)
  0x00007e782b0f4320: bc13 29ff 

  0x00007e782b0f4324: ;   {post_call_nop}
  0x00007e782b0f4324: 0f1f 8400 | 0000 0000 | 4c8b d0eb | 1e48 8bf5 | 488b ac24 | 8800 0000 

  0x00007e782b0f433c: ;   {optimized virtual_call}
  0x00007e782b0f433c: 6666 90e8 

  0x00007e782b0f4340: ; ImmutableOopMap {rbp=Oop [136]=Oop [184]=Oop [192]=Oop [200]=Oop }
                      ;*invokeinterface next {reexecute=0 rethrow=0 return_oop=1}
                      ; - clojure.lang.AFn::applyToHelper@456 (line 189)
  0x00007e782b0f4340: 5c1e 84ff 

  0x00007e782b0f4344: ;   {post_call_nop}
  0x00007e782b0f4344: 0f1f 8400 | 0000 0000 | 4c8b d049 | 8bea 458b | 5a04 41c1 

  0x00007e782b0f4358: ;   {metadata('clojure/lang/Cons')}
  0x00007e782b0f4358: eb0a 4181 | fb20 2800 

  0x00007e782b0f4360: ;   {metadata('clojure/lang/PersistentVector$ChunkedSeq')}
  0x00007e782b0f4360: 0074 2f41 | 81fb 1535 | 0000 0f85 | 7006 0000 | 498b f24c | 8994 2480 

  0x00007e782b0f4378: ;   {optimized virtual_call}
  0x00007e782b0f4378: 0000 00e8 

  0x00007e782b0f437c: ; ImmutableOopMap {rbp=Oop [128]=Oop [136]=Oop [184]=Oop [192]=Oop [200]=Oop }
                      ;*invokeinterface first {reexecute=0 rethrow=0 return_oop=1}
                      ; - clojure.lang.AFn::applyToHelper@463 (line 189)
  0x00007e782b0f437c: 6013 29ff 

  0x00007e782b0f4380: ;   {post_call_nop}
  0x00007e782b0f4380: 0f1f 8400 | 0000 0000 | 4889 8424 | d000 0000 | eb10 458b | 5214 49c1 | e203 4c89 | 9424 d000 
  0x00007e782b0f43a0: 0000 448b | 5d04 41c1 

  0x00007e782b0f43a8: ;   {metadata('clojure/lang/Cons')}
  0x00007e782b0f43a8: eb0a 4181 | fb20 2800 

  0x00007e782b0f43b0: ;   {metadata('clojure/lang/PersistentVector$ChunkedSeq')}
  0x00007e782b0f43b0: 0074 2a41 | 81fb 1535 | 0000 0f85 | 4406 0000 | 488b f548 | 8bac 2488 

  0x00007e782b0f43c8: ;   {optimized virtual_call}
  0x00007e782b0f43c8: 0000 00e8 

  0x00007e782b0f43cc: ; ImmutableOopMap {rbp=Oop [136]=Oop [184]=Oop [192]=Oop [200]=Oop [208]=Oop }
                      ;*invokeinterface next {reexecute=0 rethrow=0 return_oop=1}
                      ; - clojure.lang.AFn::applyToHelper@469 (line 190)
  0x00007e782b0f43cc: 1013 29ff 

  0x00007e782b0f43d0: ;   {post_call_nop}
  0x00007e782b0f43d0: 0f1f 8400 | 0000 0000 | 4c8b d0eb | 1e48 8bf5 | 488b ac24 | 8800 0000 

  0x00007e782b0f43e8: ;   {optimized virtual_call}
  0x00007e782b0f43e8: 6666 90e8 

  0x00007e782b0f43ec: ; ImmutableOopMap {rbp=Oop [136]=Oop [184]=Oop [192]=Oop [200]=Oop [208]=Oop }
                      ;*invokeinterface next {reexecute=0 rethrow=0 return_oop=1}
                      ; - clojure.lang.AFn::applyToHelper@469 (line 190)
  0x00007e782b0f43ec: b01d 84ff 

  0x00007e782b0f43f0: ;   {post_call_nop}
  0x00007e782b0f43f0: 0f1f 8400 | 0000 0000 | 4c8b d049 | 8bea 458b | 5a04 41c1 

  0x00007e782b0f4404: ;   {metadata('clojure/lang/Cons')}
  0x00007e782b0f4404: eb0a 4181 | fb20 2800 

  0x00007e782b0f440c: ;   {metadata('clojure/lang/PersistentVector$ChunkedSeq')}
  0x00007e782b0f440c: 0074 2f41 | 81fb 1535 | 0000 0f85 | 0c06 0000 | 498b f24c | 8994 2480 

  0x00007e782b0f4424: ;   {optimized virtual_call}
  0x00007e782b0f4424: 0000 00e8 

  0x00007e782b0f4428: ; ImmutableOopMap {rbp=Oop [128]=Oop [136]=Oop [184]=Oop [192]=Oop [200]=Oop [208]=Oop }
                      ;*invokeinterface first {reexecute=0 rethrow=0 return_oop=1}
                      ; - clojure.lang.AFn::applyToHelper@476 (line 190)
  0x00007e782b0f4428: b412 29ff 

  0x00007e782b0f442c: ;   {post_call_nop}
  0x00007e782b0f442c: 0f1f 8400 | 0000 0000 | 4889 8424 | d800 0000 | eb10 458b | 5214 49c1 | e203 4c89 | 9424 d800 
  0x00007e782b0f444c: 0000 448b | 5d04 41c1 

  0x00007e782b0f4454: ;   {metadata('clojure/lang/Cons')}
  0x00007e782b0f4454: eb0a 4181 | fb20 2800 

  0x00007e782b0f445c: ;   {metadata('clojure/lang/PersistentVector$ChunkedSeq')}
  0x00007e782b0f445c: 0074 2a41 | 81fb 1535 | 0000 0f85 | e005 0000 | 488b f548 | 8bac 2488 

  0x00007e782b0f4474: ;   {optimized virtual_call}
  0x00007e782b0f4474: 0000 00e8 

  0x00007e782b0f4478: ; ImmutableOopMap {rbp=Oop [136]=Oop [184]=Oop [192]=Oop [200]=Oop [208]=Oop [216]=Oop }
                      ;*invokeinterface next {reexecute=0 rethrow=0 return_oop=1}
                      ; - clojure.lang.AFn::applyToHelper@482 (line 191)
  0x00007e782b0f4478: 6412 29ff 

  0x00007e782b0f447c: ;   {post_call_nop}
  0x00007e782b0f447c: 0f1f 8400 | 0000 0000 | 4c8b d0eb | 1e48 8bf5 | 488b ac24 | 8800 0000 

  0x00007e782b0f4494: ;   {optimized virtual_call}
  0x00007e782b0f4494: 6666 90e8 

  0x00007e782b0f4498: ; ImmutableOopMap {rbp=Oop [136]=Oop [184]=Oop [192]=Oop [200]=Oop [208]=Oop [216]=Oop }
                      ;*invokeinterface next {reexecute=0 rethrow=0 return_oop=1}
                      ; - clojure.lang.AFn::applyToHelper@482 (line 191)
  0x00007e782b0f4498: 041d 84ff 

  0x00007e782b0f449c: ;   {post_call_nop}
  0x00007e782b0f449c: 0f1f 8400 | 0000 0000 | 4c8b d049 | 8bea 458b | 5a04 41c1 

  0x00007e782b0f44b0: ;   {metadata('clojure/lang/Cons')}
  0x00007e782b0f44b0: eb0a 4181 | fb20 2800 

  0x00007e782b0f44b8: ;   {metadata('clojure/lang/PersistentVector$ChunkedSeq')}
  0x00007e782b0f44b8: 0074 2f41 | 81fb 1535 | 0000 0f85 | a805 0000 | 498b f24c | 8994 2480 

  0x00007e782b0f44d0: ;   {optimized virtual_call}
  0x00007e782b0f44d0: 0000 00e8 

  0x00007e782b0f44d4: ; ImmutableOopMap {rbp=Oop [128]=Oop [136]=Oop [184]=Oop [192]=Oop [200]=Oop [208]=Oop [216]=Oop }
                      ;*invokeinterface first {reexecute=0 rethrow=0 return_oop=1}
                      ; - clojure.lang.AFn::applyToHelper@489 (line 191)
  0x00007e782b0f44d4: 0812 29ff 

  0x00007e782b0f44d8: ;   {post_call_nop}
  0x00007e782b0f44d8: 0f1f 8400 | 0000 0000 | 4889 8424 | b000 0000 | eb10 458b | 5214 49c1 | e203 4c89 | 9424 b000 
  0x00007e782b0f44f8: 0000 448b | 5d04 41c1 

  0x00007e782b0f4500: ;   {metadata('clojure/lang/Cons')}
  0x00007e782b0f4500: eb0a 4181 | fb20 2800 

  0x00007e782b0f4508: ;   {metadata('clojure/lang/PersistentVector$ChunkedSeq')}
  0x00007e782b0f4508: 0074 2a41 | 81fb 1535 | 0000 0f85 | 7c05 0000 | 488b f548 | 8bac 2488 

  0x00007e782b0f4520: ;   {optimized virtual_call}
  0x00007e782b0f4520: 0000 00e8 

  0x00007e782b0f4524: ; ImmutableOopMap {rbp=Oop [136]=Oop [176]=Oop [184]=Oop [192]=Oop [200]=Oop [208]=Oop [216]=Oop }
                      ;*invokeinterface next {reexecute=0 rethrow=0 return_oop=1}
                      ; - clojure.lang.AFn::applyToHelper@495 (line 192)
  0x00007e782b0f4524: b811 29ff 

  0x00007e782b0f4528: ;   {post_call_nop}
  0x00007e782b0f4528: 0f1f 8400 | 0000 0000 | 4c8b d0eb | 1e48 8bf5 | 488b ac24 | 8800 0000 

  0x00007e782b0f4540: ;   {optimized virtual_call}
  0x00007e782b0f4540: 6666 90e8 

  0x00007e782b0f4544: ; ImmutableOopMap {rbp=Oop [136]=Oop [176]=Oop [184]=Oop [192]=Oop [200]=Oop [208]=Oop [216]=Oop }
                      ;*invokeinterface next {reexecute=0 rethrow=0 return_oop=1}
                      ; - clojure.lang.AFn::applyToHelper@495 (line 192)
  0x00007e782b0f4544: 581c 84ff 

  0x00007e782b0f4548: ;   {post_call_nop}
  0x00007e782b0f4548: 0f1f 8400 | 0000 0000 | 4c8b d045 | 8b5a 0441 

  0x00007e782b0f4558: ;   {metadata('clojure/lang/ArraySeq')}
  0x00007e782b0f4558: c1eb 0a41 | 81fb 7331 | 0000 742d 

  0x00007e782b0f4564: ;   {metadata('clojure/lang/PersistentVector$ChunkedSeq')}
  0x00007e782b0f4564: 4181 fb15 | 3500 000f | 8547 0500 | 0049 8bf2 | 488b ac24 | 8800 0000 

  0x00007e782b0f457c: ;   {optimized virtual_call}
  0x00007e782b0f457c: 6666 90e8 

  0x00007e782b0f4580: ; ImmutableOopMap {rbp=Oop [136]=Oop [176]=Oop [184]=Oop [192]=Oop [200]=Oop [208]=Oop [216]=Oop }
                      ;*invokeinterface first {reexecute=0 rethrow=0 return_oop=1}
                      ; - clojure.lang.AFn::applyToHelper@502 (line 192)
  0x00007e782b0f4580: 5c11 29ff 

  0x00007e782b0f4584: ;   {post_call_nop}
  0x00007e782b0f4584: 0f1f 8400 | 0000 0000 | 4c8b d0eb | 1e49 8bf2 | 488b ac24 | 8800 0000 

  0x00007e782b0f459c: ;   {optimized virtual_call}
  0x00007e782b0f459c: 6666 90e8 

  0x00007e782b0f45a0: ; ImmutableOopMap {rbp=Oop [136]=Oop [176]=Oop [184]=Oop [192]=Oop [200]=Oop [208]=Oop [216]=Oop }
                      ;*invokeinterface first {reexecute=0 rethrow=0 return_oop=1}
                      ; - clojure.lang.AFn::applyToHelper@502 (line 192)
  0x00007e782b0f45a0: 7c1f 9aff 

  0x00007e782b0f45a4: ;   {post_call_nop}
  0x00007e782b0f45a4: 0f1f 8400 | 0000 0000 | 4c8b d04c | 8b84 2488 | 0000 0045 | 8b58 0441 

  0x00007e782b0f45bc: ;   {metadata('editor/code/resource$load_fn')}
  0x00007e782b0f45bc: c1eb 0a41 | 81fb 6f08 | 0100 745d 

  0x00007e782b0f45c8: ;   {metadata('clojure/spec/alpha$fspec_impl')}
  0x00007e782b0f45c8: 4181 fb24 | 5300 000f | 8517 0500 | 0049 8bf0 | 488b 9424 | b800 0000 | 488b 8c24 | c000 0000 
  0x00007e782b0f45e8: 4c8b 8424 | c800 0000 | 4c8b 8c24 | d000 0000 | 488b bc24 | d800 0000 | 4c8b 9c24 | b000 0000 
  0x00007e782b0f4608: 4c89 1c24 | 4c89 5424 

  0x00007e782b0f4610: ;   {optimized virtual_call}
  0x00007e782b0f4610: 0866 90e8 

  0x00007e782b0f4614: ; ImmutableOopMap {}
                      ;*invokeinterface invoke {reexecute=0 rethrow=0 return_oop=1}
                      ; - clojure.lang.AFn::applyToHelper@513 (line 186)
  0x00007e782b0f4614: c810 29ff 

  0x00007e782b0f4618: ;   {post_call_nop}
  0x00007e782b0f4618: 0f1f 8400 | 0000 0000 | e9f7 f4ff | ff49 8bf0 | 488b 9424 | b800 0000 | 488b 8c24 | c000 0000 
  0x00007e782b0f4638: 4c8b 8424 | c800 0000 | 4c8b 8c24 | d000 0000 | 488b bc24 | d800 0000 | 4c8b 9c24 | b000 0000 
  0x00007e782b0f4658: 4c89 1c24 | 4c89 5424 

  0x00007e782b0f4660: ;   {optimized virtual_call}
  0x00007e782b0f4660: 0866 90e8 

  0x00007e782b0f4664: ; ImmutableOopMap {}
                      ;*invokeinterface invoke {reexecute=0 rethrow=0 return_oop=1}
                      ; - clojure.lang.AFn::applyToHelper@513 (line 186)
  0x00007e782b0f4664: 9516 0000 

  0x00007e782b0f4668: ;   {post_call_nop}
  0x00007e782b0f4668: 0f1f 8400 | 0000 0000 | e9a7 f4ff 

  0x00007e782b0f4674: ;   {metadata('clojure/lang/PersistentVector$ChunkedSeq')}
  0x00007e782b0f4674: ff41 81fb | 1535 0000 | 0f85 da04 | 0000 458b | 5020 478b | 5cd4 0845 | 8b50 1841 | ffc2 453b 
  0x00007e782b0f4694: d37c 2589 | ac24 8000 | 0000 498b 

  0x00007e782b0f46a0: ;   {optimized virtual_call}
  0x00007e782b0f46a0: f066 90e8 

  0x00007e782b0f46a4: ; ImmutableOopMap {[128]=NarrowOop [136]=Oop [152]=Oop }
                      ;*invokevirtual chunkedNext {reexecute=0 rethrow=0 return_oop=1}
                      ; - clojure.lang.PersistentVector$ChunkedSeq::next@41 (line 509)
                      ; - clojure.lang.AFn::applyToHelper@275 (line 172)
  0x00007e782b0f46a4: 3810 29ff 

  0x00007e782b0f46a8: ;   {post_call_nop}
  0x00007e782b0f46a8: 0f1f 8400 | 0000 0000 | 8bac 2480 | 0000 00e9 | 88ad ffff | 498b 87c8 | 0100 004c | 8bd0 4983 
  0x00007e782b0f46c8: c228 4d3b | 97d8 0100 | 000f 8385 | 0100 004d | 8997 c801 | 0000 410f | 0d8a c000 | 0000 49ba 
  0x00007e782b0f46e8: 0100 0000 | 0054 d400 | 4c89 104c | 8960 084c | 8960 104c | 8960 184c | 8960 2045 | 8b50 1444 
  0x00007e782b0f4708: 8950 1445 | 8b48 1845 | 8b50 2045 | 8b40 1c41 | ffc1 4489 | 4818 4c8d | 4820 4589 | 114c 8d50 
  0x00007e782b0f4728: 1c45 8902 | e913 adff 

  0x00007e782b0f4730: ;   {metadata('clojure/lang/PersistentVector$ChunkedSeq')}
  0x00007e782b0f4730: ff41 81fb | 1535 0000 | 0f85 0204 | 0000 4c8b | 9424 8000 | 0000 4d8b | da45 8b43 | 2041 8b6b 
  0x00007e782b0f4750: 1847 8b54 | c408 413b | ea0f 83bd | 0300 004f | 8d14 c441 | 8b6c aa0c | e98f acff 

  0x00007e782b0f476c: ;   {oop(a 'clojure/lang/PersistentList$EmptyList'{0x0000000227737bb0})}
  0x00007e782b0f476c: ff48 beb0 | 7b73 2702 | 0000 00e9 | b1ac ffff 

  0x00007e782b0f477c: ;   {oop(a 'clojure/lang/PersistentList$EmptyList'{0x0000000227737bb0})}
  0x00007e782b0f477c: 48be b07b | 7327 0200 | 0000 e90a | adff ff48 | 8bb4 2498 | 0000 00e9 | 70ad ffff 

  0x00007e782b0f4798: ;   {metadata('clojure/lang/Cons')}
  0x00007e782b0f4798: 4181 fb20 | 2800 000f | 85e3 0300 | 004c 8bd0 | 458b 5a14 | 4d8b d349 | c1e2 034c | 8994 24a0 
  0x00007e782b0f47b8: 0000 00e9 | d8f7 ffff | 9048 b890 | dc59 c477 

  0x00007e782b0f47c8: ;   {virtual_call}
  0x00007e782b0f47c8: 7e00 00e8 

  0x00007e782b0f47cc: ; ImmutableOopMap {rbp=NarrowOop [128]=NarrowOop [132]=NarrowOop [136]=Oop [160]=Oop }
                      ;*invokeinterface next {reexecute=0 rethrow=0 return_oop=1}
                      ; - clojure.lang.AFn::applyToHelper@385 (line 182)
  0x00007e782b0f47cc: 1012 29ff 

  0x00007e782b0f47d0: ;   {post_call_nop}
  0x00007e782b0f47d0: 0f1f 8400 | 0000 0000 | 4c8b d0e9 | e3f7 ffff 

  0x00007e782b0f47e0: ;   {metadata('clojure/lang/Cons')}
  0x00007e782b0f47e0: 4181 fa20 | 2800 000f | 85b7 0300 | 004d 8bd3 | 458b 5214 | 49c1 e203 | 4c89 9424 | 9800 0000 
  0x00007e782b0f4800: e90b f8ff | ff48 b8b8 | dc59 c477 

  0x00007e782b0f480c: ;   {virtual_call}
  0x00007e782b0f480c: 7e00 00e8 

  0x00007e782b0f4810: ; ImmutableOopMap {rbp=NarrowOop [128]=NarrowOop [132]=NarrowOop [136]=Oop [152]=Oop [160]=Oop }
                      ;*invokeinterface next {reexecute=0 rethrow=0 return_oop=1}
                      ; - clojure.lang.AFn::applyToHelper@398 (line 183)
  0x00007e782b0f4810: cc11 29ff 

  0x00007e782b0f4814: ;   {post_call_nop}
  0x00007e782b0f4814: 0f1f 8400 | 0000 0000 | 4c8b d0e9 | 17f8 ffff 

  0x00007e782b0f4824: ;   {metadata('clojure/lang/Cons')}
  0x00007e782b0f4824: 4181 fb20 | 2800 000f | 859f 0300 | 0045 8b5a | 144d 8bd3 | 49c1 e203 | e922 f8ff | ffbe e4ff 
  0x00007e782b0f4844: ffff 4489 | 9424 8400 

  0x00007e782b0f484c: ;   {runtime_call UncommonTrapBlob}
  0x00007e782b0f484c: 0000 90e8 

  0x00007e782b0f4850: ; ImmutableOopMap {[128]=NarrowOop [132]=NarrowOop [136]=Oop [144]=Oop [152]=Oop [160]=Oop }
                      ;*aaload {reexecute=0 rethrow=0 return_oop=0}
                      ; - clojure.lang.ArraySeq::first@15 (line 72)
                      ; - clojure.lang.AFn::applyToHelper@321 (line 175)
  0x00007e782b0f4850: 8c29 36ff 

  0x00007e782b0f4854: ;   {post_call_nop}
  0x00007e782b0f4854: 0f1f 8400 | 0000 0000 | 4c89 8424 | 9000 0000 | 89ac 2480 

  0x00007e782b0f4868: ;   {metadata('clojure/lang/PersistentVector$ChunkedSeq')}
  0x00007e782b0f4868: 0000 0048 | be00 2a6a | 5400 0000 

  0x00007e782b0f4874: ;   {runtime_call C2 Runtime new_instance}
  0x00007e782b0f4874: 0066 90e8 

  0x00007e782b0f4878: ; ImmutableOopMap {[128]=NarrowOop [136]=Oop [144]=Oop [152]=Oop }
                      ;*new {reexecute=0 rethrow=0 return_oop=1}
                      ; - clojure.lang.PersistentVector$ChunkedSeq::next@14 (line 508)
                      ; - clojure.lang.AFn::applyToHelper@275 (line 172)
  0x00007e782b0f4878: e489 36ff 

  0x00007e782b0f487c: ;   {post_call_nop}
  0x00007e782b0f487c: 0f1f 8400 | 0000 0000 | 8bac 2480 | 0000 004c | 8b84 2490 | 0000 00e9 | 6bfe ffff | bede ffff 
  0x00007e782b0f489c: ff48 8bac | 2480 0000 

  0x00007e782b0f48a4: ;   {runtime_call UncommonTrapBlob}
  0x00007e782b0f48a4: 0066 90e8 

  0x00007e782b0f48a8: ; ImmutableOopMap {rbp=Oop [136]=Oop }
                      ;*invokeinterface first {reexecute=0 rethrow=0 return_oop=0}
                      ; - clojure.lang.AFn::applyToHelper@340 (line 178)
  0x00007e782b0f48a8: 3429 36ff 

  0x00007e782b0f48ac: ;   {post_call_nop}
  0x00007e782b0f48ac: 0f1f 8400 | 0000 0000 | bede ffff | ff4c 8b9c | 2488 0000 | 004c 899c | 2480 0000 | 0048 8944 
  0x00007e782b0f48cc: 24f8 8b84 | 2490 0000 | 0089 8424 | 8800 0000 | 488b 4424 | f848 8984 | 2490 0000 

  0x00007e782b0f48e8: ;   {runtime_call UncommonTrapBlob}
  0x00007e782b0f48e8: 0066 90e8 

  0x00007e782b0f48ec: ; ImmutableOopMap {[128]=Oop [136]=NarrowOop [144]=Oop }
                      ;*invokeinterface first {reexecute=0 rethrow=0 return_oop=0}
                      ; - clojure.lang.AFn::applyToHelper@353 (line 179)
  0x00007e782b0f48ec: f028 36ff 

  0x00007e782b0f48f0: ;   {post_call_nop}
  0x00007e782b0f48f0: 0f1f 8400 | 0000 0000 | bede ffff | ff48 8984 | 2498 0000 

  0x00007e782b0f4904: ;   {runtime_call UncommonTrapBlob}
  0x00007e782b0f4904: 0066 90e8 

  0x00007e782b0f4908: ; ImmutableOopMap {rbp=NarrowOop [136]=Oop [144]=NarrowOop [152]=Oop }
                      ;*invokeinterface first {reexecute=0 rethrow=0 return_oop=0}
                      ; - clojure.lang.AFn::applyToHelper@366 (line 180)
  0x00007e782b0f4908: d428 36ff 

  0x00007e782b0f490c: ;   {post_call_nop}
  0x00007e782b0f490c: 0f1f 8400 | 0000 0000 | bec6 ffff | ff49 8bea 

  0x00007e782b0f491c: ;   {runtime_call UncommonTrapBlob}
  0x00007e782b0f491c: 6666 90e8 

  0x00007e782b0f4920: ; ImmutableOopMap {rbp=Oop [136]=Oop }
                      ;*invokeinterface first {reexecute=0 rethrow=0 return_oop=0}
                      ; - clojure.lang.AFn::applyToHelper@424 (line 186)
  0x00007e782b0f4920: bc28 36ff 

  0x00007e782b0f4924: ;   {post_call_nop}
  0x00007e782b0f4924: 0f1f 8400 | 0000 0000 | bec6 ffff | ff48 8bac | 2488 0000 | 004c 8994 | 2488 0000 

  0x00007e782b0f4940: ;   {runtime_call UncommonTrapBlob}
  0x00007e782b0f4940: 0066 90e8 

  0x00007e782b0f4944: ; ImmutableOopMap {rbp=Oop [136]=Oop [184]=Oop }
                      ;*invokeinterface next {reexecute=0 rethrow=0 return_oop=0}
                      ; - clojure.lang.AFn::applyToHelper@430 (line 187)
  0x00007e782b0f4944: 9828 36ff 

  0x00007e782b0f4948: ;   {post_call_nop}
  0x00007e782b0f4948: 0f1f 8400 | 0000 0000 | bec6 ffff | ff4c 8b94 | 2488 0000 | 004c 8994 | 2480 0000 

  0x00007e782b0f4964: ;   {runtime_call UncommonTrapBlob}
  0x00007e782b0f4964: 0066 90e8 

  0x00007e782b0f4968: ; ImmutableOopMap {rbp=Oop [128]=Oop [184]=Oop }
                      ;*invokeinterface first {reexecute=0 rethrow=0 return_oop=0}
                      ; - clojure.lang.AFn::applyToHelper@437 (line 187)
  0x00007e782b0f4968: 7428 36ff 

  0x00007e782b0f496c: ;   {post_call_nop}
  0x00007e782b0f496c: 0f1f 8400 | 0000 0000 | bec6 ffff | ff4c 8b94 | 2488 0000 | 004c 8994 | 2480 0000 

  0x00007e782b0f4988: ;   {runtime_call UncommonTrapBlob}
  0x00007e782b0f4988: 0066 90e8 

  0x00007e782b0f498c: ; ImmutableOopMap {rbp=Oop [128]=Oop [184]=Oop [192]=Oop }
                      ;*invokeinterface next {reexecute=0 rethrow=0 return_oop=0}
                      ; - clojure.lang.AFn::applyToHelper@443 (line 188)
  0x00007e782b0f498c: 5028 36ff 

  0x00007e782b0f4990: ;   {post_call_nop}
  0x00007e782b0f4990: 0f1f 8400 | 0000 0000 | bec6 ffff | ff4c 8b94 | 2488 0000 | 004c 8994 | 2480 0000 

  0x00007e782b0f49ac: ;   {runtime_call UncommonTrapBlob}
  0x00007e782b0f49ac: 0066 90e8 

  0x00007e782b0f49b0: ; ImmutableOopMap {rbp=Oop [128]=Oop [184]=Oop [192]=Oop }
                      ;*invokeinterface first {reexecute=0 rethrow=0 return_oop=0}
                      ; - clojure.lang.AFn::applyToHelper@450 (line 188)
  0x00007e782b0f49b0: 2c28 36ff 

  0x00007e782b0f49b4: ;   {post_call_nop}
  0x00007e782b0f49b4: 0f1f 8400 | 0000 0000 | bec6 ffff | ff4c 8b94 | 2488 0000 | 004c 8994 | 2480 0000 

  0x00007e782b0f49d0: ;   {runtime_call UncommonTrapBlob}
  0x00007e782b0f49d0: 0066 90e8 

  0x00007e782b0f49d4: ; ImmutableOopMap {rbp=Oop [128]=Oop [184]=Oop [192]=Oop [200]=Oop }
                      ;*invokeinterface next {reexecute=0 rethrow=0 return_oop=0}
                      ; - clojure.lang.AFn::applyToHelper@456 (line 189)
  0x00007e782b0f49d4: 0828 36ff 

  0x00007e782b0f49d8: ;   {post_call_nop}
  0x00007e782b0f49d8: 0f1f 8400 | 0000 0000 | bec6 ffff | ff4c 8b94 | 2488 0000 | 004c 8994 | 2480 0000 

  0x00007e782b0f49f4: ;   {runtime_call UncommonTrapBlob}
  0x00007e782b0f49f4: 0066 90e8 

  0x00007e782b0f49f8: ; ImmutableOopMap {rbp=Oop [128]=Oop [184]=Oop [192]=Oop [200]=Oop }
                      ;*invokeinterface first {reexecute=0 rethrow=0 return_oop=0}
                      ; - clojure.lang.AFn::applyToHelper@463 (line 189)
  0x00007e782b0f49f8: e427 36ff 

  0x00007e782b0f49fc: ;   {post_call_nop}
  0x00007e782b0f49fc: 0f1f 8400 | 0000 0000 | bec6 ffff | ff4c 8b94 | 2488 0000 | 004c 8994 | 2480 0000 

  0x00007e782b0f4a18: ;   {runtime_call UncommonTrapBlob}
  0x00007e782b0f4a18: 0066 90e8 

  0x00007e782b0f4a1c: ; ImmutableOopMap {rbp=Oop [128]=Oop [184]=Oop [192]=Oop [200]=Oop [208]=Oop }
                      ;*invokeinterface next {reexecute=0 rethrow=0 return_oop=0}
                      ; - clojure.lang.AFn::applyToHelper@469 (line 190)
  0x00007e782b0f4a1c: c027 36ff 

  0x00007e782b0f4a20: ;   {post_call_nop}
  0x00007e782b0f4a20: 0f1f 8400 | 0000 0000 | bec6 ffff | ff4c 8b94 | 2488 0000 | 004c 8994 | 2480 0000 

  0x00007e782b0f4a3c: ;   {runtime_call UncommonTrapBlob}
  0x00007e782b0f4a3c: 0066 90e8 

  0x00007e782b0f4a40: ; ImmutableOopMap {rbp=Oop [128]=Oop [184]=Oop [192]=Oop [200]=Oop [208]=Oop }
                      ;*invokeinterface first {reexecute=0 rethrow=0 return_oop=0}
                      ; - clojure.lang.AFn::applyToHelper@476 (line 190)
  0x00007e782b0f4a40: 9c27 36ff 

  0x00007e782b0f4a44: ;   {post_call_nop}
  0x00007e782b0f4a44: 0f1f 8400 | 0000 0000 | bec6 ffff | ff4c 8b94 | 2488 0000 | 004c 8994 | 2480 0000 

  0x00007e782b0f4a60: ;   {runtime_call UncommonTrapBlob}
  0x00007e782b0f4a60: 0066 90e8 

  0x00007e782b0f4a64: ; ImmutableOopMap {rbp=Oop [128]=Oop [184]=Oop [192]=Oop [200]=Oop [208]=Oop [216]=Oop }
                      ;*invokeinterface next {reexecute=0 rethrow=0 return_oop=0}
                      ; - clojure.lang.AFn::applyToHelper@482 (line 191)
  0x00007e782b0f4a64: 7827 36ff 

  0x00007e782b0f4a68: ;   {post_call_nop}
  0x00007e782b0f4a68: 0f1f 8400 | 0000 0000 | bec6 ffff | ff4c 8b94 | 2488 0000 | 004c 8994 | 2480 0000 

  0x00007e782b0f4a84: ;   {runtime_call UncommonTrapBlob}
  0x00007e782b0f4a84: 0066 90e8 

  0x00007e782b0f4a88: ; ImmutableOopMap {rbp=Oop [128]=Oop [184]=Oop [192]=Oop [200]=Oop [208]=Oop [216]=Oop }
                      ;*invokeinterface first {reexecute=0 rethrow=0 return_oop=0}
                      ; - clojure.lang.AFn::applyToHelper@489 (line 191)
  0x00007e782b0f4a88: 5427 36ff 

  0x00007e782b0f4a8c: ;   {post_call_nop}
  0x00007e782b0f4a8c: 0f1f 8400 | 0000 0000 | bec6 ffff | ff4c 8b94 | 2488 0000 | 004c 8994 | 2480 0000 

  0x00007e782b0f4aa8: ;   {runtime_call UncommonTrapBlob}
  0x00007e782b0f4aa8: 0066 90e8 

  0x00007e782b0f4aac: ; ImmutableOopMap {rbp=Oop [128]=Oop [176]=Oop [184]=Oop [192]=Oop [200]=Oop [208]=Oop [216]=Oop }
                      ;*invokeinterface next {reexecute=0 rethrow=0 return_oop=0}
                      ; - clojure.lang.AFn::applyToHelper@495 (line 192)
  0x00007e782b0f4aac: 3027 36ff 

  0x00007e782b0f4ab0: ;   {post_call_nop}
  0x00007e782b0f4ab0: 0f1f 8400 | 0000 0000 | bec6 ffff | ff48 8bac | 2488 0000 | 004c 8b9c | 24b0 0000 | 004c 899c 
  0x00007e782b0f4ad0: 24a8 0000 | 004c 8994 | 24b0 0000 

  0x00007e782b0f4adc: ;   {runtime_call UncommonTrapBlob}
  0x00007e782b0f4adc: 0066 90e8 

  0x00007e782b0f4ae0: ; ImmutableOopMap {rbp=Oop [168]=Oop [176]=Oop [184]=Oop [192]=Oop [200]=Oop [208]=Oop [216]=Oop }
                      ;*invokeinterface first {reexecute=0 rethrow=0 return_oop=0}
                      ; - clojure.lang.AFn::applyToHelper@502 (line 192)
  0x00007e782b0f4ae0: fc26 36ff 

  0x00007e782b0f4ae4: ;   {post_call_nop}
  0x00007e782b0f4ae4: 0f1f 8400 | 0000 0000 | bec6 ffff | ff49 8be8 | 4c8b 9c24 | b000 0000 | 4c89 9c24 | a800 0000 
  0x00007e782b0f4b04: 4c89 9424 | b000 0000 

  0x00007e782b0f4b0c: ;   {runtime_call UncommonTrapBlob}
  0x00007e782b0f4b0c: 6666 90e8 

  0x00007e782b0f4b10: ; ImmutableOopMap {rbp=Oop [168]=Oop [176]=Oop [184]=Oop [192]=Oop [200]=Oop [208]=Oop [216]=Oop }
                      ;*invokeinterface invoke {reexecute=0 rethrow=0 return_oop=0}
                      ; - clojure.lang.AFn::applyToHelper@513 (line 186)
  0x00007e782b0f4b10: cc26 36ff 

  0x00007e782b0f4b14: ;   {post_call_nop}
  0x00007e782b0f4b14: 0f1f 8400 | 0000 0000 | bee4 ffff | ff4c 899c | 2480 0000 | 0044 8984 | 2490 0000 

  0x00007e782b0f4b30: ;   {runtime_call UncommonTrapBlob}
  0x00007e782b0f4b30: 0066 90e8 

  0x00007e782b0f4b34: ; ImmutableOopMap {[128]=Oop [136]=Oop [144]=NarrowOop }
                      ;*aaload {reexecute=0 rethrow=0 return_oop=0}
                      ; - clojure.lang.PersistentVector$ChunkedSeq::first@8 (line 503)
                      ; - clojure.lang.AFn::applyToHelper@269 (line 171)
  0x00007e782b0f4b34: a826 36ff 

  0x00007e782b0f4b38: ;   {post_call_nop}
  0x00007e782b0f4b38: 0f1f 8400 | 0000 0000 | bec6 ffff | ff48 8bac | 2480 0000 

  0x00007e782b0f4b4c: ;   {runtime_call UncommonTrapBlob}
  0x00007e782b0f4b4c: 0066 90e8 

  0x00007e782b0f4b50: ; ImmutableOopMap {rbp=Oop [136]=Oop }
                      ;*invokeinterface first {reexecute=0 rethrow=0 return_oop=0}
                      ; - clojure.lang.AFn::applyToHelper@269 (line 171)
  0x00007e782b0f4b50: 8c26 36ff 

  0x00007e782b0f4b54: ;   {post_call_nop}
  0x00007e782b0f4b54: 0f1f 8400 | 0000 0000 | bec6 ffff | ff48 ffb4 | 2488 0000 | 0048 8f84 | 2480 0000 | 004c 8984 
  0x00007e782b0f4b74: 2488 0000 

  0x00007e782b0f4b78: ;   {runtime_call UncommonTrapBlob}
  0x00007e782b0f4b78: 0066 90e8 

  0x00007e782b0f4b7c: ; ImmutableOopMap {rbp=NarrowOop [128]=Oop [136]=Oop }
                      ;*invokeinterface next {reexecute=0 rethrow=0 return_oop=0}
                      ; - clojure.lang.AFn::applyToHelper@275 (line 172)
  0x00007e782b0f4b7c: 6026 36ff 

  0x00007e782b0f4b80: ;   {post_call_nop}
  0x00007e782b0f4b80: 0f1f 8400 | 0000 0000 | bec6 ffff | ff48 8984 | 2498 0000 

  0x00007e782b0f4b94: ;   {runtime_call UncommonTrapBlob}
  0x00007e782b0f4b94: 0066 90e8 

  0x00007e782b0f4b98: ; ImmutableOopMap {rbp=NarrowOop [128]=NarrowOop [132]=NarrowOop [136]=Oop [152]=Oop }
                      ;*invokeinterface first {reexecute=0 rethrow=0 return_oop=0}
                      ; - clojure.lang.AFn::applyToHelper@379 (line 181)
  0x00007e782b0f4b98: 4426 36ff 

  0x00007e782b0f4b9c: ;   {post_call_nop}
  0x00007e782b0f4b9c: 0f1f 8400 | 0000 0000 | bec6 ffff | ff4c 8b94 | 24a0 0000 | 004c 8994 | 2498 0000 | 004c 899c 
  0x00007e782b0f4bbc: 24a0 0000 

  0x00007e782b0f4bc0: ;   {runtime_call UncommonTrapBlob}
  0x00007e782b0f4bc0: 0066 90e8 

  0x00007e782b0f4bc4: ; ImmutableOopMap {rbp=NarrowOop [128]=NarrowOop [132]=NarrowOop [136]=Oop [152]=Oop [160]=Oop }
                      ;*invokeinterface first {reexecute=0 rethrow=0 return_oop=0}
                      ; - clojure.lang.AFn::applyToHelper@392 (line 182)
  0x00007e782b0f4bc4: 1826 36ff 

  0x00007e782b0f4bc8: ;   {post_call_nop}
  0x00007e782b0f4bc8: 0f1f 8400 | 0000 0000 | bec6 ffff | ff4c 8b9c | 24a0 0000 | 004c 899c | 2490 0000 | 004c 8994 
  0x00007e782b0f4be8: 24a0 0000 

  0x00007e782b0f4bec: ;   {runtime_call UncommonTrapBlob}
  0x00007e782b0f4bec: 0066 90e8 

  0x00007e782b0f4bf0: ; ImmutableOopMap {rbp=NarrowOop [128]=NarrowOop [132]=NarrowOop [136]=Oop [144]=Oop [152]=Oop [160]=Oop }
                      ;*invokeinterface first {reexecute=0 rethrow=0 return_oop=0}
                      ; - clojure.lang.AFn::applyToHelper@405 (line 183)
  0x00007e782b0f4bf0: ec25 36ff 

  0x00007e782b0f4bf4: ;   {post_call_nop}
  0x00007e782b0f4bf4: 0f1f 8400 | 0000 0000 | bef6 ffff 

  0x00007e782b0f4c00: ;   {runtime_call UncommonTrapBlob}
  0x00007e782b0f4c00: ff66 90e8 

  0x00007e782b0f4c04: ; ImmutableOopMap {}
                      ;*invokeinterface first {reexecute=0 rethrow=0 return_oop=0}
                      ; - clojure.lang.AFn::applyToHelper@282 (line 172)
  0x00007e782b0f4c04: d825 36ff 

  0x00007e782b0f4c08: ;   {post_call_nop}
  0x00007e782b0f4c08: 0f1f 8400 | 0000 0000 | bef6 ffff 

  0x00007e782b0f4c14: ;   {runtime_call UncommonTrapBlob}
  0x00007e782b0f4c14: ff66 90e8 

  0x00007e782b0f4c18: ; ImmutableOopMap {}
                      ;*invokeinterface first {reexecute=0 rethrow=0 return_oop=0}
                      ; - clojure.lang.AFn::applyToHelper@295 (line 173)
  0x00007e782b0f4c18: c425 36ff 

  0x00007e782b0f4c1c: ;   {post_call_nop}
  0x00007e782b0f4c1c: 0f1f 8400 | 0000 0000 | bef6 ffff 

  0x00007e782b0f4c28: ;   {runtime_call UncommonTrapBlob}
  0x00007e782b0f4c28: ff66 90e8 

  0x00007e782b0f4c2c: ; ImmutableOopMap {}
                      ;*invokeinterface first {reexecute=0 rethrow=0 return_oop=0}
                      ; - clojure.lang.AFn::applyToHelper@321 (line 175)
  0x00007e782b0f4c2c: b025 36ff 

  0x00007e782b0f4c30: ;   {post_call_nop}
  0x00007e782b0f4c30: 0f1f 8400 | 0000 0000 | be45 ffff | ff48 8bac | 2488 0000 | 0044 8994 | 2484 0000 

  0x00007e782b0f4c4c: ;   {runtime_call UncommonTrapBlob}
  0x00007e782b0f4c4c: 0066 90e8 

  0x00007e782b0f4c50: ; ImmutableOopMap {rbp=Oop [128]=NarrowOop [132]=NarrowOop [144]=Oop [152]=Oop [160]=Oop }
                      ;*ifnull {reexecute=1 rethrow=0 return_oop=0}
                      ; - (reexecute) clojure.lang.ArraySeq::first@4 (line 71)
                      ; - clojure.lang.AFn::applyToHelper@321 (line 175)
  0x00007e782b0f4c50: 8c25 36ff 

  0x00007e782b0f4c54: ;   {post_call_nop}
  0x00007e782b0f4c54: 0f1f 8400 | 0000 0000 | bef6 ffff 

  0x00007e782b0f4c60: ;   {runtime_call UncommonTrapBlob}
  0x00007e782b0f4c60: ff66 90e8 

  0x00007e782b0f4c64: ; ImmutableOopMap {}
                      ;*invokeinterface first {reexecute=0 rethrow=0 return_oop=0}
                      ; - clojure.lang.AFn::applyToHelper@340 (line 178)
  0x00007e782b0f4c64: 7825 36ff 

  0x00007e782b0f4c68: ;   {post_call_nop}
  0x00007e782b0f4c68: 0f1f 8400 | 0000 0000 | bef6 ffff 

  0x00007e782b0f4c74: ;   {runtime_call UncommonTrapBlob}
  0x00007e782b0f4c74: ff66 90e8 

  0x00007e782b0f4c78: ; ImmutableOopMap {}
                      ;*invokeinterface first {reexecute=0 rethrow=0 return_oop=0}
                      ; - clojure.lang.AFn::applyToHelper@353 (line 179)
  0x00007e782b0f4c78: 6425 36ff 

  0x00007e782b0f4c7c: ;   {post_call_nop}
  0x00007e782b0f4c7c: 0f1f 8400 | 0000 0000 | bef6 ffff 

  0x00007e782b0f4c88: ;   {runtime_call UncommonTrapBlob}
  0x00007e782b0f4c88: ff66 90e8 

  0x00007e782b0f4c8c: ; ImmutableOopMap {}
                      ;*invokeinterface first {reexecute=0 rethrow=0 return_oop=0}
                      ; - clojure.lang.AFn::applyToHelper@366 (line 180)
  0x00007e782b0f4c8c: 5025 36ff 

  0x00007e782b0f4c90: ;   {post_call_nop}
  0x00007e782b0f4c90: 0f1f 8400 | 0000 0000 | bef6 ffff 

  0x00007e782b0f4c9c: ;   {runtime_call UncommonTrapBlob}
  0x00007e782b0f4c9c: ff66 90e8 

  0x00007e782b0f4ca0: ; ImmutableOopMap {}
                      ;*invokeinterface first {reexecute=0 rethrow=0 return_oop=0}
                      ; - clojure.lang.AFn::applyToHelper@379 (line 181)
  0x00007e782b0f4ca0: 3c25 36ff 

  0x00007e782b0f4ca4: ;   {post_call_nop}
  0x00007e782b0f4ca4: 0f1f 8400 | 0000 0000 | bef6 ffff 

  0x00007e782b0f4cb0: ;   {runtime_call UncommonTrapBlob}
  0x00007e782b0f4cb0: ff66 90e8 

  0x00007e782b0f4cb4: ; ImmutableOopMap {}
                      ;*invokeinterface first {reexecute=0 rethrow=0 return_oop=0}
                      ; - clojure.lang.AFn::applyToHelper@392 (line 182)
  0x00007e782b0f4cb4: 2825 36ff 

  0x00007e782b0f4cb8: ;   {post_call_nop}
  0x00007e782b0f4cb8: 0f1f 8400 | 0000 0000 | bef6 ffff 

  0x00007e782b0f4cc4: ;   {runtime_call UncommonTrapBlob}
  0x00007e782b0f4cc4: ff66 90e8 

  0x00007e782b0f4cc8: ; ImmutableOopMap {}
                      ;*invokeinterface first {reexecute=0 rethrow=0 return_oop=0}
                      ; - clojure.lang.AFn::applyToHelper@405 (line 183)
  0x00007e782b0f4cc8: 1425 36ff 

  0x00007e782b0f4ccc: ;   {post_call_nop}
  0x00007e782b0f4ccc: 0f1f 8400 | 0000 0000 | bef6 ffff 

  0x00007e782b0f4cd8: ;   {runtime_call UncommonTrapBlob}
  0x00007e782b0f4cd8: ff66 90e8 

  0x00007e782b0f4cdc: ; ImmutableOopMap {}
                      ;*invokeinterface first {reexecute=0 rethrow=0 return_oop=0}
                      ; - clojure.lang.AFn::applyToHelper@424 (line 186)
  0x00007e782b0f4cdc: 0025 36ff 

  0x00007e782b0f4ce0: ;   {post_call_nop}
  0x00007e782b0f4ce0: 0f1f 8400 | 0000 0000 | bef6 ffff 

  0x00007e782b0f4cec: ;   {runtime_call UncommonTrapBlob}
  0x00007e782b0f4cec: ff66 90e8 

  0x00007e782b0f4cf0: ; ImmutableOopMap {}
                      ;*invokeinterface first {reexecute=0 rethrow=0 return_oop=0}
                      ; - clojure.lang.AFn::applyToHelper@437 (line 187)
  0x00007e782b0f4cf0: ec24 36ff 

  0x00007e782b0f4cf4: ;   {post_call_nop}
  0x00007e782b0f4cf4: 0f1f 8400 | 0000 0000 | bef6 ffff 

  0x00007e782b0f4d00: ;   {runtime_call UncommonTrapBlob}
  0x00007e782b0f4d00: ff66 90e8 

  0x00007e782b0f4d04: ; ImmutableOopMap {}
                      ;*invokeinterface first {reexecute=0 rethrow=0 return_oop=0}
                      ; - clojure.lang.AFn::applyToHelper@450 (line 188)
  0x00007e782b0f4d04: d824 36ff 

  0x00007e782b0f4d08: ;   {post_call_nop}
  0x00007e782b0f4d08: 0f1f 8400 | 0000 0000 | bef6 ffff 

  0x00007e782b0f4d14: ;   {runtime_call UncommonTrapBlob}
  0x00007e782b0f4d14: ff66 90e8 

  0x00007e782b0f4d18: ; ImmutableOopMap {}
                      ;*invokeinterface first {reexecute=0 rethrow=0 return_oop=0}
                      ; - clojure.lang.AFn::applyToHelper@463 (line 189)
  0x00007e782b0f4d18: c424 36ff 

  0x00007e782b0f4d1c: ;   {post_call_nop}
  0x00007e782b0f4d1c: 0f1f 8400 | 0000 0000 | bef6 ffff 

  0x00007e782b0f4d28: ;   {runtime_call UncommonTrapBlob}
  0x00007e782b0f4d28: ff66 90e8 

  0x00007e782b0f4d2c: ; ImmutableOopMap {}
                      ;*invokeinterface first {reexecute=0 rethrow=0 return_oop=0}
                      ; - clojure.lang.AFn::applyToHelper@476 (line 190)
  0x00007e782b0f4d2c: b024 36ff 

  0x00007e782b0f4d30: ;   {post_call_nop}
  0x00007e782b0f4d30: 0f1f 8400 | 0000 0000 | bef6 ffff 

  0x00007e782b0f4d3c: ;   {runtime_call UncommonTrapBlob}
  0x00007e782b0f4d3c: ff66 90e8 

  0x00007e782b0f4d40: ; ImmutableOopMap {}
                      ;*invokeinterface first {reexecute=0 rethrow=0 return_oop=0}
                      ; - clojure.lang.AFn::applyToHelper@489 (line 191)
  0x00007e782b0f4d40: 9c24 36ff 

  0x00007e782b0f4d44: ;   {post_call_nop}
  0x00007e782b0f4d44: 0f1f 8400 | 0000 0000 | bef6 ffff 

  0x00007e782b0f4d50: ;   {runtime_call UncommonTrapBlob}
  0x00007e782b0f4d50: ff66 90e8 

  0x00007e782b0f4d54: ; ImmutableOopMap {}
                      ;*invokeinterface first {reexecute=0 rethrow=0 return_oop=0}
                      ; - clojure.lang.AFn::applyToHelper@502 (line 192)
  0x00007e782b0f4d54: 8824 36ff 

  0x00007e782b0f4d58: ;   {post_call_nop}
  0x00007e782b0f4d58: 0f1f 8400 | 0000 0000 | bef6 ffff | ff4c 8994 | 24a8 0000 

  0x00007e782b0f4d6c: ;   {runtime_call UncommonTrapBlob}
  0x00007e782b0f4d6c: 0066 90e8 

  0x00007e782b0f4d70: ; ImmutableOopMap {[168]=Oop [176]=Oop [184]=Oop [192]=Oop [200]=Oop [208]=Oop [216]=Oop }
                      ;*invokeinterface invoke {reexecute=0 rethrow=0 return_oop=0}
                      ; - clojure.lang.AFn::applyToHelper@513 (line 186)
  0x00007e782b0f4d70: 6c24 36ff 

  0x00007e782b0f4d74: ;   {post_call_nop}
  0x00007e782b0f4d74: 0f1f 8400 | 0000 0000 | bef6 ffff 

  0x00007e782b0f4d80: ;   {runtime_call UncommonTrapBlob}
  0x00007e782b0f4d80: ff66 90e8 

  0x00007e782b0f4d84: ; ImmutableOopMap {}
                      ;*arraylength {reexecute=0 rethrow=0 return_oop=0}
                      ; - clojure.lang.PersistentVector$ChunkedSeq::next@10 (line 507)
                      ; - clojure.lang.AFn::applyToHelper@275 (line 172)
  0x00007e782b0f4d84: 5824 36ff 

  0x00007e782b0f4d88: ;   {post_call_nop}
  0x00007e782b0f4d88: 0f1f 8400 | 0000 0000 | bef6 ffff 

  0x00007e782b0f4d94: ;   {runtime_call UncommonTrapBlob}
  0x00007e782b0f4d94: ff66 90e8 

  0x00007e782b0f4d98: ; ImmutableOopMap {}
                      ;*aaload {reexecute=0 rethrow=0 return_oop=0}
                      ; - clojure.lang.PersistentVector$ChunkedSeq::first@8 (line 503)
                      ; - clojure.lang.AFn::applyToHelper@269 (line 171)
  0x00007e782b0f4d98: 4424 36ff 

  0x00007e782b0f4d9c: ;   {post_call_nop}
  0x00007e782b0f4d9c: 0f1f 8400 | 0000 0000 | eb00 488b | f0e9 780e | 0000 488b | f0e9 700e | 0000 488b | f0e9 680e 
  0x00007e782b0f4dbc: 0000 488b | f0e9 600e | 0000 488b | f0e9 580e | 0000 488b | f0e9 500e | 0000 488b | f0e9 480e 
  0x00007e782b0f4ddc: 0000 488b | f0e9 400e | 0000 488b | f0e9 380e | 0000 488b | f0e9 300e | 0000 488b | f0e9 280e 
  0x00007e782b0f4dfc: 0000 488b | f0e9 200e | 0000 488b | f0e9 180e | 0000 488b | f0e9 100e | 0000 488b | f0e9 080e 
  0x00007e782b0f4e1c: 0000 488b | f0e9 000e | 0000 488b | f0e9 f80d | 0000 488b | f0e9 f00d | 0000 488b | f0e9 e80d 
  0x00007e782b0f4e3c: 0000 488b | f0e9 e00d | 0000 488b | f0e9 d80d | 0000 488b | f0e9 d00d | 0000 488b | f0e9 c80d 
  0x00007e782b0f4e5c: 0000 488b | f0e9 c00d | 0000 488b | f0e9 b80d | 0000 488b | f0e9 b00d | 0000 488b | f0e9 a80d 
  0x00007e782b0f4e7c: 0000 488b | f0e9 a00d | 0000 488b | f0e9 980d | 0000 488b | f0e9 900d | 0000 488b 

  0x00007e782b0f4e98: ;   {other}
  0x00007e782b0f4e98: f0e9 880d | 0000 488b | f0e9 800d | 0000 488b | f0e9 780d | 0000 488b | f0e9 700d | 0000 488b 
  0x00007e782b0f4eb8: f0e9 680d | 0000 488b | f0e9 600d | 0000 488b | f0e9 580d | 0000 488b | f0e9 500d | 0000 488b 
  0x00007e782b0f4ed8: f0e9 480d | 0000 488b | f0e9 400d | 0000 488b | f0e9 380d | 0000 488b | f0e9 300d | 0000 488b 
  0x00007e782b0f4ef8: f0e9 280d | 0000 488b | f0e9 200d | 0000 488b | f0e9 180d | 0000 488b | f0e9 100d | 0000 488b 
  0x00007e782b0f4f18: f0e9 080d | 0000 488b | f0e9 000d | 0000 488b | f0e9 f80c | 0000 488b | f0e9 f00c | 0000 488b 
  0x00007e782b0f4f38: f0e9 e80c | 0000 488b | f0e9 e00c | 0000 488b | f0e9 d80c | 0000 488b | f0e9 d00c | 0000 488b 
  0x00007e782b0f4f58: f0e9 c80c | 0000 488b | f0e9 c00c | 0000 488b | f0e9 b80c | 0000 488b | f0e9 b00c | 0000 488b 
  0x00007e782b0f4f78: f0e9 a80c | 0000 488b | f0e9 a00c | 0000 488b | f0e9 980c | 0000 488b | f0e9 900c | 0000 488b 
  0x00007e782b0f4f98: ;   {other}
  0x00007e782b0f4f98: f0e9 880c | 0000 488b | f0e9 800c | 0000 488b | f0e9 780c | 0000 488b | f0e9 700c | 0000 488b 
  0x00007e782b0f4fb8: f0e9 680c | 0000 488b | f0e9 600c | 0000 488b | f0e9 580c | 0000 488b | f0e9 500c | 0000 488b 
  0x00007e782b0f4fd8: f0e9 480c | 0000 488b | f0e9 400c | 0000 488b | f0e9 380c | 0000 488b | f0e9 300c | 0000 488b 
  0x00007e782b0f4ff8: f0e9 280c | 0000 488b | f0e9 200c | 0000 488b | f0e9 180c | 0000 488b | f0e9 100c | 0000 488b 
  0x00007e782b0f5018: f0e9 080c | 0000 488b | f0e9 000c | 0000 488b | f0e9 f80b | 0000 488b | f0e9 f00b | 0000 488b 
  0x00007e782b0f5038: f0e9 e80b | 0000 488b | f0e9 e00b | 0000 488b | f0e9 d80b | 0000 488b | f0e9 d00b | 0000 488b 
  0x00007e782b0f5058: f0e9 c80b | 0000 488b | f0e9 c00b | 0000 488b | f0e9 b80b | 0000 488b | f0e9 b00b | 0000 488b 
  0x00007e782b0f5078: f0e9 a80b | 0000 488b | f0e9 a00b | 0000 488b | f0e9 980b | 0000 488b | f0e9 900b | 0000 488b 
  0x00007e782b0f5098: ;   {other}
  0x00007e782b0f5098: f0e9 880b | 0000 488b | f0e9 800b | 0000 488b | f0e9 780b | 0000 488b | f0e9 700b | 0000 488b 
  0x00007e782b0f50b8: f0e9 680b | 0000 488b | f0e9 600b | 0000 488b | f0e9 580b | 0000 488b | f0e9 500b | 0000 488b 
  0x00007e782b0f50d8: f0e9 480b | 0000 488b | f0e9 400b | 0000 488b | f0e9 380b | 0000 488b | f0e9 300b | 0000 488b 
  0x00007e782b0f50f8: f0e9 280b | 0000 488b | f0e9 200b | 0000 488b | f0e9 180b | 0000 488b | f0e9 100b | 0000 488b 
  0x00007e782b0f5118: f0e9 080b | 0000 488b | f0e9 000b | 0000 488b | f0e9 f80a | 0000 488b | f0e9 f00a | 0000 488b 
  0x00007e782b0f5138: f0e9 e80a | 0000 488b | f0e9 e00a | 0000 488b | f0e9 d80a | 0000 488b | f0e9 d00a | 0000 488b 
  0x00007e782b0f5158: f0e9 c80a | 0000 488b | f0e9 c00a | 0000 488b | f0e9 b80a | 0000 488b | f0e9 b00a | 0000 488b 
  0x00007e782b0f5178: f0e9 a80a | 0000 488b | f0e9 a00a | 0000 488b | f0e9 980a | 0000 488b | f0e9 900a | 0000 488b 
  0x00007e782b0f5198: ;   {other}
  0x00007e782b0f5198: f0e9 880a | 0000 488b | f0e9 800a | 0000 488b | f0e9 780a | 0000 488b | f0e9 700a | 0000 488b 
  0x00007e782b0f51b8: f0e9 680a | 0000 488b | f0e9 600a | 0000 488b | f0e9 580a | 0000 488b | f0e9 500a | 0000 488b 
  0x00007e782b0f51d8: f0e9 480a | 0000 488b | f0e9 400a | 0000 488b | f0e9 380a | 0000 488b | f0e9 300a | 0000 488b 
  0x00007e782b0f51f8: f0e9 280a | 0000 488b | f0e9 200a | 0000 488b | f0e9 180a | 0000 488b | f0e9 100a | 0000 488b 
  0x00007e782b0f5218: f0e9 080a | 0000 488b | f0e9 000a | 0000 488b | f0e9 f809 | 0000 488b | f0e9 f009 | 0000 488b 
  0x00007e782b0f5238: f0e9 e809 | 0000 488b | f0e9 e009 | 0000 488b | f0e9 d809 | 0000 488b | f0e9 d009 | 0000 488b 
  0x00007e782b0f5258: f0e9 c809 | 0000 488b | f0e9 c009 | 0000 488b | f0e9 b809 | 0000 488b | f0e9 b009 | 0000 488b 
  0x00007e782b0f5278: f0e9 a809 | 0000 488b | f0e9 a009 | 0000 488b | f0e9 9809 | 0000 488b | f0e9 9009 

  0x00007e782b0f5294: ;   {other}
  0x00007e782b0f5294: 0000 488b | f0e9 8809 | 0000 488b | f0e9 8009 | 0000 488b | f0e9 7809 | 0000 488b | f0e9 7009 
  0x00007e782b0f52b4: 0000 488b | f0e9 6809 | 0000 488b | f0e9 6009 | 0000 488b | f0e9 5809 | 0000 488b | f0e9 5009 
  0x00007e782b0f52d4: 0000 488b | f0e9 4809 | 0000 488b | f0e9 4009 | 0000 488b | f0e9 3809 | 0000 488b | f0e9 3009 
  0x00007e782b0f52f4: 0000 488b | f0e9 2809 | 0000 488b | f0e9 2009 | 0000 488b | f0e9 1809 | 0000 488b | f0e9 1009 
  0x00007e782b0f5314: 0000 488b | f0e9 0809 | 0000 488b | f0e9 0009 | 0000 488b | f0e9 f808 | 0000 488b | f0e9 f008 
  0x00007e782b0f5334: 0000 488b | f0e9 e808 | 0000 488b | f0e9 e008 | 0000 488b | f0e9 d808 | 0000 488b | f0e9 d008 
  0x00007e782b0f5354: 0000 488b | f0e9 c808 | 0000 488b | f0e9 c008 | 0000 488b | f0e9 b808 | 0000 488b | f0e9 b008 
  0x00007e782b0f5374: 0000 488b | f0e9 a808 | 0000 488b | f0e9 a008 | 0000 488b | f0e9 9808 | 0000 488b | f0e9 9008 
  0x00007e782b0f5394: ;   {other}
  0x00007e782b0f5394: 0000 488b | f0e9 8808 | 0000 488b | f0e9 8008 | 0000 488b | f0e9 7808 | 0000 488b | f0e9 7008 
  0x00007e782b0f53b4: 0000 488b | f0e9 6808 | 0000 488b | f0e9 6008 | 0000 488b | f0e9 5808 | 0000 488b | f0e9 5008 
  0x00007e782b0f53d4: 0000 488b | f0e9 4808 | 0000 488b | f0e9 4008 | 0000 488b | f0e9 3808 | 0000 488b | f0e9 3008 
  0x00007e782b0f53f4: 0000 488b | f0e9 2808 | 0000 488b | f0e9 2008 | 0000 488b | f0e9 1808 | 0000 488b | f0e9 1008 
  0x00007e782b0f5414: 0000 488b | f0e9 0808 | 0000 488b | f0e9 0008 | 0000 488b | f0e9 f807 | 0000 488b | f0e9 f007 
  0x00007e782b0f5434: 0000 488b | f0e9 e807 | 0000 488b | f0e9 e007 | 0000 488b | f0e9 d807 | 0000 488b | f0e9 d007 
  0x00007e782b0f5454: 0000 488b | f0e9 c807 | 0000 488b | f0e9 c007 | 0000 488b | f0e9 b807 | 0000 488b | f0e9 b007 
  0x00007e782b0f5474: 0000 488b | f0e9 a807 | 0000 488b | f0e9 a007 | 0000 488b | f0e9 9807 | 0000 488b | f0e9 9007 
  0x00007e782b0f5494: ;   {other}
  0x00007e782b0f5494: 0000 488b | f0e9 8807 | 0000 488b | f0e9 8007 | 0000 488b | f0e9 7807 | 0000 488b | f0e9 7007 
  0x00007e782b0f54b4: 0000 488b | f0e9 6807 | 0000 488b | f0e9 6007 | 0000 488b | f0e9 5807 | 0000 488b | f0e9 5007 
  0x00007e782b0f54d4: 0000 488b | f0e9 4807 | 0000 488b | f0e9 4007 | 0000 488b | f0e9 3807 | 0000 488b | f0e9 3007 
  0x00007e782b0f54f4: 0000 488b | f0e9 2807 | 0000 488b | f0e9 2007 | 0000 488b | f0e9 1807 | 0000 488b | f0e9 1007 
  0x00007e782b0f5514: 0000 488b | f0e9 0807 | 0000 488b | f0e9 0007 | 0000 488b | f0e9 f806 | 0000 488b | f0e9 f006 
  0x00007e782b0f5534: 0000 488b | f0e9 e806 | 0000 488b | f0e9 e006 | 0000 488b | f0e9 d806 | 0000 488b | f0e9 d006 
  0x00007e782b0f5554: 0000 488b | f0e9 c806 | 0000 488b | f0e9 c006 | 0000 488b | f0e9 b806 | 0000 488b | f0e9 b006 
  0x00007e782b0f5574: 0000 488b | f0e9 a806 | 0000 488b | f0e9 a006 | 0000 488b | f0e9 9806 | 0000 488b | f0e9 9006 
  0x00007e782b0f5594: ;   {other}
  0x00007e782b0f5594: 0000 488b | f0e9 8806 | 0000 488b | f0e9 8006 | 0000 488b | f0e9 7806 | 0000 488b | f0e9 7006 
  0x00007e782b0f55b4: 0000 488b | f0e9 6806 | 0000 488b | f0e9 6006 | 0000 488b | f0e9 5806 | 0000 488b | f0e9 5006 
  0x00007e782b0f55d4: 0000 488b | f0e9 4806 | 0000 488b | f0e9 4006 | 0000 488b | f0e9 3806 | 0000 488b | f0e9 3006 
  0x00007e782b0f55f4: 0000 488b | f0e9 2806 | 0000 488b | f0e9 2006 | 0000 488b | f0e9 1806 | 0000 488b | f0e9 1006 
  0x00007e782b0f5614: 0000 488b | f0e9 0806 | 0000 488b | f0e9 0006 | 0000 488b | f0e9 f805 | 0000 488b | f0e9 f005 
  0x00007e782b0f5634: 0000 488b | f0e9 e805 | 0000 488b | f0e9 e005 | 0000 488b | f0e9 d805 | 0000 488b | f0e9 d005 
  0x00007e782b0f5654: 0000 488b | f0e9 c805 | 0000 488b | f0e9 c005 | 0000 488b | f0e9 b805 | 0000 488b | f0e9 b005 
  0x00007e782b0f5674: 0000 488b | f0e9 a805 | 0000 488b | f0e9 a005 | 0000 488b | f0e9 9805 | 0000 488b 

  0x00007e782b0f5690: ;   {other}
  0x00007e782b0f5690: f0e9 9005 | 0000 488b | f0e9 8805 | 0000 488b | f0e9 8005 | 0000 488b | f0e9 7805 | 0000 488b 
  0x00007e782b0f56b0: f0e9 7005 | 0000 488b | f0e9 6805 | 0000 488b | f0e9 6005 | 0000 488b | f0e9 5805 | 0000 488b 
  0x00007e782b0f56d0: f0e9 5005 | 0000 488b | f0e9 4805 | 0000 488b | f0e9 4005 | 0000 488b | f0e9 3805 | 0000 488b 
  0x00007e782b0f56f0: f0e9 3005 | 0000 488b | f0e9 2805 | 0000 488b | f0e9 2005 | 0000 488b | f0e9 1805 | 0000 488b 
  0x00007e782b0f5710: f0e9 1005 | 0000 488b | f0e9 0805 | 0000 488b | f0e9 0005 | 0000 488b | f0e9 f804 | 0000 488b 
  0x00007e782b0f5730: f0e9 f004 | 0000 488b | f0e9 e804 | 0000 488b | f0e9 e004 | 0000 488b | f0e9 d804 | 0000 488b 
  0x00007e782b0f5750: f0e9 d004 | 0000 488b | f0e9 c804 | 0000 488b | f0e9 c004 | 0000 488b | f0e9 b804 | 0000 488b 
  0x00007e782b0f5770: f0e9 b004 | 0000 488b | f0e9 a804 | 0000 488b | f0e9 a004 | 0000 488b | f0e9 9804 | 0000 488b 
  0x00007e782b0f5790: ;   {other}
  0x00007e782b0f5790: f0e9 9004 | 0000 488b | f0e9 8804 | 0000 488b | f0e9 8004 | 0000 488b | f0e9 7804 | 0000 488b 
  0x00007e782b0f57b0: f0e9 7004 | 0000 488b | f0e9 6804 | 0000 488b | f0e9 6004 | 0000 488b | f0e9 5804 | 0000 488b 
  0x00007e782b0f57d0: f0e9 5004 | 0000 488b | f0e9 4804 | 0000 488b | f0e9 4004 | 0000 488b | f0e9 3804 | 0000 488b 
  0x00007e782b0f57f0: f0e9 3004 | 0000 488b | f0e9 2804 | 0000 488b | f0e9 2004 | 0000 488b | f0e9 1804 | 0000 488b 
  0x00007e782b0f5810: f0e9 1004 | 0000 488b | f0e9 0804 | 0000 488b | f0e9 0004 | 0000 488b | f0e9 f803 | 0000 488b 
  0x00007e782b0f5830: f0e9 f003 | 0000 488b | f0e9 e803 | 0000 488b | f0e9 e003 | 0000 488b | f0e9 d803 | 0000 488b 
  0x00007e782b0f5850: f0e9 d003 | 0000 488b | f0e9 c803 | 0000 488b | f0e9 c003 | 0000 488b | f0e9 b803 | 0000 488b 
  0x00007e782b0f5870: f0e9 b003 | 0000 488b | f0e9 a803 | 0000 488b | f0e9 a003 | 0000 488b | f0e9 9803 | 0000 488b 
  0x00007e782b0f5890: ;   {other}
  0x00007e782b0f5890: f0e9 9003 | 0000 488b | f0e9 8803 | 0000 488b | f0e9 8003 | 0000 488b | f0e9 7803 | 0000 488b 
  0x00007e782b0f58b0: f0e9 7003 | 0000 488b | f0e9 6803 | 0000 488b | f0e9 6003 | 0000 488b | f0e9 5803 | 0000 488b 
  0x00007e782b0f58d0: f0e9 5003 | 0000 488b | f0e9 4803 | 0000 488b | f0e9 4003 | 0000 488b | f0e9 3803 | 0000 488b 
  0x00007e782b0f58f0: f0e9 3003 | 0000 488b | f0e9 2803 | 0000 488b | f0e9 2003 | 0000 488b | f0e9 1803 | 0000 488b 
  0x00007e782b0f5910: f0e9 1003 | 0000 488b | f0e9 0803 | 0000 488b | f0e9 0003 | 0000 488b | f0e9 f802 | 0000 488b 
  0x00007e782b0f5930: f0e9 f002 | 0000 488b | f0e9 e802 | 0000 488b | f0e9 e002 | 0000 488b | f0e9 d802 | 0000 488b 
  0x00007e782b0f5950: f0e9 d002 | 0000 488b | f0e9 c802 | 0000 488b | f0e9 c002 | 0000 488b | f0e9 b802 | 0000 488b 
  0x00007e782b0f5970: f0e9 b002 | 0000 488b | f0e9 a802 | 0000 488b | f0e9 a002 | 0000 488b | f0e9 9802 | 0000 488b 
  0x00007e782b0f5990: ;   {other}
  0x00007e782b0f5990: f0e9 9002 | 0000 488b | f0e9 8802 | 0000 488b | f0e9 8002 | 0000 488b | f0e9 7802 | 0000 488b 
  0x00007e782b0f59b0: f0e9 7002 | 0000 488b | f0e9 6802 | 0000 488b | f0e9 6002 | 0000 488b | f0e9 5802 | 0000 488b 
  0x00007e782b0f59d0: f0e9 5002 | 0000 488b | f0e9 4802 | 0000 488b | f0e9 4002 | 0000 488b | f0e9 3802 | 0000 488b 
  0x00007e782b0f59f0: f0e9 3002 | 0000 488b | f0e9 2802 | 0000 488b | f0e9 2002 | 0000 488b | f0e9 1802 | 0000 488b 
  0x00007e782b0f5a10: f0e9 1002 | 0000 488b | f0e9 0802 | 0000 488b | f0e9 0002 | 0000 488b | f0e9 f801 | 0000 488b 
  0x00007e782b0f5a30: f0e9 f001 | 0000 488b | f0e9 e801 | 0000 488b | f0e9 e001 | 0000 488b | f0e9 d801 | 0000 488b 
  0x00007e782b0f5a50: f0e9 d001 | 0000 488b | f0e9 c801 | 0000 488b | f0e9 c001 | 0000 488b | f0e9 b801 | 0000 488b 
  0x00007e782b0f5a70: f0e9 b001 | 0000 488b | f0e9 a801 | 0000 488b | f0e9 a001 | 0000 488b | f0e9 9801 

  0x00007e782b0f5a8c: ;   {other}
  0x00007e782b0f5a8c: 0000 488b | f0e9 9001 | 0000 488b | f0e9 8801 | 0000 488b | f0e9 8001 | 0000 488b | f0e9 7801 
  0x00007e782b0f5aac: 0000 488b | f0e9 7001 | 0000 488b | f0e9 6801 | 0000 488b | f0e9 6001 | 0000 488b | f0e9 5801 
  0x00007e782b0f5acc: 0000 488b | f0e9 5001 | 0000 488b | f0e9 4801 | 0000 488b | f0e9 4001 | 0000 488b | f0e9 3801 
  0x00007e782b0f5aec: 0000 488b | f0e9 3001 | 0000 488b | f0e9 2801 | 0000 488b | f0e9 2001 | 0000 488b | f0e9 1801 
  0x00007e782b0f5b0c: 0000 488b | f0e9 1001 | 0000 488b | f0e9 0801 | 0000 488b | f0e9 0001 | 0000 488b | f0e9 f800 
  0x00007e782b0f5b2c: 0000 488b | f0e9 f000 | 0000 488b | f0e9 e800 | 0000 488b | f0e9 e000 | 0000 488b | f0e9 d800 
  0x00007e782b0f5b4c: 0000 488b | f0e9 d000 | 0000 488b | f0e9 c800 | 0000 488b | f0e9 c000 | 0000 488b | f0e9 b800 
  0x00007e782b0f5b6c: 0000 488b | f0e9 b000 | 0000 488b | f0e9 a800 | 0000 488b | f0e9 a000 | 0000 488b | f0e9 9800 
  0x00007e782b0f5b8c: ;   {other}
  0x00007e782b0f5b8c: 0000 488b | f0e9 9000 | 0000 488b | f0e9 8800 | 0000 488b | f0e9 8000 | 0000 488b | f0eb 7b48 
  0x00007e782b0f5bac: 8bf0 eb76 | 488b f0eb | 7148 8bf0 | eb6c 488b | f0eb 6748 | 8bf0 eb62 | 488b f0eb | 5d48 8bf0 
  0x00007e782b0f5bcc: eb58 488b | f0eb 5348 | 8bf0 eb4e | 488b f0eb | 4948 8bf0 | eb44 488b | f0eb 3f48 | 8bf0 eb3a 
  0x00007e782b0f5bec: 488b f0eb | 3548 8bf0 | eb30 488b | f0eb 2b48 | 8bf0 eb26 | 488b f0eb | 2148 8bf0 | eb1c 488b 
  0x00007e782b0f5c0c: f0eb 1748 | 8bf0 eb12 | 488b f0eb | 0d48 8bf0 | eb08 488b | f0eb 0348 | 8bf0 4881 | c440 0100 
  0x00007e782b0f5c2c: ;   {runtime_call C2 Runtime rethrow}
  0x00007e782b0f5c2c: 005d e9ad 

  0x00007e782b0f5c30: ;   {internal_word}
  0x00007e782b0f5c30: c136 ff49 | ba24 3b0f | 2b78 7e00 | 004d 8997 | 3805 0000 

  0x00007e782b0f5c44: ;   {runtime_call SafepointBlob}
  0x00007e782b0f5c44: e917 1c29 

  0x00007e782b0f5c48: ;   {runtime_call Stub::method_entry_barrier}
  0x00007e782b0f5c48: ffe8 d272 | 27ff e94b | 97ff fff4 | f4f4 f4f4 
[Stub Code]
  0x00007e782b0f5c58: ;   {static_stub}
  0x00007e782b0f5c58: 48bb 0000 | 0000 0000 

  0x00007e782b0f5c60: ;   {runtime_call nmethod}
  0x00007e782b0f5c60: 0000 e9fb 

  0x00007e782b0f5c64: ;   {static_stub}
  0x00007e782b0f5c64: ffff ff48 | bb00 0000 | 0000 0000 

  0x00007e782b0f5c70: ;   {runtime_call nmethod}
  0x00007e782b0f5c70: 00e9 fbff 

  0x00007e782b0f5c74: ;   {static_stub}
  0x00007e782b0f5c74: ffff 48bb | 0000 0000 | 0000 0000 

  0x00007e782b0f5c80: ;   {runtime_call nmethod}
  0x00007e782b0f5c80: e9fb ffff 

  0x00007e782b0f5c84: ;   {static_stub}
  0x00007e782b0f5c84: ff48 bb00 | 0000 0000 

  0x00007e782b0f5c8c: ;   {runtime_call nmethod}
  0x00007e782b0f5c8c: 0000 00e9 | fbff ffff 

  0x00007e782b0f5c94: ;   {static_stub}
  0x00007e782b0f5c94: 48bb 0000 | 0000 0000 

  0x00007e782b0f5c9c: ;   {runtime_call nmethod}
  0x00007e782b0f5c9c: 0000 e9fb 

  0x00007e782b0f5ca0: ;   {static_stub}
  0x00007e782b0f5ca0: ffff ff48 | bb00 0000 | 0000 0000 

  0x00007e782b0f5cac: ;   {runtime_call nmethod}
  0x00007e782b0f5cac: 00e9 fbff 

  0x00007e782b0f5cb0: ;   {static_stub}
  0x00007e782b0f5cb0: ffff 48bb | 0000 0000 | 0000 0000 

  0x00007e782b0f5cbc: ;   {runtime_call nmethod}
  0x00007e782b0f5cbc: e9fb ffff 

  0x00007e782b0f5cc0: ;   {static_stub}
  0x00007e782b0f5cc0: ff48 bb00 | 0000 0000 

  0x00007e782b0f5cc8: ;   {runtime_call nmethod}
  0x00007e782b0f5cc8: 0000 00e9 | fbff ffff 

  0x00007e782b0f5cd0: ;   {static_stub}
  0x00007e782b0f5cd0: 48bb 0000 | 0000 0000 

  0x00007e782b0f5cd8: ;   {runtime_call nmethod}
  0x00007e782b0f5cd8: 0000 e9fb 

  0x00007e782b0f5cdc: ;   {static_stub}
  0x00007e782b0f5cdc: ffff ff48 | bb00 0000 | 0000 0000 

  0x00007e782b0f5ce8: ;   {runtime_call nmethod}
  0x00007e782b0f5ce8: 00e9 fbff 

  0x00007e782b0f5cec: ;   {static_stub}
  0x00007e782b0f5cec: ffff 48bb | 0000 0000 | 0000 0000 

  0x00007e782b0f5cf8: ;   {runtime_call nmethod}
  0x00007e782b0f5cf8: e9fb ffff 

  0x00007e782b0f5cfc: ;   {static_stub}
  0x00007e782b0f5cfc: ff48 bbb0 | 4b78 7276 

  0x00007e782b0f5d04: ;   {runtime_call I2C/C2I adapters}
  0x00007e782b0f5d04: 7e00 00e9 | 533a 26ff 

  0x00007e782b0f5d0c: ;   {static_stub}
  0x00007e782b0f5d0c: 48bb 0000 | 0000 0000 

  0x00007e782b0f5d14: ;   {runtime_call nmethod}
  0x00007e782b0f5d14: 0000 e9fb 

  0x00007e782b0f5d18: ;   {runtime_call ExceptionBlob}
  0x00007e782b0f5d18: ffff ffe9 | c017 36ff 
[Deopt Handler Code]
  0x00007e782b0f5d20: e800 0000 | 0048 832c 

  0x00007e782b0f5d28: ;   {runtime_call DeoptimizationBlob}
  0x00007e782b0f5d28: 2405 e931 | 1e29 fff4 
[/MachCode]


Compiled method (c2) 4204949 5884       4       clojure.lang.AFn::applyTo (12 bytes)
 total in heap  [0x00007e782aad2608,0x00007e782aad27b8] = 432
 main code      [0x00007e782aad2700,0x00007e782aad2788] = 136
 stub code      [0x00007e782aad2788,0x00007e782aad27b0] = 40
 oops           [0x00007e782aad27b0,0x00007e782aad27b8] = 8
 mutable data [0x00007e76e41e3aa0,0x00007e76e41e3ad8] = 56
 relocation     [0x00007e76e41e3aa0,0x00007e76e41e3ac8] = 40
 metadata       [0x00007e76e41e3ac8,0x00007e76e41e3ad8] = 16
 immutable data [0x00007e76e41e3a30,0x00007e76e41e3a90] = 96
 dependencies   [0x00007e76e41e3a30,0x00007e76e41e3a38] = 8
 handler table  [0x00007e76e41e3a38,0x00007e76e41e3a50] = 24
 scopes pcs     [0x00007e76e41e3a50,0x00007e76e41e3a80] = 48
 scopes data    [0x00007e76e41e3a80,0x00007e76e41e3a90] = 16

[Constant Pool (empty)]

[MachCode]
[Instructions begin]
  0x00007e782aad2700: 6666 660f | 1f84 0000 | 0000 0066 | 6666 904c | 8b16 49c1 | ea2a 443b 

  0x00007e782aad2718: ;   {runtime_call Shared Runtime ic_miss_blob}
  0x00007e782aad2718: 5008 0f85 | c02c 8bff 
[Verified Entry Point]
  0x00007e782aad2720: 8984 2400 | c0fe ff55 | 4883 ec10 | 4181 7f20 | 1900 0000 | 0f85 4100 

  0x00007e782aad2738: ;   {static_call}
  0x00007e782aad2738: 0000 90e8 

  0x00007e782aad273c: ; ImmutableOopMap {}
                      ;*invokestatic applyToHelper {reexecute=0 rethrow=0 return_oop=1}
                      ; - clojure.lang.AFn::applyTo@8 (line 144)
  0x00007e782aad273c: 40cc 6100 

  0x00007e782aad2740: ;   {post_call_nop}
  0x00007e782aad2740: 0f1f 8400 | 3801 0000 | 4883 c410 

  0x00007e782aad274c: ;   {poll_return}
  0x00007e782aad274c: 5d49 3b67 | 280f 870e | 0000 00c3 | 488b f048 | 83c4 105d 

  0x00007e782aad2760: ;   {runtime_call C2 Runtime rethrow}
  0x00007e782aad2760: e97b f698 

  0x00007e782aad2764: ;   {internal_word}
  0x00007e782aad2764: ff49 ba4d | 27ad 2a78 | 7e00 004d | 8997 3805 

  0x00007e782aad2774: ;   {runtime_call SafepointBlob}
  0x00007e782aad2774: 0000 e9e5 

  0x00007e782aad2778: ;   {runtime_call Stub::method_entry_barrier}
  0x00007e782aad2778: 508b ffe8 | a0a7 89ff | e9b5 ffff | fff4 f4f4 
[Stub Code]
  0x00007e782aad2788: ;   {static_stub}
  0x00007e782aad2788: 48bb 38e0 | f6e5 777e 

  0x00007e782aad2790: ;   {runtime_call I2C/C2I adapters}
  0x00007e782aad2790: 0000 e9a2 

  0x00007e782aad2794: ;   {runtime_call ExceptionBlob}
  0x00007e782aad2794: a28b ffe9 | 444d 98ff 
[Deopt Handler Code]
  0x00007e782aad279c: e800 0000 | 0048 832c 

  0x00007e782aad27a4: ;   {runtime_call DeoptimizationBlob}
  0x00007e782aad27a4: 2405 e9b5 | 538b fff4 | f4f4 f4f4 
[/MachCode]


Compiled method (c2) 4204950 21327       4       clojure.lang.Var::invoke (17 bytes)
 total in heap  [0x00007e782acb8108,0x00007e782acb8848] = 1856
 main code      [0x00007e782acb8200,0x00007e782acb87f0] = 1520
 stub code      [0x00007e782acb87f0,0x00007e782acb8838] = 72
 oops           [0x00007e782acb8838,0x00007e782acb8848] = 16
 mutable data [0x00007e77c4fc82f0,0x00007e77c4fc84f8] = 520
 relocation     [0x00007e77c4fc82f0,0x00007e77c4fc83a8] = 184
 metadata       [0x00007e77c4fc83a8,0x00007e77c4fc84f8] = 336
 immutable data [0x00007e77c4fc7de0,0x00007e77c4fc82e0] = 1280
 dependencies   [0x00007e77c4fc7de0,0x00007e77c4fc7e38] = 88
 nul chk table  [0x00007e77c4fc7e38,0x00007e77c4fc7e78] = 64
 handler table  [0x00007e77c4fc7e78,0x00007e77c4fc7f08] = 144
 scopes pcs     [0x00007e77c4fc7f08,0x00007e77c4fc8098] = 400
 scopes data    [0x00007e77c4fc8098,0x00007e77c4fc82e0] = 584

[Constant Pool (empty)]

[MachCode]
[Instructions begin]
  0x00007e782acb8200: 6666 660f | 1f84 0000 | 0000 0066 | 6666 904c | 8b16 49c1 | ea2a 443b 

  0x00007e782acb8218: ;   {runtime_call Shared Runtime ic_miss_blob}
  0x00007e782acb8218: 5008 0f85 | c0d1 6cff 
[Verified Entry Point]
  0x00007e782acb8220: 8984 2400 | c0fe ff55 | 4883 ec40 | 4181 7f20 | 1900 0000 | 0f85 a705 | 0000 4889 | 1424 4889 
  0x00007e782acb8240: 7424 1044 | 8b5e 1847 | 8b54 dc08 | 4d8b 9f68 | 0400 0049 | 8b13 4585 | d20f 84cd | 0200 0044 
  0x00007e782acb8260: 8b4a 4445 | 85c9 0f84 | d602 0000 | 478b 54cc | 1043 8b4c | d408 448d | 41ff 4181 | e0d3 0373 
  0x00007e782acb8280: 0585 c90f | 866f 0300 | 0049 c1e2 | 0347 8b54 | 820c 4585 | d20f 84a7 | 0200 0047 | 8b5c d408 
  0x00007e782acb82a0: 4b8d 1cd4 

  0x00007e782acb82a4: ;   {oop(a 'clojure/lang/Var$1'{0x0000000227878530})}
  0x00007e782acb82a4: 4181 fba6 | f0f0 4474 | 5943 8b4c | cc10 458b | 54cc 088b 

  0x00007e782acb82b8: ;   {oop(a 'clojure/lang/Var$1'{0x0000000227878530})}
  0x00007e782acb82b8: 7b08 81ff | a6f0 f044 | 7444 8b5b | 0833 ed85 | db0f 84b1 | 0300 0041 | ffc0 453b | c20f 8d5f 
  0x00007e782acb82d8: 0200 0045 | 3bc2 0f83 | 6403 0000 | 498b 5f30 | 498d 3ccc | 468b 5c87 | 0c4b 8d34 

  0x00007e782acb82f4: ; ImmutableOopMap {r11=NarrowOop r9=NarrowOop rcx=NarrowOop rdi=Oop rdx=Oop rsi=Oop [0]=Oop [16]=Oop }
                      ;*goto {reexecute=1 rethrow=0 return_oop=0}
                      ; - (reexecute) java.lang.ThreadLocal$ThreadLocalMap::getEntryAfterMiss@54 (line 514)
                      ; - java.lang.ThreadLocal$ThreadLocalMap::getEntry@38 (line 491)
                      ; - java.lang.ThreadLocal::get@12 (line 186)
                      ; - java.lang.ThreadLocal::get@4 (line 171)
                      ; - clojure.lang.Var::getThreadBinding@13 (line 362)
                      ; - clojure.lang.Var::deref@1 (line 202)
                      ; - clojure.lang.Var::fn@1 (line 370)
                      ; - clojure.lang.Var::invoke@1 (line 386)
                      ;   {poll}
  0x00007e782acb82f4: cc85 0345 | 85db 0f84 | 4202 0000 | 4b8d 1cdc | ebb1 448b | 5318 498b | c248 c1e0 | 0344 8b58 
  0x00007e782acb8314: 0441 c1eb 

  0x00007e782acb8318: ;   {metadata('clojure/lang/Var$Frame')}
  0x00007e782acb8318: 0a41 81fb | d328 0000 | 0f85 a203 | 0000 448b | 5808 478b | 54dc 0441 

  0x00007e782acb8330: ;   {metadata('clojure/lang/PersistentHashMap')}
  0x00007e782acb8330: c1ea 0a41 | 81fa 0228 | 0000 0f85 | 9c02 0000 | 4b8d 34dc | 488b 5424 

  0x00007e782acb8348: ;   {optimized virtual_call}
  0x00007e782acb8348: 1066 90e8 

  0x00007e782acb834c: ; ImmutableOopMap {[0]=Oop [16]=Oop }
                      ;*invokeinterface entryAt {reexecute=0 rethrow=0 return_oop=1}
                      ; - clojure.lang.Var::getThreadBinding@23 (line 362)
                      ; - clojure.lang.Var::deref@1 (line 202)
                      ; - clojure.lang.Var::fn@1 (line 370)
                      ; - clojure.lang.Var::invoke@1 (line 386)
  0x00007e782acb834c: 90d3 6cff 

  0x00007e782acb8350: ;   {post_call_nop}
  0x00007e782acb8350: 0f1f 8400 | 4802 0001 | 4885 c00f | 84cb 0100 | 0044 8b58 | 0441 c1eb 

  0x00007e782acb8368: ;   {metadata('clojure/lang/MapEntry')}
  0x00007e782acb8368: 0a41 81fb | 8c28 0000 | 0f85 b602 | 0000 8b68 | 1445 8b54 | ec04 41c1 

  0x00007e782acb8380: ;   {metadata('clojure/lang/Var$TBox')}
  0x00007e782acb8380: ea0a 4181 | fad9 2800 | 000f 8561 | 0300 004d | 8d14 ec45 | 8b42 0847 | 8b54 c404 | 41c1 ea0a 
  0x00007e782acb83a0: ;   {metadata('clojure/lang/IFn')}
  0x00007e782acb83a0: 48b8 6879 | f5e5 777e | 0000 be00 | 002a 0049 | 03f2 48c1 | e609 4c8b | 5620 4c3b | d00f 850d 
  0x00007e782acb83c0: 0100 004f | 8d1c c445 | 8b53 0441 

  0x00007e782acb83cc: ;   {metadata('clojure/lang/AFunction$1')}
  0x00007e782acb83cc: c1ea 0a41 | 81fa 894a | 0000 0f85 | 8901 0000 | 4c89 5c24 | 0849 8baf | c801 0000 | 4c8b d549 
  0x00007e782acb83ec: 83c2 104d | 3b97 d801 | 0000 0f83 | 8d01 0000 | 4d89 97c8 | 0100 0041 | 0f0d 8ac0 | 0000 0041 
  0x00007e782acb840c: 0f0d 8a00 | 0100 0041 | 0f0d 8a40 | 0100 0041 | 0f0d 8a80 | 0100 0049 | ba01 0000 | 0000 440b 
  0x00007e782acb842c: 004c 8955 | 00c7 4508 | 0100 0000 | 4c8b 1424 | 49c1 ea03 | 4489 550c | 498b 97c8 | 0100 004c 
  0x00007e782acb844c: 8bd2 4983 | c220 4d3b | 97d8 0100 | 000f 8355 | 0100 004d | 8997 c801 | 0000 410f | 0d8a c000 
  0x00007e782acb846c: 0000 49ba | 0100 0000 | 00cc c500 | 4c89 124c | 8962 084c | 8962 104c | 8962 1844 | 8962 144c 
  0x00007e782acb848c: 8d52 184c | 8bdd 49c1 | eb03 4589 | 1a4c 8b54 | 2408 458b | 5a10 498b | f348 c1e6 | 0348 b870 
  0x00007e782acb84ac: 87fc c477 

  0x00007e782acb84b0: ;   {virtual_call}
  0x00007e782acb84b0: 7e00 00e8 

  0x00007e782acb84b4: ; ImmutableOopMap {}
                      ;*invokevirtual applyTo {reexecute=0 rethrow=0 return_oop=1}
                      ; - clojure.lang.AFunction$1::doInvoke@8 (line 33)
                      ; - clojure.lang.RestFn::invoke@50 (line 411)
                      ; - clojure.lang.Var::invoke@11 (line 386)
  0x00007e782acb84b4: c860 7aff 

  0x00007e782acb84b8: ;   {post_call_nop}
  0x00007e782acb84b8: 0f1f 8400 | b003 0002 | 4883 c440 

  0x00007e782acb84c4: ;   {poll_return}
  0x00007e782acb84c4: 5d49 3b67 | 280f 87fc | 0200 00c3 | 4833 ff4c | 8b9e a800 | 0000 498b | d348 c1e2 | 140f 8921 
  0x00007e782acb84e4: 0000 00f3 | 480f b8d2 | 488b 5e28 | 483b 04d3 | 7415 490f | bae3 2c73 | 0b49 c1cb 

  0x00007e782acb8500: ;   {runtime_call Stub::lookup_secondary_supers_table_slow_path}
  0x00007e782acb8500: 2be8 c74b | 6bff eb03 | 48ff c748 | 85ff 0f84 | affe ffff | bede ffff | ff41 8be8 

  0x00007e782acb851c: ;   {runtime_call UncommonTrapBlob}
  0x00007e782acb851c: 6666 90e8 

  0x00007e782acb8520: ; ImmutableOopMap {rbp=NarrowOop }
                      ;*checkcast {reexecute=0 rethrow=0 return_oop=0}
                      ; - clojure.lang.Var::fn@4 (line 370)
                      ; - clojure.lang.Var::invoke@1 (line 386)
  0x00007e782acb8520: bcec 79ff 

  0x00007e782acb8524: ;   {post_call_nop}
  0x00007e782acb8524: 0f1f 8400 | 1c04 0003 | 4c8b 5424 | 1045 8b42 | 14e9 5dfe | ffff 4533 | c0e9 99fd 

  0x00007e782acb8540: ;   {oop(a 'clojure/lang/Var$1'{0x0000000227878530})}
  0x00007e782acb8540: ffff 48be | 3085 8727 | 0200 0000 | 488b 2c24 

  0x00007e782acb8550: ;   {optimized virtual_call}
  0x00007e782acb8550: 6666 90e8 

  0x00007e782acb8554: ; ImmutableOopMap {rbp=Oop [0]=Oop [16]=Oop }
                      ;*invokevirtual setInitialValue {reexecute=0 rethrow=0 return_oop=1}
                      ; - java.lang.ThreadLocal::get@31 (line 193)
                      ; - java.lang.ThreadLocal::get@4 (line 171)
                      ; - clojure.lang.Var::getThreadBinding@13 (line 362)
                      ; - clojure.lang.Var::deref@1 (line 202)
                      ; - clojure.lang.Var::fn@1 (line 370)
                      ; - clojure.lang.Var::invoke@1 (line 386)
  0x00007e782acb8554: 88d1 6cff 

  0x00007e782acb8558: ;   {post_call_nop}
  0x00007e782acb8558: 0f1f 8400 | 5004 0004 | e9ac fdff 

  0x00007e782acb8564: ;   {metadata('editor/protobuf$new_builder')}
  0x00007e782acb8564: ff41 81fa | 6866 0000 | 0f85 3e01 | 0000 488b 

  0x00007e782acb8574: ;   {static_call}
  0x00007e782acb8574: 3424 90e8 

  0x00007e782acb8578: ; ImmutableOopMap {}
                      ;*invokestatic invokeStatic {reexecute=0 rethrow=0 return_oop=1}
                      ; - editor.protobuf$new_builder::invoke@3 (line 107)
                      ; - clojure.lang.Var::invoke@11 (line 386)
  0x00007e782acb8578: 8409 48f9 

  0x00007e782acb857c: ;   {post_call_nop}
  0x00007e782acb857c: 0f1f 8400 | 7404 0005 | e937 ffff | ffba 0100 

  0x00007e782acb858c: ;   {metadata('java/lang/Object'[])}
  0x00007e782acb858c: 0000 48be | 00a2 0554 | 0000 0000 | 488b 2c24 

  0x00007e782acb859c: ;   {runtime_call C2 Runtime new_array}
  0x00007e782acb859c: 6666 90e8 

  0x00007e782acb85a0: ; ImmutableOopMap {rbp=Oop [0]=Oop [8]=Oop }
                      ;*anewarray {reexecute=0 rethrow=0 return_oop=1}
                      ; - clojure.lang.RestFn::invoke@34 (line 411)
                      ; - clojure.lang.Var::invoke@11 (line 386)
  0x00007e782acb85a0: bc4f 7aff 

  0x00007e782acb85a4: ;   {post_call_nop}
  0x00007e782acb85a4: 0f1f 8400 | 9c04 0006 | 488b e8e9 | 84fe ffff | 48ff 7424 | 0848 8f04 

  0x00007e782acb85bc: ;   {metadata('clojure/lang/ArraySeq')}
  0x00007e782acb85bc: 2448 be00 | e662 5400 

  0x00007e782acb85c4: ;   {runtime_call C2 Runtime new_instance}
  0x00007e782acb85c4: 0000 00e8 

  0x00007e782acb85c8: ; ImmutableOopMap {rbp=Oop [0]=Oop [8]=Oop }
                      ;*new {reexecute=0 rethrow=0 return_oop=1}
                      ; - clojure.lang.ArraySeq::create@11 (line 32)
                      ; - clojure.lang.RestFn::invoke@47 (line 411)
                      ; - clojure.lang.Var::invoke@11 (line 386)
  0x00007e782acb85c8: 944c 7aff 

  0x00007e782acb85cc: ;   {post_call_nop}
  0x00007e782acb85cc: 0f1f 8400 | c404 0007 | 488b d0e9 | abfe ffff | bede ffff | ff48 8b2c | 2444 895c 

  0x00007e782acb85e8: ;   {runtime_call UncommonTrapBlob}
  0x00007e782acb85e8: 2408 90e8 

  0x00007e782acb85ec: ; ImmutableOopMap {rbp=Oop [8]=NarrowOop [16]=Oop }
                      ;*invokeinterface entryAt {reexecute=0 rethrow=0 return_oop=0}
                      ; - clojure.lang.Var::getThreadBinding@23 (line 362)
                      ; - clojure.lang.Var::deref@1 (line 202)
                      ; - clojure.lang.Var::fn@1 (line 370)
                      ; - clojure.lang.Var::invoke@1 (line 386)
  0x00007e782acb85ec: f0eb 79ff 

  0x00007e782acb85f0: ;   {post_call_nop}
  0x00007e782acb85f0: 0f1f 8400 | e804 0008 | bee4 ffff | ff48 8b2c | 244c 8b5c | 2410 4c89 | 5c24 0848 | 8954 2410 
  0x00007e782acb8610: 4489 4c24 | 1844 8954 | 2420 4489 

  0x00007e782acb861c: ;   {runtime_call UncommonTrapBlob}
  0x00007e782acb861c: 4424 24e8 

  0x00007e782acb8620: ; ImmutableOopMap {rbp=Oop [8]=Oop [16]=Oop [24]=NarrowOop [32]=NarrowOop }
                      ;*aaload {reexecute=0 rethrow=0 return_oop=0}
                      ; - java.lang.ThreadLocal$ThreadLocalMap::getEntry@18 (line 487)
                      ; - java.lang.ThreadLocal::get@12 (line 186)
                      ; - java.lang.ThreadLocal::get@4 (line 171)
                      ; - clojure.lang.Var::getThreadBinding@13 (line 362)
                      ; - clojure.lang.Var::deref@1 (line 202)
                      ; - clojure.lang.Var::fn@1 (line 370)
                      ; - clojure.lang.Var::invoke@1 (line 386)
  0x00007e782acb8620: bceb 79ff 

  0x00007e782acb8624: ;   {post_call_nop}
  0x00007e782acb8624: 0f1f 8400 | 1c05 0009 | bede ffff | ff48 8b2c | 2448 8944 

  0x00007e782acb8638: ;   {runtime_call UncommonTrapBlob}
  0x00007e782acb8638: 2408 90e8 

  0x00007e782acb863c: ; ImmutableOopMap {rbp=Oop [8]=Oop [16]=Oop }
                      ;*invokeinterface val {reexecute=0 rethrow=0 return_oop=0}
                      ; - clojure.lang.Var::getThreadBinding@34 (line 364)
                      ; - clojure.lang.Var::deref@1 (line 202)
                      ; - clojure.lang.Var::fn@1 (line 370)
                      ; - clojure.lang.Var::invoke@1 (line 386)
  0x00007e782acb863c: a0eb 79ff 

  0x00007e782acb8640: ;   {post_call_nop}
  0x00007e782acb8640: 0f1f 8400 | 3805 000a | bee4 ffff | ff48 8b2c | 244c 8b5c | 2410 4c89 | 5c24 0848 | 8954 2410 
  0x00007e782acb8660: 4489 4c24 | 1844 8944 | 2420 4489 | 5424 2889 

  0x00007e782acb8670: ;   {runtime_call UncommonTrapBlob}
  0x00007e782acb8670: 4c24 2ce8 

  0x00007e782acb8674: ; ImmutableOopMap {rbp=Oop [8]=Oop [16]=Oop [24]=NarrowOop [44]=NarrowOop }
                      ;*aaload {reexecute=0 rethrow=0 return_oop=0}
                      ; - java.lang.ThreadLocal$ThreadLocalMap::getEntryAfterMiss@52 (line 514)
                      ; - java.lang.ThreadLocal$ThreadLocalMap::getEntry@38 (line 491)
                      ; - java.lang.ThreadLocal::get@12 (line 186)
                      ; - java.lang.ThreadLocal::get@4 (line 171)
                      ; - clojure.lang.Var::getThreadBinding@13 (line 362)
                      ; - clojure.lang.Var::deref@1 (line 202)
                      ; - clojure.lang.Var::fn@1 (line 370)
                      ; - clojure.lang.Var::invoke@1 (line 386)
  0x00007e782acb8674: 68eb 79ff 

  0x00007e782acb8678: ;   {post_call_nop}
  0x00007e782acb8678: 0f1f 8400 | 7005 000b | 85db 400f | 94c5 be45 | ffff ff48 | 8954 2418 | 4489 4c24 | 2044 8944 
  0x00007e782acb8698: 2424 894c | 2428 4489 

  0x00007e782acb86a0: ;   {runtime_call UncommonTrapBlob}
  0x00007e782acb86a0: 5424 2ce8 

  0x00007e782acb86a4: ; ImmutableOopMap {[0]=Oop [16]=Oop [24]=Oop [32]=NarrowOop [40]=NarrowOop }
                      ;*ifeq {reexecute=1 rethrow=0 return_oop=0}
                      ; - (reexecute) java.lang.ThreadLocal$ThreadLocalMap::getEntryAfterMiss@30 (line 510)
                      ; - java.lang.ThreadLocal$ThreadLocalMap::getEntry@38 (line 491)
                      ; - java.lang.ThreadLocal::get@12 (line 186)
                      ; - java.lang.ThreadLocal::get@4 (line 171)
                      ; - clojure.lang.Var::getThreadBinding@13 (line 362)
                      ; - clojure.lang.Var::deref@1 (line 202)
                      ; - clojure.lang.Var::fn@1 (line 370)
                      ; - clojure.lang.Var::invoke@1 (line 386)
  0x00007e782acb86a4: 38eb 79ff 

  0x00007e782acb86a8: ;   {post_call_nop}
  0x00007e782acb86a8: 0f1f 8400 | a005 000c | bec6 ffff | ff49 8beb 

  0x00007e782acb86b8: ;   {runtime_call UncommonTrapBlob}
  0x00007e782acb86b8: 6666 90e8 

  0x00007e782acb86bc: ; ImmutableOopMap {rbp=Oop [0]=Oop }
                      ;*invokeinterface invoke {reexecute=0 rethrow=0 return_oop=0}
                      ; - clojure.lang.Var::invoke@11 (line 386)
  0x00007e782acb86bc: 20eb 79ff 

  0x00007e782acb86c0: ;   {post_call_nop}
  0x00007e782acb86c0: 0f1f 8400 | b805 000d | bede ffff | ff48 8b2c | 244c 8b54 | 2410 4c89 | 5424 0848 | 8944 2410 
  0x00007e782acb86e0: ;   {runtime_call UncommonTrapBlob}
  0x00007e782acb86e0: 6666 90e8 

  0x00007e782acb86e4: ; ImmutableOopMap {rbp=Oop [8]=Oop [16]=Oop }
                      ;*checkcast {reexecute=0 rethrow=0 return_oop=0}
                      ; - clojure.lang.Var::getThreadBinding@16 (line 362)
                      ; - clojure.lang.Var::deref@1 (line 202)
                      ; - clojure.lang.Var::fn@1 (line 370)
                      ; - clojure.lang.Var::invoke@1 (line 386)
  0x00007e782acb86e4: f8ea 79ff 

  0x00007e782acb86e8: ;   {post_call_nop}
  0x00007e782acb86e8: 0f1f 8400 | e005 000e | bede ffff 

  0x00007e782acb86f4: ;   {runtime_call UncommonTrapBlob}
  0x00007e782acb86f4: ff66 90e8 

  0x00007e782acb86f8: ; ImmutableOopMap {rbp=NarrowOop [0]=Oop [16]=Oop }
                      ;*checkcast {reexecute=0 rethrow=0 return_oop=0}
                      ; - clojure.lang.Var::getThreadBinding@39 (line 364)
                      ; - clojure.lang.Var::deref@1 (line 202)
                      ; - clojure.lang.Var::fn@1 (line 370)
                      ; - clojure.lang.Var::invoke@1 (line 386)
  0x00007e782acb86f8: e4ea 79ff 

  0x00007e782acb86fc: ;   {post_call_nop}
  0x00007e782acb86fc: 0f1f 8400 | f405 000f | bef6 ffff 

  0x00007e782acb8708: ;   {runtime_call UncommonTrapBlob}
  0x00007e782acb8708: ff66 90e8 

  0x00007e782acb870c: ; ImmutableOopMap {}
                      ;*invokevirtual get {reexecute=0 rethrow=0 return_oop=0}
                      ; - clojure.lang.Var::getThreadBinding@4 (line 360)
                      ; - clojure.lang.Var::deref@1 (line 202)
                      ; - clojure.lang.Var::fn@1 (line 370)
                      ; - clojure.lang.Var::invoke@1 (line 386)
  0x00007e782acb870c: d0ea 79ff 

  0x00007e782acb8710: ;   {post_call_nop}
  0x00007e782acb8710: 0f1f 8400 | 0806 0010 | bef4 ffff | ff48 8b2c 

  0x00007e782acb8720: ;   {runtime_call UncommonTrapBlob}
  0x00007e782acb8720: 2466 90e8 

  0x00007e782acb8724: ; ImmutableOopMap {rbp=Oop }
                      ;*checkcast {reexecute=0 rethrow=0 return_oop=0}
                      ; - clojure.lang.Var::fn@4 (line 370)
                      ; - clojure.lang.Var::invoke@1 (line 386)
  0x00007e782acb8724: b8ea 79ff 

  0x00007e782acb8728: ;   {post_call_nop}
  0x00007e782acb8728: 0f1f 8400 | 2006 0011 | bef4 ffff | ff48 8b2c | 244c 8b54 | 2410 4c89 

  0x00007e782acb8740: ;   {runtime_call UncommonTrapBlob}
  0x00007e782acb8740: 5424 08e8 

  0x00007e782acb8744: ; ImmutableOopMap {rbp=Oop [8]=Oop [16]=Oop }
                      ;*checkcast {reexecute=0 rethrow=0 return_oop=0}
                      ; - clojure.lang.Var::getThreadBinding@16 (line 362)
                      ; - clojure.lang.Var::deref@1 (line 202)
                      ; - clojure.lang.Var::fn@1 (line 370)
                      ; - clojure.lang.Var::invoke@1 (line 386)
  0x00007e782acb8744: 98ea 79ff 

  0x00007e782acb8748: ;   {post_call_nop}
  0x00007e782acb8748: 0f1f 8400 | 4006 0012 | bef6 ffff | ff48 8b6c 

  0x00007e782acb8758: ;   {runtime_call UncommonTrapBlob}
  0x00007e782acb8758: 2410 90e8 

  0x00007e782acb875c: ; ImmutableOopMap {rbp=Oop }
                      ;*invokeinterface entryAt {reexecute=0 rethrow=0 return_oop=0}
                      ; - clojure.lang.Var::getThreadBinding@23 (line 362)
                      ; - clojure.lang.Var::deref@1 (line 202)
                      ; - clojure.lang.Var::fn@1 (line 370)
                      ; - clojure.lang.Var::invoke@1 (line 386)
  0x00007e782acb875c: 80ea 79ff 

  0x00007e782acb8760: ;   {post_call_nop}
  0x00007e782acb8760: 0f1f 8400 | 5806 0013 | bef6 ffff 

  0x00007e782acb876c: ;   {runtime_call UncommonTrapBlob}
  0x00007e782acb876c: ff66 90e8 

  0x00007e782acb8770: ; ImmutableOopMap {}
                      ;*arraylength {reexecute=0 rethrow=0 return_oop=0}
                      ; - java.lang.ThreadLocal$ThreadLocalMap::getEntry@8 (line 486)
                      ; - java.lang.ThreadLocal::get@12 (line 186)
                      ; - java.lang.ThreadLocal::get@4 (line 171)
                      ; - clojure.lang.Var::getThreadBinding@13 (line 362)
                      ; - clojure.lang.Var::deref@1 (line 202)
                      ; - clojure.lang.Var::fn@1 (line 370)
                      ; - clojure.lang.Var::invoke@1 (line 386)
  0x00007e782acb8770: 6cea 79ff 

  0x00007e782acb8774: ;   {post_call_nop}
  0x00007e782acb8774: 0f1f 8400 | 6c06 0014 | bef4 ffff | ff48 8b2c 

  0x00007e782acb8784: ;   {runtime_call UncommonTrapBlob}
  0x00007e782acb8784: 2466 90e8 

  0x00007e782acb8788: ; ImmutableOopMap {rbp=Oop [16]=Oop }
                      ;*checkcast {reexecute=0 rethrow=0 return_oop=0}
                      ; - clojure.lang.Var::getThreadBinding@39 (line 364)
                      ; - clojure.lang.Var::deref@1 (line 202)
                      ; - clojure.lang.Var::fn@1 (line 370)
                      ; - clojure.lang.Var::invoke@1 (line 386)
  0x00007e782acb8788: 54ea 79ff 

  0x00007e782acb878c: ;   {post_call_nop}
  0x00007e782acb878c: 0f1f 8400 | 8406 0015 | bef6 ffff 

  0x00007e782acb8798: ;   {runtime_call UncommonTrapBlob}
  0x00007e782acb8798: ff66 90e8 

  0x00007e782acb879c: ; ImmutableOopMap {}
                      ;*arraylength {reexecute=0 rethrow=0 return_oop=0}
                      ; - java.lang.ThreadLocal$ThreadLocalMap::getEntryAfterMiss@8 (line 505)
                      ; - java.lang.ThreadLocal$ThreadLocalMap::getEntry@38 (line 491)
                      ; - java.lang.ThreadLocal::get@12 (line 186)
                      ; - java.lang.ThreadLocal::get@4 (line 171)
                      ; - clojure.lang.Var::getThreadBinding@13 (line 362)
                      ; - clojure.lang.Var::deref@1 (line 202)
                      ; - clojure.lang.Var::fn@1 (line 370)
                      ; - clojure.lang.Var::invoke@1 (line 386)
  0x00007e782acb879c: 40ea 79ff 

  0x00007e782acb87a0: ;   {post_call_nop}
  0x00007e782acb87a0: 0f1f 8400 | 9806 0016 | 488b f0eb | 1448 8bf0 | eb0f 488b | f0eb 0aeb | 0548 8bf0 | eb03 488b 
  0x00007e782acb87c0: f048 83c4 

  0x00007e782acb87c4: ;   {runtime_call C2 Runtime rethrow}
  0x00007e782acb87c4: 405d e915 

  0x00007e782acb87c8: ;   {internal_word}
  0x00007e782acb87c8: 967a ff49 | bac5 84cb | 2a78 7e00 | 004d 8997 | 3805 0000 

  0x00007e782acb87dc: ;   {runtime_call SafepointBlob}
  0x00007e782acb87dc: e97f f06c 

  0x00007e782acb87e0: ;   {runtime_call Stub::method_entry_barrier}
  0x00007e782acb87e0: ffe8 3a47 | 6bff e94f | faff fff4 | f4f4 f4f4 
[Stub Code]
  0x00007e782acb87f0: ;   {static_stub}
  0x00007e782acb87f0: 48bb 0000 | 0000 0000 

  0x00007e782acb87f8: ;   {runtime_call nmethod}
  0x00007e782acb87f8: 0000 e9fb 

  0x00007e782acb87fc: ;   {static_stub}
  0x00007e782acb87fc: ffff ff48 | bb00 0000 | 0000 0000 

  0x00007e782acb8808: ;   {runtime_call nmethod}
  0x00007e782acb8808: 00e9 fbff 

  0x00007e782acb880c: ;   {static_stub}
  0x00007e782acb880c: ffff 48bb | 0000 0000 | 0000 0000 

  0x00007e782acb8818: ;   {runtime_call nmethod}
  0x00007e782acb8818: e9fb ffff 

  0x00007e782acb881c: ;   {runtime_call ExceptionBlob}
  0x00007e782acb881c: ffe9 beec | 79ff e800 | 0000 0048 | 832c 2405 

  0x00007e782acb882c: ;   {runtime_call DeoptimizationBlob}
  0x00007e782acb882c: e92f f36c | fff4 f4f4 | f4f4 f4f4 
[/MachCode]


---------------  P R O C E S S  ---------------

Threads class SMR info:
_java_thread_list=0x00007e779715d3f0, length=60, elements={
0x00007e783402d330, 0x00007e78341484d0, 0x00007e7834149880, 0x00007e783414b2b0,
0x00007e783414cb00, 0x00007e783414e2b0, 0x00007e783414fcb0, 0x00007e78341515d0,
0x00007e78341d8dc0, 0x00007e78341db530, 0x00007e78343e92b0, 0x00007e77ac048d90,
0x00007e77ac1c60d0, 0x00007e77ac24f500, 0x00007e7794082ed0, 0x00007e77940842f0,
0x00007e7795db9550, 0x00007e774c00a9c0, 0x00007e774c01fd80, 0x00007e774c093c80,
0x00007e774c052320, 0x00007e774c320940, 0x00007e770001e090, 0x00007e7680066870,
0x00007e76880a6a20, 0x00007e7796030da0, 0x00007e7796031650, 0x00007e7796b66550,
0x00007e774c313b70, 0x00007e77b0a71910, 0x00007e774c363d60, 0x00007e771c0052d0,
0x00007e774c373ed0, 0x00007e774c3d6510, 0x00007e774c3d7b70, 0x00007e774c4e00d0,
0x00007e774c4df180, 0x00007e774c4e87a0, 0x00007e774c4eacf0, 0x00007e774c4f3230,
0x00007e77969cc1c0, 0x00007e77969ccf40, 0x00007e76c80223a0, 0x00007e7797197b20,
0x00007e7760013e10, 0x00007e76c0009020, 0x00007e770002f580, 0x00007e779692d450,
0x00007e764c75c580, 0x00007e77203589c0, 0x00007e764daeb3c0, 0x00007e76d8370ea0,
0x00007e77142f8c10, 0x00007e76d8371750, 0x00007e77201b0320, 0x00007e7718993bd0,
0x00007e76d400f140, 0x00007e77142f96c0, 0x00007e77280056a0, 0x00007e779715e3c0
}

Java Threads: ( => current thread )
  0x00007e783402d330 JavaThread "main"                              [_thread_blocked, id=846419, stack(0x00007e7838217000,0x00007e7838317000) (1024K)]
  0x00007e78341484d0 JavaThread "Reference Handler"          daemon [_thread_blocked, id=846427, stack(0x00007e77f5c22000,0x00007e77f5d22000) (1024K)]
  0x00007e7834149880 JavaThread "Finalizer"                  daemon [_thread_blocked, id=846428, stack(0x00007e77f5500000,0x00007e77f5600000) (1024K)]
  0x00007e783414b2b0 JavaThread "Signal Dispatcher"          daemon [_thread_blocked, id=846429, stack(0x00007e77f5400000,0x00007e77f5500000) (1024K)]
  0x00007e783414cb00 JavaThread "Service Thread"             daemon [_thread_blocked, id=846430, stack(0x00007e77f5300000,0x00007e77f5400000) (1024K)]
  0x00007e783414e2b0 JavaThread "Monitor Deflation Thread"   daemon [_thread_blocked, id=846431, stack(0x00007e77f5200000,0x00007e77f5300000) (1024K)]
  0x00007e783414fcb0 JavaThread "C2 CompilerThread0"         daemon [_thread_blocked, id=846432, stack(0x00007e77f5100000,0x00007e77f5200000) (1024K)]
  0x00007e78341515d0 JavaThread "C1 CompilerThread0"         daemon [_thread_blocked, id=846433, stack(0x00007e77f5000000,0x00007e77f5100000) (1024K)]
  0x00007e78341d8dc0 JavaThread "Notification Thread"        daemon [_thread_blocked, id=846453, stack(0x00007e77f4f00000,0x00007e77f5000000) (1024K)]
  0x00007e78341db530 JavaThread "Common-Cleaner"             daemon [_thread_blocked, id=846459, stack(0x00007e77f4e00000,0x00007e77f4f00000) (1024K)]
  0x00007e78343e92b0 JavaThread "JavaFX-Launcher"                   [_thread_blocked, id=846465, stack(0x00007e77f4b00000,0x00007e77f4c00000) (1024K)]
  0x00007e77ac048d90 JavaThread "QuantumRenderer-0"          daemon [_thread_blocked, id=846466, stack(0x00007e77f4a00000,0x00007e77f4b00000) (1024K)]
  0x00007e77ac1c60d0 JavaThread "InvokeLaterDispatcher"      daemon [_thread_blocked, id=846471, stack(0x00007e77f4d00000,0x00007e77f4e00000) (1024K)]
=>0x00007e77ac24f500 JavaThread "JavaFX Application Thread"         [_thread_in_native, id=846472, stack(0x00007e77f4c00000,0x00007e77f4d00000) (1024K)]
  0x00007e7794082ed0 JavaThread "Java2D Disposer"            daemon [_thread_blocked, id=846475, stack(0x00007e779ed94000,0x00007e779ee94000) (1024K)]
  0x00007e77940842f0 JavaThread "AWT-XAWT"                   daemon [_thread_in_native, id=846476, stack(0x00007e779ec94000,0x00007e779ed94000) (1024K)]
  0x00007e7795db9550 JavaThread "Prism Font Disposer"        daemon [_thread_blocked, id=846490, stack(0x00007e779dc1f000,0x00007e779dd1f000) (1024K)]
  0x00007e774c00a9c0 JavaThread "VirtualThread-unblocker"    daemon [_thread_blocked, id=846493, stack(0x00007e77a523b000,0x00007e77a533b000) (1024K)]
  0x00007e774c01fd80 JavaThread "pool-2-thread-1"                   [_thread_blocked, id=846506, stack(0x00007e7746200000,0x00007e7746300000) (1024K)]
  0x00007e774c093c80 JavaThread "Thread-3-SharedResourceRunner" daemon [_thread_blocked, id=846509, stack(0x00007e7745f00000,0x00007e7746000000) (1024K)]
  0x00007e774c052320 JavaThread "Thread-3-SharedResourceRunner" daemon [_thread_blocked, id=846510, stack(0x00007e7745b40000,0x00007e7745c40000) (1024K)]
  0x00007e774c320940 JavaThread "clojure-agent-send-off-pool-0"        [_thread_blocked, id=846513, stack(0x00007e7746000000,0x00007e7746100000) (1024K)]
  0x00007e770001e090 JavaThread "clojure-agent-send-off-pool-20"        [_thread_in_native, id=846533, stack(0x00007e77442c8000,0x00007e77443c8000) (1024K)]
  0x00007e7680066870 JavaThread "HttpClient-1-SelectorManager" daemon [_thread_in_native, id=846563, stack(0x00007e76f2000000,0x00007e76f2100000) (1024K)]
  0x00007e76880a6a20 JavaThread "JNA Cleaner"                daemon [_thread_blocked, id=846595, stack(0x00007e76f1900000,0x00007e76f1a00000) (1024K)]
  0x00007e7796030da0 JavaThread "sentry-reporter-thread"     daemon [_thread_blocked, id=846596, stack(0x00007e76f1500000,0x00007e76f1600000) (1024K)]
  0x00007e7796031650 JavaThread "exception-notifier-thread"  daemon [_thread_blocked, id=846597, stack(0x00007e76f1400000,0x00007e76f1500000) (1024K)]
  0x00007e7796b66550 JavaThread "Timer-0"                           [_thread_blocked, id=846599, stack(0x00007e76f1000000,0x00007e76f1100000) (1024K)]
  0x00007e774c313b70 JavaThread "editor.preferences/sync-executor" daemon [_thread_blocked, id=846600, stack(0x00007e76f0f00000,0x00007e76f1000000) (1024K)]
  0x00007e77b0a71910 JavaThread "Cleaner-0"                  daemon [_thread_blocked, id=846613, stack(0x00007e76f02b9000,0x00007e76f03b9000) (1024K)]
  0x00007e774c363d60 JavaThread "HttpClient-2-SelectorManager" daemon [_thread_in_native, id=846769, stack(0x00007e7652e00000,0x00007e7652f00000) (1024K)]
  0x00007e771c0052d0 JavaThread "ForkJoinPool-1-delayScheduler" daemon [_thread_blocked, id=846788, stack(0x00007e7652d00000,0x00007e7652e00000) (1024K)]
  0x00007e774c373ed0 JavaThread "async-dispatch-1"           daemon [_thread_blocked, id=846811, stack(0x00007e7652600000,0x00007e7652700000) (1024K)]
  0x00007e774c3d6510 JavaThread "async-dispatch-2"           daemon [_thread_blocked, id=846812, stack(0x00007e7652500000,0x00007e7652600000) (1024K)]
  0x00007e774c3d7b70 JavaThread "async-dispatch-3"           daemon [_thread_blocked, id=846813, stack(0x00007e7652400000,0x00007e7652500000) (1024K)]
  0x00007e774c4e00d0 JavaThread "async-dispatch-4"           daemon [_thread_blocked, id=846814, stack(0x00007e7652300000,0x00007e7652400000) (1024K)]
  0x00007e774c4df180 JavaThread "async-dispatch-5"           daemon [_thread_blocked, id=846815, stack(0x00007e7652200000,0x00007e7652300000) (1024K)]
  0x00007e774c4e87a0 JavaThread "async-dispatch-6"           daemon [_thread_blocked, id=846816, stack(0x00007e7652100000,0x00007e7652200000) (1024K)]
  0x00007e774c4eacf0 JavaThread "async-dispatch-7"           daemon [_thread_blocked, id=846817, stack(0x00007e7652000000,0x00007e7652100000) (1024K)]
  0x00007e774c4f3230 JavaThread "async-dispatch-8"           daemon [_thread_blocked, id=846818, stack(0x00007e7651f00000,0x00007e7652000000) (1024K)]
  0x00007e77969cc1c0 JavaThread "idle-timeout-task"          daemon [_thread_blocked, id=846846, stack(0x00007e7651c00000,0x00007e7651d00000) (1024K)]
  0x00007e77969ccf40 JavaThread "HTTP-Dispatcher"                   [_thread_in_native, id=846847, stack(0x00007e7651b00000,0x00007e7651c00000) (1024K)]
  0x00007e76c80223a0 JavaThread "clojure.core.async.timers/timeout-daemon" daemon [_thread_blocked, id=846850, stack(0x00007e7651900000,0x00007e7651a00000) (1024K)]
  0x00007e7797197b20 JavaThread "process reaper (pid 873251)" daemon [_thread_in_native, id=846858, stack(0x00007e7657089000,0x00007e76570ab000) (136K)]
  0x00007e7760013e10 JavaThread "ForkJoinPool.commonPool-delayScheduler" daemon [_thread_blocked, id=873302, stack(0x00007e7746400000,0x00007e7746500000) (1024K)]
  0x00007e76c0009020 JavaThread "async-thread-macro-7"       daemon [_thread_in_native, id=878953, stack(0x00007e76f2300000,0x00007e76f2400000) (1024K)]
  0x00007e770002f580 JavaThread "clojure-agent-send-off-pool-82"        [_thread_blocked, id=903295, stack(0x00007e76570ff000,0x00007e76571ff000) (1024K)]
  0x00007e779692d450 JavaThread "clojure-agent-send-off-pool-83"        [_thread_blocked, id=920564, stack(0x00007e7650b00000,0x00007e7650c00000) (1024K)]
  0x00007e764c75c580 JavaThread "ForkJoinPool.commonPool-worker-35" daemon [_thread_blocked, id=920577, stack(0x00007e7744ac8000,0x00007e7744bc8000) (1024K)]
  0x00007e77203589c0 JavaThread "ForkJoinPool.commonPool-worker-37" daemon [_thread_blocked, id=920578, stack(0x00007e77449c8000,0x00007e7744ac8000) (1024K)]
  0x00007e764daeb3c0 JavaThread "ForkJoinPool.commonPool-worker-36" daemon [_thread_blocked, id=920579, stack(0x00007e7650900000,0x00007e7650a00000) (1024K)]
  0x00007e76d8370ea0 JavaThread "ForkJoinPool.commonPool-worker-38" daemon [_thread_blocked, id=920580, stack(0x00007e7650700000,0x00007e7650800000) (1024K)]
  0x00007e77142f8c10 JavaThread "ForkJoinPool.commonPool-worker-39" daemon [_thread_blocked, id=920581, stack(0x00007e76f2600000,0x00007e76f2700000) (1024K)]
  0x00007e76d8371750 JavaThread "ForkJoinPool.commonPool-worker-40" daemon [_thread_blocked, id=920582, stack(0x00007e77444c8000,0x00007e77445c8000) (1024K)]
  0x00007e77201b0320 JavaThread "ForkJoinPool.commonPool-worker-41" daemon [_thread_blocked, id=920583, stack(0x00007e7651a00000,0x00007e7651b00000) (1024K)]
  0x00007e7718993bd0 JavaThread "ForkJoinPool.commonPool-worker-42" daemon [_thread_blocked, id=920584, stack(0x00007e7744fc8000,0x00007e77450c8000) (1024K)]
  0x00007e76d400f140 JavaThread "ForkJoinPool.commonPool-worker-43" daemon [_thread_blocked, id=920585, stack(0x00007e7746300000,0x00007e7746400000) (1024K)]
  0x00007e77142f96c0 JavaThread "ForkJoinPool.commonPool-worker-44" daemon [_thread_blocked, id=920586, stack(0x00007e7746100000,0x00007e7746200000) (1024K)]
  0x00007e77280056a0 JavaThread "ForkJoinPool.commonPool-worker-45" daemon [_thread_blocked, id=920587, stack(0x00007e7746500000,0x00007e7746600000) (1024K)]
  0x00007e779715e3c0 JavaThread "process reaper"             daemon [_thread_blocked, id=921013, stack(0x00007e76fb196000,0x00007e76fb1b8000) (136K)]
Total: 60

Other Threads:
  0x00007e78341115d0 VMThread "VM Thread"                           [id=846426, stack(0x00007e77f5d23000,0x00007e77f5e23000) (1024K)]
  0x00007e78340d2c80 WatcherThread "VM Periodic Task Thread"        [id=846425, stack(0x00007e77f5e24000,0x00007e77f5f24000) (1024K)]
  0x00007e78340695f0 WorkerThread "GC Thread#0"                     [id=846420, stack(0x00007e7804e5c000,0x00007e7804f5c000) (1024K)]
  0x00007e77dc0084f0 WorkerThread "GC Thread#1"                     [id=846477, stack(0x00007e779eb94000,0x00007e779ec94000) (1024K)]
  0x00007e77dc0091c0 WorkerThread "GC Thread#2"                     [id=846478, stack(0x00007e779ea93000,0x00007e779eb93000) (1024K)]
  0x00007e77dc009fb0 WorkerThread "GC Thread#3"                     [id=846479, stack(0x00007e779e992000,0x00007e779ea92000) (1024K)]
  0x00007e77dc00adc0 WorkerThread "GC Thread#4"                     [id=846480, stack(0x00007e779e891000,0x00007e779e991000) (1024K)]
  0x00007e77dc00bbf0 WorkerThread "GC Thread#5"                     [id=846481, stack(0x00007e779e790000,0x00007e779e890000) (1024K)]
  0x00007e77dc00ca20 WorkerThread "GC Thread#6"                     [id=846482, stack(0x00007e779e68f000,0x00007e779e78f000) (1024K)]
  0x00007e77dc00d850 WorkerThread "GC Thread#7"                     [id=846483, stack(0x00007e779e58e000,0x00007e779e68e000) (1024K)]
  0x00007e77dc00e680 WorkerThread "GC Thread#8"                     [id=846484, stack(0x00007e779e48d000,0x00007e779e58d000) (1024K)]
  0x00007e77dc00f4b0 WorkerThread "GC Thread#9"                     [id=846485, stack(0x00007e779e38c000,0x00007e779e48c000) (1024K)]
  0x00007e783407c780 ConcurrentGCThread "G1 Main Marker"            [id=846421, stack(0x00007e7804d5b000,0x00007e7804e5b000) (1024K)]
  0x00007e783407d950 WorkerThread "G1 Conc#0"                       [id=846422, stack(0x00007e7804c5a000,0x00007e7804d5a000) (1024K)]
  0x00007e77f8000cd0 WorkerThread "G1 Conc#1"                       [id=846486, stack(0x00007e779e28b000,0x00007e779e38b000) (1024K)]
  0x00007e77f8001aa0 WorkerThread "G1 Conc#2"                       [id=846487, stack(0x00007e779e18a000,0x00007e779e28a000) (1024K)]
  0x00007e78340c2990 ConcurrentGCThread "G1 Refine#0"               [id=846423, stack(0x00007e780414f000,0x00007e780424f000) (1024K)]
  0x00007e78340c3b80 ConcurrentGCThread "G1 Service"                [id=846424, stack(0x00007e780404e000,0x00007e780414e000) (1024K)]
Total: 18

Threads with active compile tasks:
Total: 0

VM state: not at safepoint (normal execution)

VM Mutex/Monitor currently owned by a thread: None

Heap address: 0x0000000226000000, size: 23968 MB, Compressed Oops mode: Zero based, Oop shift amount: 3

CDS archive(s) not mapped
Compressed class space mapped at: 0x0000000054000000-0x0000000094000000, reserved size: 1073741824
UseCompressedClassPointers 1, UseCompactObjectHeaders 1
Narrow klass pointer bits 22, Max shift 10
Narrow klass base: 0x0000000054000000, Narrow klass shift: 9
Encoding Range: [0x0000000054000000 - 0x00000000d4000000), (2147483648 bytes)
Klass Range:    [0x0000000054000000 - 0x0000000094000000), (1073741824 bytes)
Klass ID Range:  [1 - 2097152) (2097151)
Protection zone: [0x0000000054000000 - 0x0000000054010000), (65536 bytes)

GC Precious Log:
 CardTable entry size: 512
 Card Set container configuration: InlinePtr #cards 3 size 8 Array Of Cards #cards 128 size 272 Howl #buckets 8 coarsen threshold 29491 Howl Bitmap #cards 4096 size 528 coarsen threshold 3686 Card regions per heap region 1 cards per card region 32768
 CPUs: 12 total, 12 available
 Memory: 31943M
 Large Page Support: Disabled
 NUMA Support: Disabled
 Compressed Oops: Enabled (Zero based)
 Heap Region Size: 16M
 Heap Min Capacity: 16M
 Heap Initial Capacity: 512M
 Heap Max Capacity: 23968M
 Pre-touch: Disabled
 Parallel Workers: 10
 Concurrent Workers: 3
 Concurrent Refinement Workers: 10
 Periodic GC: Disabled

Heap:
 garbage-first heap   total reserved 24543232K, committed 622592K, used 393375K [0x0000000226000000, 0x0000000800000000)
  region size 16384K, 16 young (262144K), 2 survivors (32768K)

Heap Regions: E=young(eden), S=young(survivor), O=old, HS=humongous(starts), HC=humongous(continues), CS=collection set, F=free, TAMS=top-at-mark-start, PB=parsable bottom
|   0|0x0000000226000000, 0x0000000226fe66e0, 0x0000000227000000| 99%| O|  |TAMS 0x0000000226000000| PB 0x0000000226000000| Untracked |  0
|   1|0x0000000227000000, 0x0000000227fffff0, 0x0000000228000000| 99%| O|  |TAMS 0x0000000227000000| PB 0x0000000227000000| Untracked |  0
|   2|0x0000000228000000, 0x0000000228000000, 0x0000000229000000|  0%| F|  |TAMS 0x0000000228000000| PB 0x0000000228000000| Untracked |  0
|   3|0x0000000229000000, 0x0000000229ffff90, 0x000000022a000000| 99%| O|  |TAMS 0x0000000229000000| PB 0x0000000229000000| Untracked |  0
|   4|0x000000022a000000, 0x000000022affffa8, 0x000000022b000000| 99%| O|  |TAMS 0x000000022a000000| PB 0x000000022a000000| Untracked |  0
|   5|0x000000022b000000, 0x000000022bffffc0, 0x000000022c000000| 99%| O|  |TAMS 0x000000022b000000| PB 0x000000022b000000| Untracked |  0
|   6|0x000000022c000000, 0x000000022c000000, 0x000000022d000000|  0%| F|  |TAMS 0x000000022c000000| PB 0x000000022c000000| Untracked |  0
|   7|0x000000022d000000, 0x000000022e000000, 0x000000022e000000|100%| O|  |TAMS 0x000000022d000000| PB 0x000000022d000000| Untracked |  0
|   8|0x000000022e000000, 0x000000022f000000, 0x000000022f000000|100%| O|  |TAMS 0x000000022e000000| PB 0x000000022e000000| Untracked |  0
|   9|0x000000022f000000, 0x0000000230000000, 0x0000000230000000|100%| O|  |TAMS 0x000000022f000000| PB 0x000000022f000000| Untracked |  0
|  10|0x0000000230000000, 0x0000000230000000, 0x0000000231000000|  0%| F|  |TAMS 0x0000000230000000| PB 0x0000000230000000| Untracked |  0
|  11|0x0000000231000000, 0x0000000231000000, 0x0000000232000000|  0%| F|  |TAMS 0x0000000231000000| PB 0x0000000231000000| Untracked |  0
|  12|0x0000000232000000, 0x0000000232553f10, 0x0000000233000000| 33%| S|CS|TAMS 0x0000000232000000| PB 0x0000000232000000| Complete |  0
|  13|0x0000000233000000, 0x0000000233000000, 0x0000000234000000|  0%| F|  |TAMS 0x0000000233000000| PB 0x0000000233000000| Untracked |  0
|  14|0x0000000234000000, 0x0000000234000000, 0x0000000235000000|  0%| F|  |TAMS 0x0000000234000000| PB 0x0000000234000000| Untracked |  0
|  15|0x0000000235000000, 0x0000000236000000, 0x0000000236000000|100%| S|CS|TAMS 0x0000000235000000| PB 0x0000000235000000| Complete |  0
|  16|0x0000000236000000, 0x0000000236000000, 0x0000000237000000|  0%| F|  |TAMS 0x0000000236000000| PB 0x0000000236000000| Untracked |  0
|  17|0x0000000237000000, 0x0000000237000000, 0x0000000238000000|  0%| F|  |TAMS 0x0000000237000000| PB 0x0000000237000000| Untracked |  0
|  18|0x0000000238000000, 0x0000000238000000, 0x0000000239000000|  0%| F|  |TAMS 0x0000000238000000| PB 0x0000000238000000| Untracked |  0
|  19|0x0000000239000000, 0x0000000239000000, 0x000000023a000000|  0%| F|  |TAMS 0x0000000239000000| PB 0x0000000239000000| Untracked |  0
|  20|0x000000023a000000, 0x000000023a000000, 0x000000023b000000|  0%| F|  |TAMS 0x000000023a000000| PB 0x000000023a000000| Untracked |  0
|  21|0x000000023b000000, 0x000000023b000000, 0x000000023c000000|  0%| F|  |TAMS 0x000000023b000000| PB 0x000000023b000000| Untracked |  0
|  22|0x000000023c000000, 0x000000023cdde858, 0x000000023d000000| 86%| E|  |TAMS 0x000000023c000000| PB 0x000000023c000000| Complete |  0
|  23|0x000000023d000000, 0x000000023e000000, 0x000000023e000000|100%| E|CS|TAMS 0x000000023d000000| PB 0x000000023d000000| Complete |  0
|  24|0x000000023e000000, 0x000000023f000000, 0x000000023f000000|100%| E|CS|TAMS 0x000000023e000000| PB 0x000000023e000000| Complete |  0
|  25|0x000000023f000000, 0x0000000240000000, 0x0000000240000000|100%| E|CS|TAMS 0x000000023f000000| PB 0x000000023f000000| Complete |  0
|  26|0x0000000240000000, 0x0000000241000000, 0x0000000241000000|100%| E|CS|TAMS 0x0000000240000000| PB 0x0000000240000000| Complete |  0
|  27|0x0000000241000000, 0x0000000242000000, 0x0000000242000000|100%| E|CS|TAMS 0x0000000241000000| PB 0x0000000241000000| Complete |  0
|  28|0x0000000242000000, 0x0000000243000000, 0x0000000243000000|100%| E|CS|TAMS 0x0000000242000000| PB 0x0000000242000000| Complete |  0
|  29|0x0000000243000000, 0x0000000244000000, 0x0000000244000000|100%| E|CS|TAMS 0x0000000243000000| PB 0x0000000243000000| Complete |  0
|  30|0x0000000244000000, 0x0000000245000000, 0x0000000245000000|100%| E|CS|TAMS 0x0000000244000000| PB 0x0000000244000000| Complete |  0
|  31|0x0000000245000000, 0x0000000246000000, 0x0000000246000000|100%| E|CS|TAMS 0x0000000245000000| PB 0x0000000245000000| Complete |  0
|  32|0x0000000246000000, 0x0000000247000000, 0x0000000247000000|100%| E|CS|TAMS 0x0000000246000000| PB 0x0000000246000000| Complete |  0
|  33|0x0000000247000000, 0x0000000248000000, 0x0000000248000000|100%| E|CS|TAMS 0x0000000247000000| PB 0x0000000247000000| Complete |  0
|  56|0x000000025e000000, 0x000000025f000000, 0x000000025f000000|100%| E|CS|TAMS 0x000000025e000000| PB 0x000000025e000000| Complete |  0
|1495|0x00000007fd000000, 0x00000007fdaed9b0, 0x00000007fe000000| 68%| O|  |TAMS 0x00000007fd000000| PB 0x00000007fd000000| Untracked |  0
|1496|0x00000007fe000000, 0x00000007ff000000, 0x00000007ff000000|100%| E|CS|TAMS 0x00000007fe000000| PB 0x00000007fe000000| Complete |  0
|1497|0x00000007ff000000, 0x0000000800000000, 0x0000000800000000|100%| O|Cm|TAMS 0x00000007ff000000| PB 0x00000007ff000000| Complete |  0

Card table byte_map: [0x00007e781c69b000,0x00007e781f56b000] _byte_map_base: 0x00007e781b56b000

Marking Bits: (CMBitMap*) 0x00007e783406a340
 Bits: [0x00007e780501b000, 0x00007e781c69b000)

Polling page: 0x00007e7839e48000

Metaspace:
Metaspace        used 250251K, committed 252800K, reserved 1245184K
 class space     used 62828K, committed 63936K, reserved 1048576K

Usage:
  Non-class:    183.03 MB used.
      Class:     61.36 MB used.
       Both:    244.39 MB used.

Virtual space:
  Non-class space:      192.00 MB reserved,     184.44 MB ( 96%) committed,  3 nodes.
      Class space:        1.00 GB reserved,      62.44 MB (  6%) committed,  1 nodes.
             Both:        1.19 GB reserved,     246.88 MB ( 20%) committed. 

Chunk freelists:
   Non-Class:  7.55 MB
       Class:  1.50 MB
        Both:  9.04 MB

MaxMetaspaceSize: unlimited
CompressedClassSpaceSize: 1.00 GB
Initial GC threshold: 21.00 MB
Current GC threshold: 407.81 MB
CDS: off
 - commit_granule_bytes: 65536.
 - commit_granule_words: 8192.
 - virtual_space_node_default_size: 8388608.
 - enlarge_chunks_in_place: 1.
UseCompressedClassPointers 1, UseCompactObjectHeaders 1
Narrow klass pointer bits 22, Max shift 10
Narrow klass base: 0x0000000054000000, Narrow klass shift: 9
Encoding Range: [0x0000000054000000 - 0x00000000d4000000), (2147483648 bytes)
Klass Range:    [0x0000000054000000 - 0x0000000094000000), (1073741824 bytes)
Klass ID Range:  [1 - 2097152) (2097151)
Protection zone: [0x0000000054000000 - 0x0000000054010000), (65536 bytes)


Internal statistics:

num_allocs_failed_limit: 27.
num_arena_births: 2858.
num_arena_deaths: 14.
num_vsnodes_births: 4.
num_vsnodes_deaths: 0.
num_space_committed: 3932.
num_space_uncommitted: 0.
num_chunks_returned_to_freelist: 47.
num_chunks_taken_from_freelist: 11870.
num_chunk_merges: 28.
num_chunk_splits: 8860.
num_chunks_enlarged: 6752.
num_inconsistent_stats: 0.

CodeHeap 'non-profiled nmethods': size=120032Kb used=11315Kb max_used=11315Kb free=108717Kb
 bounds [0x00007e782a8c8000, 0x00007e782b3d8000, 0x00007e7831e00000]
CodeHeap 'profiled nmethods': size=120028Kb used=31336Kb max_used=33246Kb free=88691Kb
 bounds [0x00007e7822e00000, 0x00007e7824e80000, 0x00007e782a337000]
CodeHeap 'non-nmethods': size=5700Kb used=2853Kb max_used=3036Kb free=2846Kb
 bounds [0x00007e782a337000, 0x00007e782a647000, 0x00007e782a8c8000]
CodeCache: size=245760Kb, used=45504Kb, max_used=47597Kb, free=200254Kb
 total_blobs=18231, nmethods=16526, adapters=1606, full_count=0
Compilation: enabled, stopped_count=0, restarted_count=0

Compilation events (20 events):
Event: 4204.629 Thread 0x00007e78341515d0 27269       3       com.github.benmanes.caffeine.cache.PS::getKey (8 bytes)
Event: 4204.630 Thread 0x00007e78341515d0 nmethod 27269 0x00007e78231a6688 code [0x00007e78231a6780, 0x00007e78231a73a0]
Event: 4204.630 Thread 0x00007e78341515d0 27270       3       javafx.scene.control.SkinBase::getClassCssMetaData (4 bytes)
Event: 4204.630 Thread 0x00007e78341515d0 nmethod 27270 0x00007e78246dd508 code [0x00007e78246dd600, 0x00007e78246dd6e8]
Event: 4204.635 Thread 0x00007e78341515d0 27271   !   3       jogamp.common.util.locks.RecursiveLockImpl01Unfairish::getHoldCount (24 bytes)
Event: 4204.635 Thread 0x00007e78341515d0 nmethod 27271 0x00007e78231a6208 code [0x00007e78231a6300, 0x00007e78231a6670]
Event: 4204.635 Thread 0x00007e78341515d0 27272       1       com.jogamp.opengl.GLCapabilities::isFBO (5 bytes)
Event: 4204.635 Thread 0x00007e78341515d0 nmethod 27272 0x00007e782b3d4308 code [0x00007e782b3d4400, 0x00007e782b3d44c0]
Event: 4204.636 Thread 0x00007e78341515d0 27273       3       com.jogamp.opengl.GLContext::getAvailableGLVersion (77 bytes)
Event: 4204.636 Thread 0x00007e78341515d0 nmethod 27273 0x00007e78231a5c88 code [0x00007e78231a5d80, 0x00007e78231a60d0]
Event: 4204.637 Thread 0x00007e78341515d0 27274       1       com.github.benmanes.caffeine.cache.SSMS::hitsInSample (5 bytes)
Event: 4204.637 Thread 0x00007e78341515d0 nmethod 27274 0x00007e782b3d4608 code [0x00007e782b3d4700, 0x00007e782b3d47c0]
Event: 4204.744 Thread 0x00007e78341515d0 27275       1       com.dynamo.bob.pipeline.Shaderc$ShaderStage::getValue (5 bytes)
Event: 4204.744 Thread 0x00007e78341515d0 nmethod 27275 0x00007e782b3d4908 code [0x00007e782b3d4a00, 0x00007e782b3d4ac0]
Event: 4204.745 Thread 0x00007e78341515d0 27276       3       java.lang.ProcessImpl::<init> (79 bytes)
Event: 4204.746 Thread 0x00007e78341515d0 nmethod 27276 0x00007e7824286888 code [0x00007e7824286980, 0x00007e78242876e0]
Event: 4204.890 Thread 0x00007e78341515d0 27277       3       clojure.core$iterate::invokeStatic (13 bytes)
Event: 4204.890 Thread 0x00007e78341515d0 nmethod 27277 0x00007e7824286508 code [0x00007e7824286600, 0x00007e7824286810]
Event: 4204.890 Thread 0x00007e78341515d0 27278       3       clojure.lang.Iterate::create (11 bytes)
Event: 4204.890 Thread 0x00007e78341515d0 nmethod 27278 0x00007e7824286008 code [0x00007e7824286100, 0x00007e7824286488]

GC Heap Usage History (20 events):
Event: 1513.896 {heap Before GC invocations=38 (full 1):
 garbage-first heap   total reserved 24543232K, committed 557056K, used 455819K [0x0000000226000000, 0x0000000800000000)
  region size 16384K, 20 young (327680K), 1 survivors (16384K)
}
Event: 1513.900 {heap After GC invocations=39 (full 1):
 garbage-first heap   total reserved 24543232K, committed 557056K, used 145434K [0x0000000226000000, 0x0000000800000000)
  region size 16384K, 1 young (16384K), 1 survivors (16384K)
}
Event: 1529.792 {heap Before GC invocations=39 (full 1):
 garbage-first heap   total reserved 24543232K, committed 557056K, used 456730K [0x0000000226000000, 0x0000000800000000)
  region size 16384K, 20 young (327680K), 1 survivors (16384K)
}
Event: 1529.810 {heap After GC invocations=40 (full 1):
 garbage-first heap   total reserved 24543232K, committed 557056K, used 150203K [0x0000000226000000, 0x0000000800000000)
  region size 16384K, 1 young (16384K), 1 survivors (16384K)
}
Event: 1537.913 {heap Before GC invocations=40 (full 1):
 garbage-first heap   total reserved 24543232K, committed 557056K, used 395963K [0x0000000226000000, 0x0000000800000000)
  region size 16384K, 18 young (294912K), 1 survivors (16384K)
}
Event: 1537.921 {heap After GC invocations=41 (full 1):
 garbage-first heap   total reserved 24543232K, committed 557056K, used 189535K [0x0000000226000000, 0x0000000800000000)
  region size 16384K, 3 young (49152K), 3 survivors (49152K)
}
Event: 1538.117 {heap Before GC invocations=42 (full 1):
 garbage-first heap   total reserved 24543232K, committed 557056K, used 517215K [0x0000000226000000, 0x0000000800000000)
  region size 16384K, 18 young (294912K), 3 survivors (49152K)
}
Event: 1538.123 {heap After GC invocations=43 (full 1):
 garbage-first heap   total reserved 24543232K, committed 589824K, used 213211K [0x0000000226000000, 0x0000000800000000)
  region size 16384K, 1 young (16384K), 1 survivors (16384K)
}
Event: 1552.614 {heap Before GC invocations=43 (full 1):
 garbage-first heap   total reserved 24543232K, committed 589824K, used 540891K [0x0000000226000000, 0x0000000800000000)
  region size 16384K, 16 young (262144K), 1 survivors (16384K)
}
Event: 1552.616 {heap After GC invocations=44 (full 1):
 garbage-first heap   total reserved 24543232K, committed 622592K, used 218177K [0x0000000226000000, 0x0000000800000000)
  region size 16384K, 1 young (16384K), 1 survivors (16384K)
}
Event: 1698.346 {heap Before GC invocations=44 (full 1):
 garbage-first heap   total reserved 24543232K, committed 622592K, used 529473K [0x0000000226000000, 0x0000000800000000)
  region size 16384K, 21 young (344064K), 1 survivors (16384K)
}
Event: 1698.350 {heap After GC invocations=45 (full 1):
 garbage-first heap   total reserved 24543232K, committed 622592K, used 175085K [0x0000000226000000, 0x0000000800000000)
  region size 16384K, 1 young (16384K), 1 survivors (16384K)
}
Event: 2780.686 {heap Before GC invocations=46 (full 1):
 garbage-first heap   total reserved 24543232K, committed 622592K, used 519149K [0x0000000226000000, 0x0000000800000000)
  region size 16384K, 22 young (360448K), 1 survivors (16384K)
}
Event: 2780.689 {heap After GC invocations=47 (full 1):
 garbage-first heap   total reserved 24543232K, committed 622592K, used 173700K [0x0000000226000000, 0x0000000800000000)
  region size 16384K, 1 young (16384K), 1 survivors (16384K)
}
Event: 4171.133 {heap Before GC invocations=47 (full 1):
 garbage-first heap   total reserved 24543232K, committed 622592K, used 517764K [0x0000000226000000, 0x0000000800000000)
  region size 16384K, 22 young (360448K), 1 survivors (16384K)
}
Event: 4171.138 {heap After GC invocations=48 (full 1):
 garbage-first heap   total reserved 24543232K, committed 622592K, used 167426K [0x0000000226000000, 0x0000000800000000)
  region size 16384K, 1 young (16384K), 1 survivors (16384K)
}
Event: 4175.437 {heap Before GC invocations=48 (full 1):
 garbage-first heap   total reserved 24543232K, committed 622592K, used 511490K [0x0000000226000000, 0x0000000800000000)
  region size 16384K, 22 young (360448K), 1 survivors (16384K)
}
Event: 4175.444 {heap After GC invocations=49 (full 1):
 garbage-first heap   total reserved 24543232K, committed 622592K, used 177652K [0x0000000226000000, 0x0000000800000000)
  region size 16384K, 2 young (32768K), 2 survivors (32768K)
}
Event: 4193.217 {heap Before GC invocations=50 (full 1):
 garbage-first heap   total reserved 24543232K, committed 622592K, used 505332K [0x0000000226000000, 0x0000000800000000)
  region size 16384K, 22 young (360448K), 2 survivors (32768K)
}
Event: 4193.224 {heap After GC invocations=51 (full 1):
 garbage-first heap   total reserved 24543232K, committed 622592K, used 180383K [0x0000000226000000, 0x0000000800000000)
  region size 16384K, 2 young (32768K), 2 survivors (32768K)
}

Metaspace Usage History (20 events):
Event: 1513.896 {metaspace Before GC invocations=38 (full 1):
 Metaspace       used 242229K, committed 244608K, reserved 1245184K
  class space    used 61170K, committed 62144K, reserved 1048576K
}
Event: 1513.901 {metaspace After GC invocations=39 (full 1):
 Metaspace       used 242229K, committed 244608K, reserved 1245184K
  class space    used 61170K, committed 62144K, reserved 1048576K
}
Event: 1529.792 {metaspace Before GC invocations=39 (full 1):
 Metaspace       used 243748K, committed 246016K, reserved 1245184K
  class space    used 61403K, committed 62336K, reserved 1048576K
}
Event: 1529.810 {metaspace After GC invocations=40 (full 1):
 Metaspace       used 243748K, committed 246016K, reserved 1245184K
  class space    used 61403K, committed 62336K, reserved 1048576K
}
Event: 1537.913 {metaspace Before GC invocations=40 (full 1):
 Metaspace       used 244834K, committed 247232K, reserved 1245184K
  class space    used 61517K, committed 62464K, reserved 1048576K
}
Event: 1537.921 {metaspace After GC invocations=41 (full 1):
 Metaspace       used 244834K, committed 247232K, reserved 1245184K
  class space    used 61517K, committed 62464K, reserved 1048576K
}
Event: 1538.117 {metaspace Before GC invocations=42 (full 1):
 Metaspace       used 244860K, committed 247232K, reserved 1245184K
  class space    used 61517K, committed 62464K, reserved 1048576K
}
Event: 1538.123 {metaspace After GC invocations=43 (full 1):
 Metaspace       used 244860K, committed 247232K, reserved 1245184K
  class space    used 61517K, committed 62464K, reserved 1048576K
}
Event: 1552.614 {metaspace Before GC invocations=43 (full 1):
 Metaspace       used 244889K, committed 247232K, reserved 1245184K
  class space    used 61517K, committed 62464K, reserved 1048576K
}
Event: 1552.616 {metaspace After GC invocations=44 (full 1):
 Metaspace       used 244889K, committed 247232K, reserved 1245184K
  class space    used 61517K, committed 62464K, reserved 1048576K
}
Event: 1698.346 {metaspace Before GC invocations=44 (full 1):
 Metaspace       used 245384K, committed 247808K, reserved 1245184K
  class space    used 61531K, committed 62528K, reserved 1048576K
}
Event: 1698.350 {metaspace After GC invocations=45 (full 1):
 Metaspace       used 245384K, committed 247808K, reserved 1245184K
  class space    used 61531K, committed 62528K, reserved 1048576K
}
Event: 2780.686 {metaspace Before GC invocations=46 (full 1):
 Metaspace       used 247337K, committed 249792K, reserved 1245184K
  class space    used 62085K, committed 63104K, reserved 1048576K
}
Event: 2780.689 {metaspace After GC invocations=47 (full 1):
 Metaspace       used 247337K, committed 249792K, reserved 1245184K
  class space    used 62085K, committed 63104K, reserved 1048576K
}
Event: 4171.133 {metaspace Before GC invocations=47 (full 1):
 Metaspace       used 247599K, committed 250048K, reserved 1245184K
  class space    used 62115K, committed 63104K, reserved 1048576K
}
Event: 4171.138 {metaspace After GC invocations=48 (full 1):
 Metaspace       used 247599K, committed 250048K, reserved 1245184K
  class space    used 62115K, committed 63104K, reserved 1048576K
}
Event: 4175.437 {metaspace Before GC invocations=48 (full 1):
 Metaspace       used 248051K, committed 250560K, reserved 1245184K
  class space    used 62223K, committed 63296K, reserved 1048576K
}
Event: 4175.444 {metaspace After GC invocations=49 (full 1):
 Metaspace       used 248051K, committed 250560K, reserved 1245184K
  class space    used 62223K, committed 63296K, reserved 1048576K
}
Event: 4193.217 {metaspace Before GC invocations=50 (full 1):
 Metaspace       used 250122K, committed 252672K, reserved 1245184K
  class space    used 62820K, committed 63936K, reserved 1048576K
}
Event: 4193.224 {metaspace After GC invocations=51 (full 1):
 Metaspace       used 250122K, committed 252672K, reserved 1245184K
  class space    used 62820K, committed 63936K, reserved 1048576K
}

Dll operation events (20 events):
Event: 1.105 Loaded shared library /home/sergey/.openjfx/cache/25+29/amd64/libjavafx_iio.so
Event: 1.126 Loaded shared library /home/sergey/.openjfx/cache/25+29/amd64/libjavafx_font.so
Event: 1.218 Loaded shared library /home/sergey/.openjfx/cache/25+29/amd64/libjavafx_font_freetype.so
Event: 1.340 Loaded shared library /home/sergey/.openjfx/cache/25+29/amd64/libjavafx_font_pango.so
Event: 1.742 Loaded shared library /home/sergey/.local/state/Defold/unpack/574678c7d44be490d874fbed2d0ae6211feec4d9-x86_64/x86_64-linux/lib/libgluegen_rt.so
Event: 1.743 Loaded shared library /home/sergey/.local/state/Defold/unpack/574678c7d44be490d874fbed2d0ae6211feec4d9-x86_64/x86_64-linux/lib/libnativewindow_awt.so
Event: 1.743 Loaded shared library /home/sergey/.local/state/Defold/unpack/574678c7d44be490d874fbed2d0ae6211feec4d9-x86_64/x86_64-linux/lib/libmouse_capture_shared.so
Event: 1.743 Loaded shared library /home/sergey/.local/state/Defold/unpack/574678c7d44be490d874fbed2d0ae6211feec4d9-x86_64/x86_64-linux/lib/libnativewindow_drm.so
Event: 1.744 Loaded shared library /home/sergey/.local/state/Defold/unpack/574678c7d44be490d874fbed2d0ae6211feec4d9-x86_64/x86_64-linux/lib/libnativewindow_x11.so
Event: 1.744 Loaded shared library /home/sergey/.local/state/Defold/unpack/574678c7d44be490d874fbed2d0ae6211feec4d9-x86_64/x86_64-linux/lib/libnewt_drm.so
Event: 1.744 Loaded shared library /home/sergey/.local/state/Defold/unpack/574678c7d44be490d874fbed2d0ae6211feec4d9-x86_64/x86_64-linux/lib/libjogl_mobile.so
Event: 1.745 Loaded shared library /home/sergey/.local/state/Defold/unpack/574678c7d44be490d874fbed2d0ae6211feec4d9-x86_64/x86_64-linux/lib/libjogl_desktop.so
Event: 1.746 Loaded shared library /home/sergey/.local/state/Defold/unpack/574678c7d44be490d874fbed2d0ae6211feec4d9-x86_64/x86_64-linux/lib/libparticle_shared.so
Event: 1.746 Loaded shared library /home/sergey/.local/state/Defold/unpack/574678c7d44be490d874fbed2d0ae6211feec4d9-x86_64/x86_64-linux/lib/libnewt_head.so
Event: 1.777 Loaded shared library /home/sergey/defold_engines/1.13.1/packages/jdk-25+36/lib/libjawt.so
Event: 3.995 Loaded shared library /home/sergey/.cache/JNA/temp/jna10707895363826430464.tmp
Event: 4.841 Loaded shared library /tmp/409186101019988121/x86_64-linux/libshaderc_shared.so
Event: 10.073 Loaded shared library /home/sergey/defold_engines/1.13.1/packages/jdk-25+36/lib/libmanagement.so
Event: 119.408 Loaded shared library /tmp/409186101019988121/x86_64-linux/libtexc_shared.so
Event: 1537.517 Loaded shared library /home/sergey/defold_engines/1.13.1/packages/jdk-25+36/lib/libmlib_image.so

Deoptimization events (20 events):
Event: 4198.162 Thread 0x00007e77ac24f500 Uncommon trap: trap_request=0xffffff5e fr.pc=0x00007e782b396a64 relative=0x00000000000004e4
Event: 4198.162 Thread 0x00007e77ac24f500 Uncommon trap: reason=speculate_class_check action=maybe_recompile pc=0x00007e782b396a64 method=clojure.core$instance_QMARK___5488.invokeStatic(Ljava/lang/Object;Ljava/lang/Object;)Ljava/lang/Object; @ 9 c2
Event: 4198.162 Thread 0x00007e77ac24f500 DEOPT PACKING pc=0x00007e782b396a64 sp=0x00007e77f4cfd960
Event: 4198.162 Thread 0x00007e77ac24f500 DEOPT UNPACKING pc=0x00007e782a457279 sp=0x00007e77f4cfd818 mode 2
Event: 4204.622 Thread 0x00007e77ac24f500 Uncommon trap: trap_request=0xffffff45 fr.pc=0x00007e782a950834 relative=0x00000000000005b4
Event: 4204.622 Thread 0x00007e77ac24f500 Uncommon trap: reason=unstable_if action=reinterpret pc=0x00007e782a950834 method=java.lang.StringLatin1.replace([BCC)Ljava/lang/String; @ 44 c2
Event: 4204.622 Thread 0x00007e77ac24f500 DEOPT PACKING pc=0x00007e782a950834 sp=0x00007e77f4cfc2a0
Event: 4204.622 Thread 0x00007e77ac24f500 DEOPT UNPACKING pc=0x00007e782a457279 sp=0x00007e77f4cfc1f8 mode 2
Event: 4204.628 Thread 0x00007e77ac24f500 Uncommon trap: trap_request=0xffffff45 fr.pc=0x00007e782b38e600 relative=0x00000000000048e0
Event: 4204.628 Thread 0x00007e77ac24f500 Uncommon trap: reason=unstable_if action=reinterpret pc=0x00007e782b38e600 method=javafx.scene.Parent$2.onChanged(Ljavafx/collections/ListChangeListener$Change;)V @ 264 c2
Event: 4204.628 Thread 0x00007e77ac24f500 DEOPT PACKING pc=0x00007e782b38e600 sp=0x00007e77f4cfbf10
Event: 4204.628 Thread 0x00007e77ac24f500 DEOPT UNPACKING pc=0x00007e782a457279 sp=0x00007e77f4cfbeb8 mode 2
Event: 4204.629 Thread 0x00007e77ac24f500 Uncommon trap: trap_request=0xffffffc6 fr.pc=0x00007e782b35e2bc relative=0x0000000000000bbc
Event: 4204.629 Thread 0x00007e77ac24f500 Uncommon trap: reason=bimorphic_or_optimized_type_check action=maybe_recompile pc=0x00007e782b35e2bc method=com.sun.javafx.event.EventHandlerManager.fixEventSource(Ljavafx/event/Event;Ljava/lang/Object;)Ljavafx/event/Event; @ 1 c2
Event: 4204.629 Thread 0x00007e77ac24f500 DEOPT PACKING pc=0x00007e782b35e2bc sp=0x00007e77f4cfc080
Event: 4204.629 Thread 0x00007e77ac24f500 DEOPT UNPACKING pc=0x00007e782a457279 sp=0x00007e77f4cfbf78 mode 2
Event: 4204.630 Thread 0x00007e77ac24f500 Uncommon trap: trap_request=0xffffffc6 fr.pc=0x00007e782b35e2bc relative=0x0000000000000bbc
Event: 4204.630 Thread 0x00007e77ac24f500 Uncommon trap: reason=bimorphic_or_optimized_type_check action=maybe_recompile pc=0x00007e782b35e2bc method=com.sun.javafx.event.EventHandlerManager.fixEventSource(Ljavafx/event/Event;Ljava/lang/Object;)Ljavafx/event/Event; @ 1 c2
Event: 4204.630 Thread 0x00007e77ac24f500 DEOPT PACKING pc=0x00007e782b35e2bc sp=0x00007e77f4cfc080
Event: 4204.630 Thread 0x00007e77ac24f500 DEOPT UNPACKING pc=0x00007e782a457279 sp=0x00007e77f4cfbf78 mode 2

Classes loaded (20 events):
Event: 4175.421 Loading class java/util/stream/IntPipeline$10
Event: 4175.421 Loading class java/util/stream/IntPipeline$10 done
Event: 4175.421 Loading class java/util/stream/ReduceOps$9
Event: 4175.421 Loading class java/util/stream/ReduceOps$9 done
Event: 4175.421 Loading class java/util/stream/ReduceOps$CountingSink$OfInt
Event: 4175.421 Loading class java/util/stream/ReduceOps$CountingSink
Event: 4175.421 Loading class java/util/stream/ReduceOps$CountingSink done
Event: 4175.421 Loading class java/util/stream/ReduceOps$CountingSink$OfInt done
Event: 4175.422 Loading class java/util/stream/IntPipeline$10$1
Event: 4175.422 Loading class java/util/stream/IntPipeline$10$1 done
Event: 4175.423 Loading class java/util/stream/Nodes$IntSpinedNodeBuilder
Event: 4175.423 Loading class java/util/stream/Node$Builder$OfInt
Event: 4175.423 Loading class java/util/stream/Node$Builder$OfInt done
Event: 4175.423 Loading class java/util/stream/SpinedBuffer$OfInt
Event: 4175.423 Loading class java/util/stream/SpinedBuffer$OfPrimitive
Event: 4175.423 Loading class java/util/stream/SpinedBuffer$OfPrimitive done
Event: 4175.423 Loading class java/util/stream/SpinedBuffer$OfInt done
Event: 4175.423 Loading class java/util/stream/Nodes$IntSpinedNodeBuilder done
Event: 4176.496 Loading class java/nio/DirectDoubleBufferU
Event: 4176.496 Loading class java/nio/DirectDoubleBufferU done

Classes unloaded (7 events):
Event: 11.991 Thread 0x00007e78341115d0 Unloading class 0x0000000057631c00 'java/lang/invoke/LambdaForm$MH+0x0000000057631c00'
Event: 11.991 Thread 0x00007e78341115d0 Unloading class 0x0000000057631800 'java/lang/invoke/LambdaForm$MH+0x0000000057631800'
Event: 11.991 Thread 0x00007e78341115d0 Unloading class 0x0000000057630c00 'java/lang/invoke/LambdaForm$MH+0x0000000057630c00'
Event: 11.991 Thread 0x00007e78341115d0 Unloading class 0x000000005743d400 'java/lang/invoke/LambdaForm$MH+0x000000005743d400'
Event: 11.991 Thread 0x00007e78341115d0 Unloading class 0x000000005743cc00 'java/lang/invoke/LambdaForm$DMH+0x000000005743cc00'
Event: 11.991 Thread 0x00007e78341115d0 Unloading class 0x000000005743c400 'java/lang/String$$StringConcat+0x000000005743c400'
Event: 11.991 Thread 0x00007e78341115d0 Unloading class 0x0000000057424400 'java/lang/invoke/LambdaForm$DMH+0x0000000057424400'

Classes redefined (0 events):
No events

Internal exceptions (20 events):
Event: 4171.338 Thread 0x00007e770002f580 Exception <a 'sun/nio/fs/UnixException'{0x0000000237986610}> (0x0000000237986610) 
thrown [src/hotspot/share/prims/jni.cpp, line 516]
Event: 4171.338 Thread 0x00007e770002f580 Exception <a 'sun/nio/fs/UnixException'{0x0000000237986ce0}> (0x0000000237986ce0) 
thrown [src/hotspot/share/prims/jni.cpp, line 516]
Event: 4171.338 Thread 0x00007e770002f580 Exception <a 'sun/nio/fs/UnixException'{0x0000000237987458}> (0x0000000237987458) 
thrown [src/hotspot/share/prims/jni.cpp, line 516]
Event: 4171.338 Thread 0x00007e770002f580 Exception <a 'sun/nio/fs/UnixException'{0x000000023798d220}> (0x000000023798d220) 
thrown [src/hotspot/share/prims/jni.cpp, line 516]
Event: 4171.338 Thread 0x00007e770002f580 Exception <a 'sun/nio/fs/UnixException'{0x000000023798d6f0}> (0x000000023798d6f0) 
thrown [src/hotspot/share/prims/jni.cpp, line 516]
Event: 4171.338 Thread 0x00007e770002f580 Exception <a 'sun/nio/fs/UnixException'{0x000000023798de58}> (0x000000023798de58) 
thrown [src/hotspot/share/prims/jni.cpp, line 516]
Event: 4171.338 Thread 0x00007e770002f580 Exception <a 'sun/nio/fs/UnixException'{0x000000023798e328}> (0x000000023798e328) 
thrown [src/hotspot/share/prims/jni.cpp, line 516]
Event: 4171.339 Thread 0x00007e770002f580 Exception <a 'sun/nio/fs/UnixException'{0x000000023799c4c8}> (0x000000023799c4c8) 
thrown [src/hotspot/share/prims/jni.cpp, line 516]
Event: 4171.339 Thread 0x00007e770002f580 Exception <a 'sun/nio/fs/UnixException'{0x000000023799c998}> (0x000000023799c998) 
thrown [src/hotspot/share/prims/jni.cpp, line 516]
Event: 4171.339 Thread 0x00007e770002f580 Exception <a 'sun/nio/fs/UnixException'{0x000000023799f208}> (0x000000023799f208) 
thrown [src/hotspot/share/prims/jni.cpp, line 516]
Event: 4171.339 Thread 0x00007e770002f580 Exception <a 'sun/nio/fs/UnixException'{0x000000023799f6d8}> (0x000000023799f6d8) 
thrown [src/hotspot/share/prims/jni.cpp, line 516]
Event: 4171.339 Thread 0x00007e770002f580 Exception <a 'sun/nio/fs/UnixException'{0x00000002379a90d0}> (0x00000002379a90d0) 
thrown [src/hotspot/share/prims/jni.cpp, line 516]
Event: 4171.339 Thread 0x00007e770002f580 Exception <a 'sun/nio/fs/UnixException'{0x00000002379a9848}> (0x00000002379a9848) 
thrown [src/hotspot/share/prims/jni.cpp, line 516]
Event: 4171.339 Thread 0x00007e770002f580 Exception <a 'sun/nio/fs/UnixException'{0x00000002379bd128}> (0x00000002379bd128) 
thrown [src/hotspot/share/prims/jni.cpp, line 516]
Event: 4171.339 Thread 0x00007e770002f580 Exception <a 'sun/nio/fs/UnixException'{0x00000002379bd8a0}> (0x00000002379bd8a0) 
thrown [src/hotspot/share/prims/jni.cpp, line 516]
Event: 4176.534 Thread 0x00007e77ac24f500 Implicit null exception at 0x00007e782ae4d54a to 0x00007e782ae4ea78
Event: 4176.541 Thread 0x00007e77ac24f500 Implicit null exception at 0x00007e782ac1cb9d to 0x00007e782ac1cc69
Event: 4190.574 Thread 0x00007e77ac24f500 Exception <a 'java/lang/NoSuchMethodError'{0x0000000238213620}: 'java.lang.Object java.lang.invoke.DirectMethodHandle$Holder.newInvokeSpecial(java.lang.Object, java.lang.Object, int, int, int, int, int, java.lang.Object)'> (0x0000000238213620) 
thrown [src/hotspot/share/interpreter/linkResolver.cpp, line 803]
Event: 4201.340 Thread 0x00007e774c313b70 Exception <a 'sun/nio/fs/UnixException'{0x000000024154abc8}> (0x000000024154abc8) 
thrown [src/hotspot/share/prims/jni.cpp, line 516]
Event: 4201.341 Thread 0x00007e774c313b70 Exception <a 'sun/nio/fs/UnixException'{0x0000000241564e60}> (0x0000000241564e60) 
thrown [src/hotspot/share/prims/jni.cpp, line 516]

VM Operations (20 events):
Event: 4175.436 Executing safepoint VM operation: G1CollectForAllocation (G1 Evacuation Pause)
Event: 4175.444 Executing safepoint VM operation: G1CollectForAllocation (G1 Evacuation Pause) done
Event: 4175.509 Executing safepoint VM operation: G1PauseRemark
Event: 4175.514 Executing safepoint VM operation: G1PauseRemark done
Event: 4175.536 Executing safepoint VM operation: G1PauseCleanup
Event: 4175.536 Executing safepoint VM operation: G1PauseCleanup done
Event: 4176.451 Executing non-safepoint VM operation: HandshakeAllThreads (Deoptimize)
Event: 4176.451 Executing non-safepoint VM operation: HandshakeAllThreads (Deoptimize) done
Event: 4176.497 Executing non-safepoint VM operation: HandshakeAllThreads (Deoptimize)
Event: 4176.498 Executing non-safepoint VM operation: HandshakeAllThreads (Deoptimize) done
Event: 4176.624 Executing non-safepoint VM operation: HandshakeAllThreads (Deoptimize)
Event: 4176.624 Executing non-safepoint VM operation: HandshakeAllThreads (Deoptimize) done
Event: 4189.296 Executing non-safepoint VM operation: HandshakeAllThreads (Deoptimize)
Event: 4189.296 Executing non-safepoint VM operation: HandshakeAllThreads (Deoptimize) done
Event: 4193.217 Executing safepoint VM operation: G1CollectForAllocation (G1 Evacuation Pause)
Event: 4193.224 Executing safepoint VM operation: G1CollectForAllocation (G1 Evacuation Pause) done
Event: 4201.047 Executing non-safepoint VM operation: HandshakeAllThreads (HandshakeForDeflation)
Event: 4201.047 Executing non-safepoint VM operation: HandshakeAllThreads (HandshakeForDeflation) done
Event: 4201.047 Executing non-safepoint VM operation: RendezvousGCThreads
Event: 4201.047 Executing non-safepoint VM operation: RendezvousGCThreads done

Memory protections (20 events):
Event: 4177.056 Protecting memory [0x00007e77443c8000,0x00007e77443cc000] with protection modes 0
Event: 4177.171 Protecting memory [0x00007e77443c8000,0x00007e77443cc000] with protection modes 0
Event: 4177.208 Protecting memory [0x00007e77448c8000,0x00007e77448cc000] with protection modes 0
Event: 4177.841 Protecting memory [0x00007e77448c8000,0x00007e77448cc000] with protection modes 0
Event: 4180.592 Protecting memory [0x00007e77448c8000,0x00007e77448cc000] with protection modes 0
Event: 4182.083 Protecting memory [0x00007e77448c8000,0x00007e77448cc000] with protection modes 0
Event: 4182.340 Protecting memory [0x00007e77448c8000,0x00007e77448cc000] with protection modes 0
Event: 4184.035 Protecting memory [0x00007e77448c8000,0x00007e77448cc000] with protection modes 0
Event: 4184.704 Protecting memory [0x00007e77448c8000,0x00007e77448cc000] with protection modes 0
Event: 4189.404 Protecting memory [0x00007e77448c8000,0x00007e77448cc000] with protection modes 0
Event: 4189.404 Protecting memory [0x00007e76f1b00000,0x00007e76f1b04000] with protection modes 0
Event: 4191.529 Protecting memory [0x00007e77448c8000,0x00007e77448cc000] with protection modes 0
Event: 4191.529 Protecting memory [0x00007e76f1b00000,0x00007e76f1b04000] with protection modes 0
Event: 4195.661 Protecting memory [0x00007e76f1b00000,0x00007e76f1b04000] with protection modes 0
Event: 4198.167 Protecting memory [0x00007e77448c8000,0x00007e77448cc000] with protection modes 0
Event: 4198.167 Protecting memory [0x00007e76f1b00000,0x00007e76f1b04000] with protection modes 0
Event: 4200.284 Protecting memory [0x00007e76f1b00000,0x00007e76f1b04000] with protection modes 0
Event: 4200.285 Protecting memory [0x00007e77448c8000,0x00007e77448cc000] with protection modes 0
Event: 4202.908 Protecting memory [0x00007e76f1e00000,0x00007e76f1e04000] with protection modes 0
Event: 4204.639 Protecting memory [0x00007e76fb196000,0x00007e76fb19a000] with protection modes 0

Nmethod flushes (20 events):
Event: 4175.513 Thread 0x00007e78341115d0 flushing  nmethod 0x00007e782ac6b888
Event: 4175.513 Thread 0x00007e78341115d0 flushing  nmethod 0x00007e782b170208
Event: 4175.513 Thread 0x00007e78341115d0 flushing  nmethod 0x00007e7822e6cf08
Event: 4175.513 Thread 0x00007e78341115d0 flushing  nmethod 0x00007e7823076088
Event: 4175.513 Thread 0x00007e78341115d0 flushing  nmethod 0x00007e782313cf08
Event: 4175.513 Thread 0x00007e78341115d0 flushing  nmethod 0x00007e782326ad08
Event: 4175.513 Thread 0x00007e78341115d0 flushing  nmethod 0x00007e782343fb88
Event: 4175.513 Thread 0x00007e78341115d0 flushing  nmethod 0x00007e7823537308
Event: 4175.513 Thread 0x00007e78341115d0 flushing  nmethod 0x00007e7823537688
Event: 4175.513 Thread 0x00007e78341115d0 flushing  nmethod 0x00007e7823795788
Event: 4175.513 Thread 0x00007e78341115d0 flushing  nmethod 0x00007e7823795b88
Event: 4175.513 Thread 0x00007e78341115d0 flushing  nmethod 0x00007e7823cf1f08
Event: 4175.513 Thread 0x00007e78341115d0 flushing  nmethod 0x00007e782413f608
Event: 4175.513 Thread 0x00007e78341115d0 flushing  nmethod 0x00007e782413fc88
Event: 4175.513 Thread 0x00007e78341115d0 flushing  nmethod 0x00007e7824140208
Event: 4175.513 Thread 0x00007e78341115d0 flushing  nmethod 0x00007e7824147288
Event: 4175.513 Thread 0x00007e78341115d0 flushing  nmethod 0x00007e7824147588
Event: 4175.513 Thread 0x00007e78341115d0 flushing  nmethod 0x00007e7824664608
Event: 4175.513 Thread 0x00007e78341115d0 flushing  nmethod 0x00007e7824899b88
Event: 4175.513 Thread 0x00007e78341115d0 flushing  nmethod 0x00007e782489c008

Events (20 events):
Event: 4198.726 Thread 0x00007e77c86eb770 Thread exited: 0x00007e77c86eb770
Event: 4200.284 Thread 0x00007e78341515d0 Thread added: 0x00007e77c9501160
Event: 4200.284 Thread 0x00007e78341515d0 Thread added: 0x00007e77c8863340
Event: 4200.549 Thread 0x00007e77c8863340 Thread exited: 0x00007e77c8863340
Event: 4200.833 Thread 0x00007e77c9501160 Thread exited: 0x00007e77c9501160
Event: 4201.108 Thread 0x00007e77380139d0 Thread exited: 0x00007e77380139d0
Event: 4201.128 Thread 0x00007e771c456f80 Thread exited: 0x00007e771c456f80
Event: 4201.148 Thread 0x00007e7738000c40 Thread exited: 0x00007e7738000c40
Event: 4201.168 Thread 0x00007e76882bc7a0 Thread exited: 0x00007e76882bc7a0
Event: 4201.188 Thread 0x00007e771c4bb110 Thread exited: 0x00007e771c4bb110
Event: 4201.208 Thread 0x00007e76980d7740 Thread exited: 0x00007e76980d7740
Event: 4201.228 Thread 0x00007e771c489890 Thread exited: 0x00007e771c489890
Event: 4201.248 Thread 0x00007e76e40f7050 Thread exited: 0x00007e76e40f7050
Event: 4201.268 Thread 0x00007e76e4004e50 Thread exited: 0x00007e76e4004e50
Event: 4201.288 Thread 0x00007e771c66ca70 Thread exited: 0x00007e771c66ca70
Event: 4201.308 Thread 0x00007e770c36ea80 Thread exited: 0x00007e770c36ea80
Event: 4201.328 Thread 0x00007e7688222fa0 Thread exited: 0x00007e7688222fa0
Event: 4202.908 Thread 0x00007e78341515d0 Thread added: 0x00007e77c90bde80
Event: 4203.127 Thread 0x00007e77c90bde80 Thread exited: 0x00007e77c90bde80
Event: 4204.639 Thread 0x00007e77ac24f500 Thread added: 0x00007e779715e3c0


Dynamic libraries:
40bf9000-40bfb000 r-xs 00000000 00:01 3106605                            /memfd:/.glXXXXXX (deleted)
40d7d000-40e2c000 rw-p 00000000 00:00 0 
41053000-41102000 rw-p 00000000 00:00 0 
41365000-41414000 rw-p 00000000 00:00 0 
419ad000-41a5c000 rw-p 00000000 00:00 0 
41f7c000-4202b000 rw-p 00000000 00:00 0 
54000000-54010000 ---p 00000000 00:00 0 
54010000-54040000 rw-p 00000000 00:00 0 
54040000-540c0000 rw-p 00000000 00:00 0 
540c0000-54140000 rw-p 00000000 00:00 0 
54140000-541c0000 rw-p 00000000 00:00 0 
541c0000-54240000 rw-p 00000000 00:00 0 
54240000-54280000 rw-p 00000000 00:00 0 
54280000-54340000 rw-p 00000000 00:00 0 
54340000-54380000 rw-p 00000000 00:00 0 
54380000-54540000 rw-p 00000000 00:00 0 
54540000-54580000 rw-p 00000000 00:00 0 
54580000-548c0000 rw-p 00000000 00:00 0 
548c0000-548e0000 rw-p 00000000 00:00 0 
548e0000-54900000 rw-p 00000000 00:00 0 
54900000-55740000 rw-p 00000000 00:00 0 
55740000-55780000 rw-p 00000000 00:00 0 
55780000-55b60000 rw-p 00000000 00:00 0 
55b60000-55c00000 rw-p 00000000 00:00 0 
55c00000-574c0000 rw-p 00000000 00:00 0 
574c0000-57500000 rw-p 00000000 00:00 0 
57500000-57de0000 rw-p 00000000 00:00 0 
57de0000-57df0000 rw-p 00000000 00:00 0 
57df0000-57e00000 ---p 00000000 00:00 0 
57e00000-57e90000 rw-p 00000000 00:00 0 
57e90000-94000000 ---p 00000000 00:00 0 
226000000-248000000 rw-p 00000000 00:00 0 
248000000-25e000000 ---p 00000000 00:00 0 
25e000000-25f000000 rw-p 00000000 00:00 0 
25f000000-7fd000000 ---p 00000000 00:00 0 
7fd000000-800000000 rw-p 00000000 00:00 0 
584970157000-584970158000 r--p 00000000 103:02 12736015                  /home/sergey/defold_engines/1.13.1/packages/jdk-25+36/bin/java
584970158000-584970159000 r-xp 00001000 103:02 12736015                  /home/sergey/defold_engines/1.13.1/packages/jdk-25+36/bin/java
584970159000-58497015a000 r--p 00002000 103:02 12736015                  /home/sergey/defold_engines/1.13.1/packages/jdk-25+36/bin/java
58497015a000-58497015b000 r--p 00002000 103:02 12736015                  /home/sergey/defold_engines/1.13.1/packages/jdk-25+36/bin/java
58497015b000-58497015c000 rw-p 00003000 103:02 12736015                  /home/sergey/defold_engines/1.13.1/packages/jdk-25+36/bin/java
58497b623000-58497b66c000 rw-p 00000000 00:00 0                          [heap]
7e764bdc7000-7e764c000000 rw-s 00000000 00:07 1194                       /dev/nvidiactl
7e764c000000-7e764f817000 rw-p 00000000 00:00 0 
7e764f817000-7e7650000000 ---p 00000000 00:00 0 
7e7650600000-7e7650604000 ---p 00000000 00:00 0 
7e7650604000-7e7650700000 rw-p 00000000 00:00 0 
7e7650700000-7e7650704000 ---p 00000000 00:00 0 
7e7650704000-7e7650800000 rw-p 00000000 00:00 0 
7e7650800000-7e7650804000 ---p 00000000 00:00 0 
7e7650804000-7e7650900000 rw-p 00000000 00:00 0 
7e7650900000-7e7650904000 ---p 00000000 00:00 0 
7e7650904000-7e7650a00000 rw-p 00000000 00:00 0 
7e7650a00000-7e7650a04000 ---p 00000000 00:00 0 
7e7650a04000-7e7650b00000 rw-p 00000000 00:00 0 
7e7650b00000-7e7650b04000 ---p 00000000 00:00 0 
7e7650b04000-7e7650c00000 rw-p 00000000 00:00 0 
7e7650c00000-7e7650e00000 rw-s 00000000 00:07 1194                       /dev/nvidiactl
7e7651200000-7e7651600000 rw-s 00000000 00:07 1194                       /dev/nvidiactl
7e7651800000-7e7651804000 ---p 00000000 00:00 0 
7e7651804000-7e7651900000 rw-p 00000000 00:00 0 
7e7651900000-7e7651904000 ---p 00000000 00:00 0 
7e7651904000-7e7651a00000 rw-p 00000000 00:00 0 
7e7651a00000-7e7651a04000 ---p 00000000 00:00 0 
7e7651a04000-7e7651b00000 rw-p 00000000 00:00 0 
7e7651b00000-7e7651b04000 ---p 00000000 00:00 0 
7e7651b04000-7e7651c00000 rw-p 00000000 00:00 0 
7e7651c00000-7e7651c04000 ---p 00000000 00:00 0 
7e7651c04000-7e7651d00000 rw-p 00000000 00:00 0 
7e7651d00000-7e7651d04000 ---p 00000000 00:00 0 
7e7651d04000-7e7651e00000 rw-p 00000000 00:00 0 
7e7651e00000-7e7651e04000 ---p 00000000 00:00 0 
7e7651e04000-7e7651f00000 rw-p 00000000 00:00 0 
7e7651f00000-7e7651f04000 ---p 00000000 00:00 0 
7e7651f04000-7e7652000000 rw-p 00000000 00:00 0 
7e7652000000-7e7652004000 ---p 00000000 00:00 0 
7e7652004000-7e7652100000 rw-p 00000000 00:00 0 
7e7652100000-7e7652104000 ---p 00000000 00:00 0 
7e7652104000-7e7652200000 rw-p 00000000 00:00 0 
7e7652200000-7e7652204000 ---p 00000000 00:00 0 
7e7652204000-7e7652300000 rw-p 00000000 00:00 0 
7e7652300000-7e7652304000 ---p 00000000 00:00 0 
7e7652304000-7e7652400000 rw-p 00000000 00:00 0 
7e7652400000-7e7652404000 ---p 00000000 00:00 0 
7e7652404000-7e7652500000 rw-p 00000000 00:00 0 
7e7652500000-7e7652504000 ---p 00000000 00:00 0 
7e7652504000-7e7652600000 rw-p 00000000 00:00 0 
7e7652600000-7e7652604000 ---p 00000000 00:00 0 
7e7652604000-7e7652700000 rw-p 00000000 00:00 0 
7e7652900000-7e7652904000 ---p 00000000 00:00 0 
7e7652904000-7e7652a00000 rw-p 00000000 00:00 0 
7e7652a00000-7e7652a04000 ---p 00000000 00:00 0 
7e7652a04000-7e7652b00000 rw-p 00000000 00:00 0 
7e7652b00000-7e7652b04000 ---p 00000000 00:00 0 
7e7652b04000-7e7652c00000 rw-p 00000000 00:00 0 
7e7652d00000-7e7652d04000 ---p 00000000 00:00 0 
7e7652d04000-7e7652e00000 rw-p 00000000 00:00 0 
7e7652e00000-7e7652e04000 ---p 00000000 00:00 0 
7e7652e04000-7e7652f00000 rw-p 00000000 00:00 0 
7e7653000000-7e7653e00000 rw-p 00000000 00:00 0 
7e7653e00000-7e7653ee0000 rw-p 00000000 00:00 0 
7e7653ee0000-7e7655100000 rw-p 00000000 00:00 0 
7e7655100000-7e7655200000 rw-p 00000000 00:00 0 
7e7655200000-7e7655940000 rw-p 00000000 00:00 0 
7e7655940000-7e7655980000 rw-p 00000000 00:00 0 
7e7655980000-7e7655b00000 rw-p 00000000 00:00 0 
7e7655b00000-7e7655c00000 rw-p 00000000 00:00 0 
7e7655c00000-7e7656380000 rw-p 00000000 00:00 0 
7e7656380000-7e76563f0000 rw-p 00000000 00:00 0 
7e76563f0000-7e7656400000 ---p 00000000 00:00 0 
7e7656400000-7e7656880000 rw-p 00000000 00:00 0 
7e7656880000-7e7657000000 ---p 00000000 00:00 0 
7e7657089000-7e765708d000 ---p 00000000 00:00 0 
7e765708d000-7e76570ab000 rw-p 00000000 00:00 0 
7e76570ab000-7e76570ff000 r--p 00000000 103:02 22554497                  /tmp/+JXF9849359815889237160.tmp
7e76570ff000-7e7657103000 ---p 00000000 00:00 0 
7e7657103000-7e76571ff000 rw-p 00000000 00:00 0 
7e76571ff000-7e76573ff000 rw-s 00000000 00:07 1194                       /dev/nvidiactl
7e76573ff000-7e7657400000 ---p 00000000 00:00 0 
7e7657400000-7e7657c00000 rw-p 00000000 00:00 0 
7e7657c00000-7e7657cf9000 r--p 00000000 103:02 22554492                  /tmp/409186101019988121/x86_64-linux/libshaderc_shared.so
7e7657cf9000-7e7657f76000 r-xp 000f8000 103:02 22554492                  /tmp/409186101019988121/x86_64-linux/libshaderc_shared.so
7e7657f76000-7e7657f7a000 r--p 00374000 103:02 22554492                  /tmp/409186101019988121/x86_64-linux/libshaderc_shared.so
7e7657f7a000-7e7657f80000 rw-p 00377000 103:02 22554492                  /tmp/409186101019988121/x86_64-linux/libshaderc_shared.so
7e7657f80000-7e7657f82000 rw-p 00000000 00:00 0 
7e7657f9e000-7e7657fe6000 r--p 00000000 103:02 22554496                  /tmp/+JXF10096841673386379135.tmp
7e7657fe6000-7e7658000000 r--p 00000000 103:02 22554495                  /tmp/+JXF12663149421541459370.tmp
7e7658000000-7e7658259000 rw-p 00000000 00:00 0 
7e7658259000-7e765c000000 ---p 00000000 00:00 0 
7e765c000000-7e7660000000 rw-s 00000000 00:01 3109333                    /memfd:pulseaudio (deleted)
7e7660000000-7e76600ac000 rw-p 00000000 00:00 0 
7e76600ac000-7e7664000000 ---p 00000000 00:00 0 
7e7664000000-7e76643da000 rw-p 00000000 00:00 0 
7e76643da000-7e7668000000 ---p 00000000 00:00 0 
7e7668000000-7e7668a83000 rw-p 00000000 00:00 0 
7e7668a83000-7e766c000000 ---p 00000000 00:00 0 
7e766c000000-7e766c0c9000 rw-p 00000000 00:00 0 
7e766c0c9000-7e7670000000 ---p 00000000 00:00 0 
7e7670000000-7e7670900000 rw-p 00000000 00:00 0 
7e7670900000-7e7670a00000 rw-p 00000000 00:00 0 
7e7670a00000-7e76715c0000 rw-p 00000000 00:00 0 
7e76715c0000-7e7671600000 rw-p 00000000 00:00 0 
7e7671600000-7e7671660000 rw-p 00000000 00:00 0 
7e7671660000-7e7671680000 rw-p 00000000 00:00 0 
7e7671680000-7e7671700000 rw-p 00000000 00:00 0 
7e7671700000-7e7671900000 rw-p 00000000 00:00 0 
7e7671900000-7e7671a00000 rw-p 00000000 00:00 0 
7e7671a00000-7e7671b00000 rw-p 00000000 00:00 0 
7e7671b00000-7e7671c00000 rw-p 00000000 00:00 0 
7e7671c00000-7e7674000000 rw-p 00000000 00:00 0 
7e7674000000-7e76742c2000 rw-p 00000000 00:00 0 
7e76742c2000-7e7678000000 ---p 00000000 00:00 0 
7e7678000000-7e7678021000 rw-p 00000000 00:00 0 
7e7678021000-7e767c000000 ---p 00000000 00:00 0 
7e767c000000-7e767e8f5000 rw-p 00000000 00:00 0 
7e767e8f5000-7e7680000000 ---p 00000000 00:00 0 
7e7680000000-7e7680076000 rw-p 00000000 00:00 0 
7e7680076000-7e7684000000 ---p 00000000 00:00 0 
7e7684000000-7e768484d000 rw-p 00000000 00:00 0 
7e768484d000-7e7688000000 ---p 00000000 00:00 0 
7e7688000000-7e768a0d6000 rw-p 00000000 00:00 0 
7e768a0d6000-7e768c000000 ---p 00000000 00:00 0 
7e768c000000-7e768c021000 rw-p 00000000 00:00 0 
7e768c021000-7e7690000000 ---p 00000000 00:00 0 
7e7690000000-7e7690038000 rw-p 00000000 00:00 0 
7e7690038000-7e7694000000 ---p 00000000 00:00 0 
7e7694000000-7e769661e000 rw-p 00000000 00:00 0 
7e769661e000-7e7698000000 ---p 00000000 00:00 0 
7e7698000000-7e7698811000 rw-p 00000000 00:00 0 
7e7698811000-7e769c000000 ---p 00000000 00:00 0 
7e769c000000-7e769eaee000 rw-p 00000000 00:00 0 
7e769eaee000-7e76a0000000 ---p 00000000 00:00 0 
7e76a0000000-7e76a0085000 rw-p 00000000 00:00 0 
7e76a0085000-7e76a4000000 ---p 00000000 00:00 0 
7e76a4000000-7e76a5a2d000 rw-p 00000000 00:00 0 
7e76a5a2d000-7e76a8000000 ---p 00000000 00:00 0 
7e76a8000000-7e76a8949000 rw-p 00000000 00:00 0 
7e76a8949000-7e76ac000000 ---p 00000000 00:00 0 
7e76ac000000-7e76ac0b3000 rw-p 00000000 00:00 0 
7e76ac0b3000-7e76b0000000 ---p 00000000 00:00 0 
7e76b0000000-7e76b00d1000 rw-p 00000000 00:00 0 
7e76b00d1000-7e76b4000000 ---p 00000000 00:00 0 
7e76b4000000-7e76b44f8000 rw-p 00000000 00:00 0 
7e76b44f8000-7e76b8000000 ---p 00000000 00:00 0 
7e76b8000000-7e76b804c000 rw-p 00000000 00:00 0 
7e76b804c000-7e76bc000000 ---p 00000000 00:00 0 
7e76bc000000-7e76bc11c000 rw-p 00000000 00:00 0 
7e76bc11c000-7e76c0000000 ---p 00000000 00:00 0 
7e76c0000000-7e76c003c000 rw-p 00000000 00:00 0 
7e76c003c000-7e76c4000000 ---p 00000000 00:00 0 
7e76c4000000-7e76c4024000 rw-p 00000000 00:00 0 
7e76c4024000-7e76c8000000 ---p 00000000 00:00 0 
7e76c8000000-7e76c8027000 rw-p 00000000 00:00 0 
7e76c8027000-7e76cc000000 ---p 00000000 00:00 0 
7e76cc000000-7e76cc021000 rw-p 00000000 00:00 0 
7e76cc021000-7e76d0000000 ---p 00000000 00:00 0 
7e76d0000000-7e76d006d000 rw-p 00000000 00:00 0 
7e76d006d000-7e76d4000000 ---p 00000000 00:00 0 
7e76d4000000-7e76d417b000 rw-p 00000000 00:00 0 
7e76d417b000-7e76d8000000 ---p 00000000 00:00 0 
7e76d8000000-7e76d839e000 rw-p 00000000 00:00 0 
7e76d839e000-7e76dc000000 ---p 00000000 00:00 0 
7e76dc000000-7e76dc042000 rw-p 00000000 00:00 0 
7e76dc042000-7e76e0000000 ---p 00000000 00:00 0 
7e76e0000000-7e76e0053000 rw-p 00000000 00:00 0 
7e76e0053000-7e76e4000000 ---p 00000000 00:00 0 
7e76e4000000-7e76e5a23000 rw-p 00000000 00:00 0 
7e76e5a23000-7e76e8000000 ---p 00000000 00:00 0 
7e76e8000000-7e76e815c000 rw-p 00000000 00:00 0 
7e76e815c000-7e76ec000000 ---p 00000000 00:00 0 
7e76ec000000-7e76ec494000 rw-p 00000000 00:00 0 
7e76ec494000-7e76f0000000 ---p 00000000 00:00 0 
7e76f0002000-7e76f0004000 r--p 00000000 103:02 9445071                   /home/sergey/defold_projects/Defigma_Defold/build/plugins/defigma/plugins/lib/x86_64-linux/libDefigmaShape.so
7e76f0004000-7e76f000d000 r-xp 00001000 103:02 9445071                   /home/sergey/defold_projects/Defigma_Defold/build/plugins/defigma/plugins/lib/x86_64-linux/libDefigmaShape.so
7e76f000d000-7e76f000e000 r--p 00009000 103:02 9445071                   /home/sergey/defold_projects/Defigma_Defold/build/plugins/defigma/plugins/lib/x86_64-linux/libDefigmaShape.so
7e76f000e000-7e76f000f000 rw-p 00009000 103:02 9445071                   /home/sergey/defold_projects/Defigma_Defold/build/plugins/defigma/plugins/lib/x86_64-linux/libDefigmaShape.so
7e76f000f000-7e76f0029000 r--p 00000000 103:02 22554494                  /tmp/+JXF8936770561493708957.tmp
7e76f0029000-7e76f0071000 r--p 00000000 103:02 22554493                  /tmp/+JXF16368903471677900640.tmp
7e76f0071000-7e76f00b9000 r--p 00000000 103:02 22554491                  /tmp/+JXF2912592187438058734.tmp
7e76f00b9000-7e76f01b9000 rw-s 00000000 00:07 1194                       /dev/nvidiactl
7e76f01b9000-7e76f01f9000 rw-s 00000000 00:07 1194                       /dev/nvidiactl
7e76f01f9000-7e76f0219000 rw-s 00000000 00:07 1194                       /dev/nvidiactl
7e76f0219000-7e76f0259000 rw-s 00000000 00:07 1194                       /dev/nvidiactl
7e76f0259000-7e76f0279000 rw-s 00000000 00:07 1194                       /dev/nvidiactl
7e76f0279000-7e76f02b9000 rw-s 00000000 00:07 1194                       /dev/nvidiactl
7e76f02b9000-7e76f02bd000 ---p 00000000 00:00 0 
7e76f02bd000-7e76f03b9000 rw-p 00000000 00:00 0 
7e76f03b9000-7e76f03ba000 ---p 00000000 00:00 0 
7e76f03ba000-7e76f0bba000 rw-p 00000000 00:00 0 
7e76f0bba000-7e76f0bc0000 r--p 00000000 103:02 1588733                   /usr/lib/x86_64-linux-gnu/libmp3lame.so.0.0.0
7e76f0bc0000-7e76f0bf1000 r-xp 00006000 103:02 1588733                   /usr/lib/x86_64-linux-gnu/libmp3lame.so.0.0.0
7e76f0bf1000-7e76f0c01000 r--p 00037000 103:02 1588733                   /usr/lib/x86_64-linux-gnu/libmp3lame.so.0.0.0
7e76f0c01000-7e76f0c02000 r--p 00047000 103:02 1588733                   /usr/lib/x86_64-linux-gnu/libmp3lame.so.0.0.0
7e76f0c02000-7e76f0c03000 rw-p 00048000 103:02 1588733                   /usr/lib/x86_64-linux-gnu/libmp3lame.so.0.0.0
7e76f0c03000-7e76f0c30000 rw-p 00000000 00:00 0 
7e76f0c30000-7e76f0c35000 r--p 00000000 103:02 1588736                   /usr/lib/x86_64-linux-gnu/libmpg123.so.0.48.2
7e76f0c35000-7e76f0c70000 r-xp 00005000 103:02 1588736                   /usr/lib/x86_64-linux-gnu/libmpg123.so.0.48.2
7e76f0c70000-7e76f0c8a000 r--p 00040000 103:02 1588736                   /usr/lib/x86_64-linux-gnu/libmpg123.so.0.48.2
7e76f0c8a000-7e76f0c8b000 r--p 0005a000 103:02 1588736                   /usr/lib/x86_64-linux-gnu/libmpg123.so.0.48.2
7e76f0c8b000-7e76f0c8c000 rw-p 0005b000 103:02 1588736                   /usr/lib/x86_64-linux-gnu/libmpg123.so.0.48.2
7e76f0c8c000-7e76f0c8f000 r--p 00000000 103:02 1588806                   /usr/lib/x86_64-linux-gnu/libopus.so.0.9.0
7e76f0c8f000-7e76f0cd9000 r-xp 00003000 103:02 1588806                   /usr/lib/x86_64-linux-gnu/libopus.so.0.9.0
7e76f0cd9000-7e76f0ce9000 r--p 0004d000 103:02 1588806                   /usr/lib/x86_64-linux-gnu/libopus.so.0.9.0
7e76f0ce9000-7e76f0cea000 r--p 0005d000 103:02 1588806                   /usr/lib/x86_64-linux-gnu/libopus.so.0.9.0
7e76f0cea000-7e76f0ceb000 rw-p 0005e000 103:02 1588806                   /usr/lib/x86_64-linux-gnu/libopus.so.0.9.0
7e76f0ceb000-7e76f0cff000 r--p 00000000 103:02 1589022                   /usr/lib/x86_64-linux-gnu/libvorbisenc.so.2.0.12
7e76f0cff000-7e76f0d02000 r-xp 00014000 103:02 1589022                   /usr/lib/x86_64-linux-gnu/libvorbisenc.so.2.0.12
7e76f0d02000-7e76f0d79000 r--p 00017000 103:02 1589022                   /usr/lib/x86_64-linux-gnu/libvorbisenc.so.2.0.12
7e76f0d79000-7e76f0d95000 r--p 0008d000 103:02 1589022                   /usr/lib/x86_64-linux-gnu/libvorbisenc.so.2.0.12
7e76f0d95000-7e76f0d96000 rw-p 000a9000 103:02 1589022                   /usr/lib/x86_64-linux-gnu/libvorbisenc.so.2.0.12
7e76f0d96000-7e76f0d9e000 r--p 00000000 103:02 1588185                   /usr/lib/x86_64-linux-gnu/libFLAC.so.12.1.0
7e76f0d9e000-7e76f0df0000 r-xp 00008000 103:02 1588185                   /usr/lib/x86_64-linux-gnu/libFLAC.so.12.1.0
7e76f0df0000-7e76f0df8000 r--p 0005a000 103:02 1588185                   /usr/lib/x86_64-linux-gnu/libFLAC.so.12.1.0
7e76f0df8000-7e76f0df9000 r--p 00062000 103:02 1588185                   /usr/lib/x86_64-linux-gnu/libFLAC.so.12.1.0
7e76f0df9000-7e76f0dfa000 rw-p 00063000 103:02 1588185                   /usr/lib/x86_64-linux-gnu/libFLAC.so.12.1.0
7e76f0dfa000-7e76f0e02000 r--p 00000000 103:02 1588934                   /usr/lib/x86_64-linux-gnu/libsndfile.so.1.0.37
7e76f0e02000-7e76f0e63000 r-xp 00008000 103:02 1588934                   /usr/lib/x86_64-linux-gnu/libsndfile.so.1.0.37
7e76f0e63000-7e76f0e7c000 r--p 00069000 103:02 1588934                   /usr/lib/x86_64-linux-gnu/libsndfile.so.1.0.37
7e76f0e7c000-7e76f0e7f000 r--p 00081000 103:02 1588934                   /usr/lib/x86_64-linux-gnu/libsndfile.so.1.0.37
7e76f0e7f000-7e76f0e80000 rw-p 00084000 103:02 1588934                   /usr/lib/x86_64-linux-gnu/libsndfile.so.1.0.37
7e76f0e80000-7e76f0e82000 rw-p 00000000 00:00 0 
7e76f0e82000-7e76f0e94000 r--p 00000000 103:02 1592245                   /usr/lib/x86_64-linux-gnu/pulseaudio/libpulsecommon-16.1.so
7e76f0e94000-7e76f0ede000 r-xp 00012000 103:02 1592245                   /usr/lib/x86_64-linux-gnu/pulseaudio/libpulsecommon-16.1.so
7e76f0ede000-7e76f0efd000 r--p 0005c000 103:02 1592245                   /usr/lib/x86_64-linux-gnu/pulseaudio/libpulsecommon-16.1.so
7e76f0efd000-7e76f0eff000 r--p 0007a000 103:02 1592245                   /usr/lib/x86_64-linux-gnu/pulseaudio/libpulsecommon-16.1.so
7e76f0eff000-7e76f0f00000 rw-p 0007c000 103:02 1592245                   /usr/lib/x86_64-linux-gnu/pulseaudio/libpulsecommon-16.1.so
7e76f0f00000-7e76f0f04000 ---p 00000000 00:00 0 
7e76f0f04000-7e76f1000000 rw-p 00000000 00:00 0 
7e76f1000000-7e76f1004000 ---p 00000000 00:00 0 
7e76f1004000-7e76f1100000 rw-p 00000000 00:00 0 
7e76f1100000-7e76f1300000 rw-s 00000000 00:07 1194                       /dev/nvidiactl
7e76f1300000-7e76f1400000 rw-s 00000000 00:07 1194                       /dev/nvidiactl
7e76f1400000-7e76f1404000 ---p 00000000 00:00 0 
7e76f1404000-7e76f1500000 rw-p 00000000 00:00 0 
7e76f1500000-7e76f1504000 ---p 00000000 00:00 0 
7e76f1504000-7e76f1600000 rw-p 00000000 00:00 0 
7e76f1600000-7e76f161e000 r-xp 00000000 103:02 10488175                  /home/sergey/.cache/JNA/temp/jna10707895363826430464.tmp (deleted)
7e76f161e000-7e76f181d000 ---p 0001e000 103:02 10488175                  /home/sergey/.cache/JNA/temp/jna10707895363826430464.tmp (deleted)
7e76f181d000-7e76f181e000 rw-p 0001d000 103:02 10488175                  /home/sergey/.cache/JNA/temp/jna10707895363826430464.tmp (deleted)
7e76f181e000-7e76f181f000 rw-p 00000000 00:00 0 
7e76f1828000-7e76f183b000 rw-s 00000000 00:07 1194                       /dev/nvidiactl
7e76f185b000-7e76f1867000 r--p 00000000 103:02 1588873                   /usr/lib/x86_64-linux-gnu/libpulse.so.0.24.2
7e76f1867000-7e76f1898000 r-xp 0000c000 103:02 1588873                   /usr/lib/x86_64-linux-gnu/libpulse.so.0.24.2
7e76f1898000-7e76f18a9000 r--p 0003d000 103:02 1588873                   /usr/lib/x86_64-linux-gnu/libpulse.so.0.24.2
7e76f18a9000-7e76f18ab000 r--p 0004d000 103:02 1588873                   /usr/lib/x86_64-linux-gnu/libpulse.so.0.24.2
7e76f18ab000-7e76f18ac000 rw-p 0004f000 103:02 1588873                   /usr/lib/x86_64-linux-gnu/libpulse.so.0.24.2
7e76f18ac000-7e76f1900000 r--p 00000000 103:02 22554479                  /tmp/+JXF1682642377235669831.tmp
7e76f1900000-7e76f1904000 ---p 00000000 00:00 0 
7e76f1904000-7e76f1a00000 rw-p 00000000 00:00 0 
7e76f1a00000-7e76f1a04000 ---p 00000000 00:00 0 
7e76f1a04000-7e76f1b00000 rw-p 00000000 00:00 0 
7e76f1b00000-7e76f1b04000 ---p 00000000 00:00 0 
7e76f1b04000-7e76f1c00000 rw-p 00000000 00:00 0 
7e76f1e00000-7e76f1e04000 ---p 00000000 00:00 0 
7e76f1e04000-7e76f1f00000 rw-p 00000000 00:00 0 
7e76f2000000-7e76f2004000 ---p 00000000 00:00 0 
7e76f2004000-7e76f2100000 rw-p 00000000 00:00 0 
7e76f2100000-7e76f2104000 ---p 00000000 00:00 0 
7e76f2104000-7e76f2200000 rw-p 00000000 00:00 0 
7e76f2200000-7e76f2204000 ---p 00000000 00:00 0 
7e76f2204000-7e76f2300000 rw-p 00000000 00:00 0 
7e76f2300000-7e76f2304000 ---p 00000000 00:00 0 
7e76f2304000-7e76f2400000 rw-p 00000000 00:00 0 
7e76f2500000-7e76f2504000 ---p 00000000 00:00 0 
7e76f2504000-7e76f2600000 rw-p 00000000 00:00 0 
7e76f2600000-7e76f2604000 ---p 00000000 00:00 0 
7e76f2604000-7e76f2700000 rw-p 00000000 00:00 0 
7e76f2700000-7e76f2704000 ---p 00000000 00:00 0 
7e76f2704000-7e76f2800000 rw-p 00000000 00:00 0 
7e76f2800000-7e76faa08000 r-xp 00000000 103:02 1586325                   /usr/lib/x86_64-linux-gnu/libLLVM.so.20.1
7e76faa08000-7e76faa09000 ---p 08208000 103:02 1586325                   /usr/lib/x86_64-linux-gnu/libLLVM.so.20.1
7e76faa09000-7e76fb09e000 r--p 08208000 103:02 1586325                   /usr/lib/x86_64-linux-gnu/libLLVM.so.20.1
7e76fb09e000-7e76fb0e6000 rw-p 0889d000 103:02 1586325                   /usr/lib/x86_64-linux-gnu/libLLVM.so.20.1
7e76fb0e6000-7e76fb18e000 rw-p 00000000 00:00 0 
7e76fb196000-7e76fb19a000 ---p 00000000 00:00 0 
7e76fb19a000-7e76fb1b8000 rw-p 00000000 00:00 0 
7e76fb1b8000-7e76fb200000 r--p 00000000 103:02 22554478                  /tmp/+JXF59157895899263675.tmp
7e76fb200000-7e76fb2cf000 r--p 00000000 103:02 1588137                   /usr/lib/x86_64-linux-gnu/libgallium-25.2.8-0ubuntu0.24.04.2.so
7e76fb2cf000-7e76fcae2000 r-xp 000cf000 103:02 1588137                   /usr/lib/x86_64-linux-gnu/libgallium-25.2.8-0ubuntu0.24.04.2.so
7e76fcae2000-7e76fda21000 r--p 018e2000 103:02 1588137                   /usr/lib/x86_64-linux-gnu/libgallium-25.2.8-0ubuntu0.24.04.2.so
7e76fda21000-7e76fdb47000 r--p 02821000 103:02 1588137                   /usr/lib/x86_64-linux-gnu/libgallium-25.2.8-0ubuntu0.24.04.2.so
7e76fdb47000-7e76fdb69000 rw-p 02947000 103:02 1588137                   /usr/lib/x86_64-linux-gnu/libgallium-25.2.8-0ubuntu0.24.04.2.so
7e76fdb69000-7e76fdd33000 rw-p 00000000 00:00 0 
7e76fdd3a000-7e76fdd82000 r--p 00000000 103:02 22554475                  /tmp/+JXF820808600679819220.tmp
7e76fdd82000-7e76fddca000 r--p 00000000 103:02 22554474                  /tmp/+JXF6832605993551059325.tmp
7e76fddca000-7e76fde00000 r--p 00000000 103:02 22554473                  /tmp/+JXF5243334782867362469.tmp
7e76fde00000-7e76fe042000 r--p 00000000 103:02 1589054                   /usr/lib/x86_64-linux-gnu/libnvidia-eglcore.so.580.173.02
7e76fe042000-7e76fed06000 r-xp 00242000 103:02 1589054                   /usr/lib/x86_64-linux-gnu/libnvidia-eglcore.so.580.173.02
7e76fed06000-7e76ffda8000 r--p 00f06000 103:02 1589054                   /usr/lib/x86_64-linux-gnu/libnvidia-eglcore.so.580.173.02
7e76ffda8000-7e76ffda9000 ---p 01fa8000 103:02 1589054                   /usr/lib/x86_64-linux-gnu/libnvidia-eglcore.so.580.173.02
7e76ffda9000-7e76fff21000 r--p 01fa8000 103:02 1589054                   /usr/lib/x86_64-linux-gnu/libnvidia-eglcore.so.580.173.02
7e76fff21000-7e76fff75000 rw-p 02120000 103:02 1589054                   /usr/lib/x86_64-linux-gnu/libnvidia-eglcore.so.580.173.02
7e76fff75000-7e76fff8b000 rw-p 00000000 00:00 0 
7e76fff8b000-7e76fff8c000 r--p 00000000 103:02 1588787                   /usr/lib/x86_64-linux-gnu/libnss_mdns4_minimal.so.2
7e76fff8c000-7e76fff8e000 r-xp 00001000 103:02 1588787                   /usr/lib/x86_64-linux-gnu/libnss_mdns4_minimal.so.2
7e76fff8e000-7e76fff8f000 r--p 00003000 103:02 1588787                   /usr/lib/x86_64-linux-gnu/libnss_mdns4_minimal.so.2
7e76fff8f000-7e76fff90000 r--p 00003000 103:02 1588787                   /usr/lib/x86_64-linux-gnu/libnss_mdns4_minimal.so.2
7e76fff90000-7e76fff91000 rw-p 00004000 103:02 1588787                   /usr/lib/x86_64-linux-gnu/libnss_mdns4_minimal.so.2
7e76fff91000-7e76fff94000 r--p 00000000 103:02 1572895                   /usr/lib/x86_64-linux-gnu/libapparmor.so.1.17.2
7e76fff94000-7e76fff9e000 r-xp 00003000 103:02 1572895                   /usr/lib/x86_64-linux-gnu/libapparmor.so.1.17.2
7e76fff9e000-7e76fffa4000 r--p 0000d000 103:02 1572895                   /usr/lib/x86_64-linux-gnu/libapparmor.so.1.17.2
7e76fffa4000-7e76fffa5000 r--p 00013000 103:02 1572895                   /usr/lib/x86_64-linux-gnu/libapparmor.so.1.17.2
7e76fffa5000-7e76fffa6000 rw-p 00014000 103:02 1572895                   /usr/lib/x86_64-linux-gnu/libapparmor.so.1.17.2
7e76fffa6000-7e76fffc0000 r--p 00000000 103:02 22554477                  /tmp/+JXF214418678847031574.tmp
7e76fffc0000-7e7700000000 rw-s 00000000 00:07 1194                       /dev/nvidiactl
7e7700000000-7e7700050000 rw-p 00000000 00:00 0 
7e7700050000-7e7704000000 ---p 00000000 00:00 0 
7e7704000000-7e770470d000 rw-p 00000000 00:00 0 
7e770470d000-7e7708000000 ---p 00000000 00:00 0 
7e7708000000-7e7708021000 rw-p 00000000 00:00 0 
7e7708021000-7e770c000000 ---p 00000000 00:00 0 
7e770c000000-7e770cb92000 rw-p 00000000 00:00 0 
7e770cb92000-7e7710000000 ---p 00000000 00:00 0 
7e7710000000-7e77100e9000 rw-p 00000000 00:00 0 
7e77100e9000-7e7714000000 ---p 00000000 00:00 0 
7e7714000000-7e7714321000 rw-p 00000000 00:00 0 
7e7714321000-7e7718000000 ---p 00000000 00:00 0 
7e7718000000-7e77199ef000 rw-p 00000000 00:00 0 
7e77199ef000-7e771c000000 ---p 00000000 00:00 0 
7e771c000000-7e771e7be000 rw-p 00000000 00:00 0 
7e771e7be000-7e7720000000 ---p 00000000 00:00 0 
7e7720000000-7e77203ec000 rw-p 00000000 00:00 0 
7e77203ec000-7e7724000000 ---p 00000000 00:00 0 
7e7724000000-7e7725b30000 rw-p 00000000 00:00 0 
7e7725b30000-7e7728000000 ---p 00000000 00:00 0 
7e7728000000-7e7728021000 rw-p 00000000 00:00 0 
7e7728021000-7e772c000000 ---p 00000000 00:00 0 
7e772c000000-7e772c06a000 rw-p 00000000 00:00 0 
7e772c06a000-7e7730000000 ---p 00000000 00:00 0 
7e7730000000-7e77317a5000 rw-p 00000000 00:00 0 
7e77317a5000-7e7734000000 ---p 00000000 00:00 0 
7e7734000000-7e773404c000 rw-p 00000000 00:00 0 
7e773404c000-7e7738000000 ---p 00000000 00:00 0 
7e7738000000-7e773802f000 rw-p 00000000 00:00 0 
7e773802f000-7e773c000000 ---p 00000000 00:00 0 
7e773c000000-7e773c0ba000 rw-p 00000000 00:00 0 
7e773c0ba000-7e7740000000 ---p 00000000 00:00 0 
7e7740000000-7e7741e66000 rw-p 00000000 00:00 0 
7e7741e66000-7e7744000000 ---p 00000000 00:00 0 
7e7744000000-7e7744002000 r--p 00000000 103:02 1588315                   /usr/lib/x86_64-linux-gnu/libasyncns.so.0.3.1
7e7744002000-7e7744005000 r-xp 00002000 103:02 1588315                   /usr/lib/x86_64-linux-gnu/libasyncns.so.0.3.1
7e7744005000-7e7744006000 r--p 00005000 103:02 1588315                   /usr/lib/x86_64-linux-gnu/libasyncns.so.0.3.1
7e7744006000-7e7744007000 r--p 00005000 103:02 1588315                   /usr/lib/x86_64-linux-gnu/libasyncns.so.0.3.1
7e7744007000-7e7744008000 rw-p 00006000 103:02 1588315                   /usr/lib/x86_64-linux-gnu/libasyncns.so.0.3.1
7e7744008000-7e7744028000 rw-s 00000000 00:07 1194                       /dev/nvidiactl
7e7744028000-7e7744068000 rw-s 00000000 00:07 1194                       /dev/nvidiactl
7e7744068000-7e7744088000 rw-s 00000000 00:07 1194                       /dev/nvidiactl
7e7744088000-7e77440c8000 rw-s 00000000 00:07 1194                       /dev/nvidiactl
7e77441c8000-7e77441cc000 ---p 00000000 00:00 0 
7e77441cc000-7e77442c8000 rw-p 00000000 00:00 0 
7e77442c8000-7e77442cc000 ---p 00000000 00:00 0 
7e77442cc000-7e77443c8000 rw-p 00000000 00:00 0 
7e77443c8000-7e77443cc000 ---p 00000000 00:00 0 
7e77443cc000-7e77444c8000 rw-p 00000000 00:00 0 
7e77444c8000-7e77444cc000 ---p 00000000 00:00 0 
7e77444cc000-7e77445c8000 rw-p 00000000 00:00 0 
7e77447c8000-7e77447cc000 ---p 00000000 00:00 0 
7e77447cc000-7e77448c8000 rw-p 00000000 00:00 0 
7e77448c8000-7e77448cc000 ---p 00000000 00:00 0 
7e77448cc000-7e77449c8000 rw-p 00000000 00:00 0 
7e77449c8000-7e77449cc000 ---p 00000000 00:00 0 
7e77449cc000-7e7744ac8000 rw-p 00000000 00:00 0 
7e7744ac8000-7e7744acc000 ---p 00000000 00:00 0 
7e7744acc000-7e7744bc8000 rw-p 00000000 00:00 0 
7e7744cc8000-7e7744ccc000 ---p 00000000 00:00 0 
7e7744ccc000-7e7744dc8000 rw-p 00000000 00:00 0 
7e7744dc8000-7e7744dcc000 ---p 00000000 00:00 0 
7e7744dcc000-7e7744ec8000 rw-p 00000000 00:00 0 
7e7744ec8000-7e7744ecc000 ---p 00000000 00:00 0 
7e7744ecc000-7e7744fc8000 rw-p 00000000 00:00 0 
7e7744fc8000-7e7744fcc000 ---p 00000000 00:00 0 
7e7744fcc000-7e77450c8000 rw-p 00000000 00:00 0 
7e77450c8000-7e77450cc000 ---p 00000000 00:00 0 
7e77450cc000-7e77451c8000 rw-p 00000000 00:00 0 
7e77451c8000-7e77455c8000 rw-s 00000000 00:07 1194                       /dev/nvidiactl
7e77455c8000-7e77455cc000 ---p 00000000 00:00 0 
7e77455cc000-7e77456c8000 rw-p 00000000 00:00 0 
7e77456c8000-7e77457c8000 rw-s 00000000 00:07 1194                       /dev/nvidiactl
7e77457c8000-7e77457db000 rw-s 00000000 00:07 1194                       /dev/nvidiactl
7e77457db000-7e774581b000 rw-s 00000000 00:07 1194                       /dev/nvidiactl
7e774581b000-7e774583b000 rw-s 00000000 00:07 1194                       /dev/nvidiactl
7e774583b000-7e774587b000 rw-s 00000000 00:07 1194                       /dev/nvidiactl
7e774587b000-7e774589b000 rw-s 00000000 00:07 1194                       /dev/nvidiactl
7e774589b000-7e77458db000 rw-s 00000000 00:07 1194                       /dev/nvidiactl
7e77458dd000-7e77458e1000 rw-s 00000000 00:07 1194                       /dev/nvidiactl
7e77458e1000-7e77458fb000 r--p 00000000 103:02 22554476                  /tmp/+JXF653052759602970428.tmp
7e77458fb000-7e7745b40000 rw-s 00000000 00:01 11267                      /memfd:/.nvidia_drv.XXXXXX (deleted)
7e7745b40000-7e7745b44000 ---p 00000000 00:00 0 
7e7745b44000-7e7745c40000 rw-p 00000000 00:00 0 
7e7745c40000-7e7745c4e000 r--p 00000000 103:02 1590781                   /usr/lib/x86_64-linux-gnu/libtinfo.so.6.4
7e7745c4e000-7e7745c61000 r-xp 0000e000 103:02 1590781                   /usr/lib/x86_64-linux-gnu/libtinfo.so.6.4
7e7745c61000-7e7745c6f000 r--p 00021000 103:02 1590781                   /usr/lib/x86_64-linux-gnu/libtinfo.so.6.4
7e7745c6f000-7e7745c73000 r--p 0002e000 103:02 1590781                   /usr/lib/x86_64-linux-gnu/libtinfo.so.6.4
7e7745c73000-7e7745c74000 rw-p 00032000 103:02 1590781                   /usr/lib/x86_64-linux-gnu/libtinfo.so.6.4
7e7745c74000-7e7745c76000 r--p 00000000 103:02 1588831                   /usr/lib/x86_64-linux-gnu/libpciaccess.so.0.11.1
7e7745c76000-7e7745c7b000 r-xp 00002000 103:02 1588831                   /usr/lib/x86_64-linux-gnu/libpciaccess.so.0.11.1
7e7745c7b000-7e7745c7d000 r--p 00007000 103:02 1588831                   /usr/lib/x86_64-linux-gnu/libpciaccess.so.0.11.1
7e7745c7d000-7e7745c7e000 r--p 00008000 103:02 1588831                   /usr/lib/x86_64-linux-gnu/libpciaccess.so.0.11.1
7e7745c7e000-7e7745c7f000 rw-p 00009000 103:02 1588831                   /usr/lib/x86_64-linux-gnu/libpciaccess.so.0.11.1
7e7745c7f000-7e7745c87000 r--p 00000000 103:02 1588456                   /usr/lib/x86_64-linux-gnu/libedit.so.2.0.72
7e7745c87000-7e7745ca6000 r-xp 00008000 103:02 1588456                   /usr/lib/x86_64-linux-gnu/libedit.so.2.0.72
7e7745ca6000-7e7745cb2000 r--p 00027000 103:02 1588456                   /usr/lib/x86_64-linux-gnu/libedit.so.2.0.72
7e7745cb2000-7e7745cb4000 r--p 00033000 103:02 1588456                   /usr/lib/x86_64-linux-gnu/libedit.so.2.0.72
7e7745cb4000-7e7745cb5000 rw-p 00035000 103:02 1588456                   /usr/lib/x86_64-linux-gnu/libedit.so.2.0.72
7e7745cb5000-7e7745cb9000 rw-p 00000000 00:00 0 
7e7745cb9000-7e7745cbc000 r--p 00000000 103:02 1585894                   /usr/lib/x86_64-linux-gnu/libdrm_intel.so.1.125.0
7e7745cbc000-7e7745cd2000 r-xp 00003000 103:02 1585894                   /usr/lib/x86_64-linux-gnu/libdrm_intel.so.1.125.0
7e7745cd2000-7e7745cdb000 r--p 00019000 103:02 1585894                   /usr/lib/x86_64-linux-gnu/libdrm_intel.so.1.125.0
7e7745cdb000-7e7745cdc000 r--p 00021000 103:02 1585894                   /usr/lib/x86_64-linux-gnu/libdrm_intel.so.1.125.0
7e7745cdc000-7e7745cdd000 rw-p 00022000 103:02 1585894                   /usr/lib/x86_64-linux-gnu/libdrm_intel.so.1.125.0
7e7745cdd000-7e7745ce0000 r--p 00000000 103:02 1588463                   /usr/lib/x86_64-linux-gnu/libelf-0.190.so
7e7745ce0000-7e7745cf6000 r-xp 00003000 103:02 1588463                   /usr/lib/x86_64-linux-gnu/libelf-0.190.so
7e7745cf6000-7e7745cfa000 r--p 00019000 103:02 1588463                   /usr/lib/x86_64-linux-gnu/libelf-0.190.so
7e7745cfa000-7e7745cfb000 r--p 0001c000 103:02 1588463                   /usr/lib/x86_64-linux-gnu/libelf-0.190.so
7e7745cfb000-7e7745cfc000 rw-p 0001d000 103:02 1588463                   /usr/lib/x86_64-linux-gnu/libelf-0.190.so
7e7745cfc000-7e7745cff000 r--p 00000000 103:02 1585958                   /usr/lib/x86_64-linux-gnu/libdrm_amdgpu.so.1.125.0
7e7745cff000-7e7745d05000 r-xp 00003000 103:02 1585958                   /usr/lib/x86_64-linux-gnu/libdrm_amdgpu.so.1.125.0
7e7745d05000-7e7745d07000 r--p 00009000 103:02 1585958                   /usr/lib/x86_64-linux-gnu/libdrm_amdgpu.so.1.125.0
7e7745d07000-7e7745d08000 r--p 0000a000 103:02 1585958                   /usr/lib/x86_64-linux-gnu/libdrm_amdgpu.so.1.125.0
7e7745d08000-7e7745d09000 rw-p 0000b000 103:02 1585958                   /usr/lib/x86_64-linux-gnu/libdrm_amdgpu.so.1.125.0
7e7745d09000-7e7745d0b000 r--p 00000000 103:02 1588918                   /usr/lib/x86_64-linux-gnu/libsensors.so.5.0.0
7e7745d0b000-7e7745d12000 r-xp 00002000 103:02 1588918                   /usr/lib/x86_64-linux-gnu/libsensors.so.5.0.0
7e7745d12000-7e7745d16000 r--p 00009000 103:02 1588918                   /usr/lib/x86_64-linux-gnu/libsensors.so.5.0.0
7e7745d16000-7e7745d17000 r--p 0000d000 103:02 1588918                   /usr/lib/x86_64-linux-gnu/libsensors.so.5.0.0
7e7745d17000-7e7745d18000 rw-p 0000e000 103:02 1588918                   /usr/lib/x86_64-linux-gnu/libsensors.so.5.0.0
7e7745d18000-7e7745d27000 r--p 00000000 103:02 1588127                   /usr/lib/x86_64-linux-gnu/libEGL_mesa.so.0.0.0
7e7745d27000-7e7745d4f000 r-xp 0000f000 103:02 1588127                   /usr/lib/x86_64-linux-gnu/libEGL_mesa.so.0.0.0
7e7745d4f000-7e7745d60000 r--p 00037000 103:02 1588127                   /usr/lib/x86_64-linux-gnu/libEGL_mesa.so.0.0.0
7e7745d60000-7e7745d6c000 r--p 00047000 103:02 1588127                   /usr/lib/x86_64-linux-gnu/libEGL_mesa.so.0.0.0
7e7745d6c000-7e7745d6d000 rw-p 00053000 103:02 1588127                   /usr/lib/x86_64-linux-gnu/libEGL_mesa.so.0.0.0
7e7745d6d000-7e7745d70000 r--p 00000000 103:02 1588676                   /usr/lib/x86_64-linux-gnu/libnvidia-egl-xlib.so.1.0.5
7e7745d70000-7e7745d7a000 r-xp 00003000 103:02 1588676                   /usr/lib/x86_64-linux-gnu/libnvidia-egl-xlib.so.1.0.5
7e7745d7a000-7e7745d7e000 r--p 0000d000 103:02 1588676                   /usr/lib/x86_64-linux-gnu/libnvidia-egl-xlib.so.1.0.5
7e7745d7e000-7e7745d7f000 ---p 00011000 103:02 1588676                   /usr/lib/x86_64-linux-gnu/libnvidia-egl-xlib.so.1.0.5
7e7745d7f000-7e7745d80000 r--p 00011000 103:02 1588676                   /usr/lib/x86_64-linux-gnu/libnvidia-egl-xlib.so.1.0.5
7e7745d80000-7e7745d81000 rw-p 00012000 103:02 1588676                   /usr/lib/x86_64-linux-gnu/libnvidia-egl-xlib.so.1.0.5
7e7745d81000-7e7745d84000 r--p 00000000 103:02 1587145                   /usr/lib/x86_64-linux-gnu/libnvidia-egl-xcb.so.1.0.5
7e7745d84000-7e7745d8e000 r-xp 00003000 103:02 1587145                   /usr/lib/x86_64-linux-gnu/libnvidia-egl-xcb.so.1.0.5
7e7745d8e000-7e7745d92000 r--p 0000d000 103:02 1587145                   /usr/lib/x86_64-linux-gnu/libnvidia-egl-xcb.so.1.0.5
7e7745d92000-7e7745d93000 ---p 00011000 103:02 1587145                   /usr/lib/x86_64-linux-gnu/libnvidia-egl-xcb.so.1.0.5
7e7745d93000-7e7745d94000 r--p 00011000 103:02 1587145                   /usr/lib/x86_64-linux-gnu/libnvidia-egl-xcb.so.1.0.5
7e7745d94000-7e7745d95000 rw-p 00012000 103:02 1587145                   /usr/lib/x86_64-linux-gnu/libnvidia-egl-xcb.so.1.0.5
7e7745d95000-7e7745d9c000 r--p 00000000 103:02 1589039                   /usr/lib/x86_64-linux-gnu/libwayland-server.so.0.22.0
7e7745d9c000-7e7745da4000 r-xp 00007000 103:02 1589039                   /usr/lib/x86_64-linux-gnu/libwayland-server.so.0.22.0
7e7745da4000-7e7745da8000 r--p 0000f000 103:02 1589039                   /usr/lib/x86_64-linux-gnu/libwayland-server.so.0.22.0
7e7745da8000-7e7745daa000 r--p 00012000 103:02 1589039                   /usr/lib/x86_64-linux-gnu/libwayland-server.so.0.22.0
7e7745daa000-7e7745dab000 rw-p 00014000 103:02 1589039                   /usr/lib/x86_64-linux-gnu/libwayland-server.so.0.22.0
7e7745dab000-7e7745daf000 r--p 00000000 103:02 1586719                   /usr/lib/x86_64-linux-gnu/libnvidia-egl-wayland.so.1.1.13
7e7745daf000-7e7745db8000 r-xp 00004000 103:02 1586719                   /usr/lib/x86_64-linux-gnu/libnvidia-egl-wayland.so.1.1.13
7e7745db8000-7e7745dbb000 r--p 0000d000 103:02 1586719                   /usr/lib/x86_64-linux-gnu/libnvidia-egl-wayland.so.1.1.13
7e7745dbb000-7e7745dbc000 r--p 00010000 103:02 1586719                   /usr/lib/x86_64-linux-gnu/libnvidia-egl-wayland.so.1.1.13
7e7745dbc000-7e7745dbd000 rw-p 00011000 103:02 1586719                   /usr/lib/x86_64-linux-gnu/libnvidia-egl-wayland.so.1.1.13
7e7745dbd000-7e7745df1000 r--p 00000000 103:02 1580367                   /usr/lib/x86_64-linux-gnu/libEGL_nvidia.so.580.173.02
7e7745df1000-7e7745e88000 r-xp 00034000 103:02 1580367                   /usr/lib/x86_64-linux-gnu/libEGL_nvidia.so.580.173.02
7e7745e88000-7e7745edc000 r--p 000cb000 103:02 1580367                   /usr/lib/x86_64-linux-gnu/libEGL_nvidia.so.580.173.02
7e7745edc000-7e7745edd000 ---p 0011f000 103:02 1580367                   /usr/lib/x86_64-linux-gnu/libEGL_nvidia.so.580.173.02
7e7745edd000-7e7745ee5000 r--p 0011f000 103:02 1580367                   /usr/lib/x86_64-linux-gnu/libEGL_nvidia.so.580.173.02
7e7745ee5000-7e7745efb000 rw-p 00127000 103:02 1580367                   /usr/lib/x86_64-linux-gnu/libEGL_nvidia.so.580.173.02
7e7745efb000-7e7745f00000 rw-p 00000000 00:00 0 
7e7745f00000-7e7745f04000 ---p 00000000 00:00 0 
7e7745f04000-7e7746000000 rw-p 00000000 00:00 0 
7e7746000000-7e7746004000 ---p 00000000 00:00 0 
7e7746004000-7e7746100000 rw-p 00000000 00:00 0 
7e7746100000-7e7746104000 ---p 00000000 00:00 0 
7e7746104000-7e7746200000 rw-p 00000000 00:00 0 
7e7746200000-7e7746204000 ---p 00000000 00:00 0 
7e7746204000-7e7746300000 rw-p 00000000 00:00 0 
7e7746300000-7e7746304000 ---p 00000000 00:00 0 
7e7746304000-7e7746400000 rw-p 00000000 00:00 0 
7e7746400000-7e7746404000 ---p 00000000 00:00 0 
7e7746404000-7e7746500000 rw-p 00000000 00:00 0 
7e7746500000-7e7746504000 ---p 00000000 00:00 0 
7e7746504000-7e7746600000 rw-p 00000000 00:00 0 
7e7746600000-7e7746800000 rw-s 00000000 00:07 1194                       /dev/nvidiactl
7e7746800000-7e7746a00000 rw-s 00000000 00:07 1194                       /dev/nvidiactl
7e7746a00000-7e7746c00000 rw-s 00000000 00:07 1194                       /dev/nvidiactl
7e7746c00000-7e7747c00000 rw-s 00000000 00:01 655416                     /SYSV00000000 (deleted)
7e7747c00000-7e7747e00000 rw-s 00000000 00:07 1194                       /dev/nvidiactl
7e7747e00000-7e7748000000 rw-s 00000000 00:07 1194                       /dev/nvidiactl
7e7748000000-7e7748021000 rw-p 00000000 00:00 0 
7e7748021000-7e774c000000 ---p 00000000 00:00 0 
7e774c000000-7e774dc45000 rw-p 00000000 00:00 0 
7e774dc45000-7e7750000000 ---p 00000000 00:00 0 
7e7750000000-7e77526a1000 rw-p 00000000 00:00 0 
7e77526a1000-7e7754000000 ---p 00000000 00:00 0 
7e7754000000-7e7754021000 rw-p 00000000 00:00 0 
7e7754021000-7e7758000000 ---p 00000000 00:00 0 
7e7758000000-7e7758021000 rw-p 00000000 00:00 0 
7e7758021000-7e775c000000 ---p 00000000 00:00 0 
7e775c000000-7e775c021000 rw-p 00000000 00:00 0 
7e775c021000-7e7760000000 ---p 00000000 00:00 0 
7e7760000000-7e7760036000 rw-p 00000000 00:00 0 
7e7760036000-7e7764000000 ---p 00000000 00:00 0 
7e7764000000-7e77643a1000 rw-p 00000000 00:00 0 
7e77643a1000-7e7768000000 ---p 00000000 00:00 0 
7e7768000000-7e776802d000 rw-p 00000000 00:00 0 
7e776802d000-7e776c000000 ---p 00000000 00:00 0 
7e776c000000-7e776c6c4000 rw-p 00000000 00:00 0 
7e776c6c4000-7e7770000000 ---p 00000000 00:00 0 
7e7770000000-7e777022c000 rw-p 00000000 00:00 0 
7e777022c000-7e7774000000 ---p 00000000 00:00 0 
7e7774000000-7e7774029000 rw-p 00000000 00:00 0 
7e7774029000-7e7778000000 ---p 00000000 00:00 0 
7e7778000000-7e777802a000 rw-p 00000000 00:00 0 
7e777802a000-7e777c000000 ---p 00000000 00:00 0 
7e777c000000-7e777c061000 rw-p 00000000 00:00 0 
7e777c061000-7e7780000000 ---p 00000000 00:00 0 
7e7780000000-7e7780021000 rw-p 00000000 00:00 0 
7e7780021000-7e7784000000 ---p 00000000 00:00 0 
7e7784000000-7e7784026000 rw-p 00000000 00:00 0 
7e7784026000-7e7788000000 ---p 00000000 00:00 0 
7e7788000000-7e77880b0000 rw-p 00000000 00:00 0 
7e77880b0000-7e778c000000 ---p 00000000 00:00 0 
7e778c000000-7e778c767000 rw-p 00000000 00:00 0 
7e778c767000-7e7790000000 ---p 00000000 00:00 0 
7e7790000000-7e77915d3000 rw-p 00000000 00:00 0 
7e77915d3000-7e7794000000 ---p 00000000 00:00 0 
7e7794000000-7e7797fff000 rw-p 00000000 00:00 0 
7e7797fff000-7e7798000000 ---p 00000000 00:00 0 
7e7798000000-7e7798021000 rw-p 00000000 00:00 0 
7e7798021000-7e779c000000 ---p 00000000 00:00 0 
7e779c001000-7e779c004000 r--p 00000000 103:02 1588181                   /usr/lib/x86_64-linux-gnu/libEGL.so.1.1.0
7e779c004000-7e779c00e000 r-xp 00003000 103:02 1588181                   /usr/lib/x86_64-linux-gnu/libEGL.so.1.1.0
7e779c00e000-7e779c011000 r--p 0000d000 103:02 1588181                   /usr/lib/x86_64-linux-gnu/libEGL.so.1.1.0
7e779c011000-7e779c012000 r--p 00010000 103:02 1588181                   /usr/lib/x86_64-linux-gnu/libEGL.so.1.1.0
7e779c012000-7e779c013000 rw-p 00011000 103:02 1588181                   /usr/lib/x86_64-linux-gnu/libEGL.so.1.1.0
7e779c014000-7e779c016000 r--p 00000000 103:02 1590476                   /usr/lib/x86_64-linux-gnu/libcanberra-0.30/libcanberra-pulse.so
7e779c016000-7e779c01a000 r-xp 00002000 103:02 1590476                   /usr/lib/x86_64-linux-gnu/libcanberra-0.30/libcanberra-pulse.so
7e779c01a000-7e779c01b000 r--p 00006000 103:02 1590476                   /usr/lib/x86_64-linux-gnu/libcanberra-0.30/libcanberra-pulse.so
7e779c01b000-7e779c01c000 r--p 00006000 103:02 1590476                   /usr/lib/x86_64-linux-gnu/libcanberra-0.30/libcanberra-pulse.so
7e779c01c000-7e779c01d000 rw-p 00007000 103:02 1590476                   /usr/lib/x86_64-linux-gnu/libcanberra-0.30/libcanberra-pulse.so
7e779c01d000-7e779c020000 rw-s 00000000 00:07 1194                       /dev/nvidiactl
7e779c020000-7e779c024000 rw-s 00000000 00:07 1194                       /dev/nvidiactl
7e779c024000-7e779c034000 rw-s 00000000 00:07 1195                       /dev/nvidia0
7e779c034000-7e779c076000 r--p 00000000 103:02 6975095                   /home/sergey/.local/state/Defold/unpack/574678c7d44be490d874fbed2d0ae6211feec4d9-x86_64/x86_64-linux/lib/libjogl_desktop.so
7e779c076000-7e779c0e1000 r-xp 00042000 103:02 6975095                   /home/sergey/.local/state/Defold/unpack/574678c7d44be490d874fbed2d0ae6211feec4d9-x86_64/x86_64-linux/lib/libjogl_desktop.so
7e779c0e1000-7e779c0fd000 r--p 000ad000 103:02 6975095                   /home/sergey/.local/state/Defold/unpack/574678c7d44be490d874fbed2d0ae6211feec4d9-x86_64/x86_64-linux/lib/libjogl_desktop.so
7e779c0fd000-7e779c0fe000 r--p 000c9000 103:02 6975095                   /home/sergey/.local/state/Defold/unpack/574678c7d44be490d874fbed2d0ae6211feec4d9-x86_64/x86_64-linux/lib/libjogl_desktop.so
7e779c0fe000-7e779c0ff000 rw-p 000ca000 103:02 6975095                   /home/sergey/.local/state/Defold/unpack/574678c7d44be490d874fbed2d0ae6211feec4d9-x86_64/x86_64-linux/lib/libjogl_desktop.so
7e779c0ff000-7e779c103000 ---p 00000000 00:00 0 
7e779c103000-7e779c1ff000 rw-p 00000000 00:00 0 
7e779c1ff000-7e779c3ff000 rw-s 00000000 00:07 1194                       /dev/nvidiactl
7e779c3ff000-7e779c7ff000 rw-s 00000000 00:07 1194                       /dev/nvidiactl
7e779c7ff000-7e779c9ff000 rw-s 00000000 00:07 1194                       /dev/nvidiactl
7e779c9ff000-7e779cbff000 rw-s 00000000 00:07 1194                       /dev/nvidiactl
7e779cbff000-7e779cc00000 ---p 00000000 00:00 0 
7e779cc00000-7e779d400000 rw-p 00000000 00:00 0 
7e779d400000-7e779d840000 r--s 00000000 103:02 40805                     /home/sergey/.cache/fontconfig/0bd3dc0958fa2205aaaa8ebb13e2872b-le64.cache-9
7e779d842000-7e779d845000 r--p 00000000 103:02 1589076                   /usr/lib/x86_64-linux-gnu/libxcb-sync.so.1.0.0
7e779d845000-7e779d848000 r-xp 00003000 103:02 1589076                   /usr/lib/x86_64-linux-gnu/libxcb-sync.so.1.0.0
7e779d848000-7e779d849000 r--p 00006000 103:02 1589076                   /usr/lib/x86_64-linux-gnu/libxcb-sync.so.1.0.0
7e779d849000-7e779d84a000 r--p 00007000 103:02 1589076                   /usr/lib/x86_64-linux-gnu/libxcb-sync.so.1.0.0
7e779d84a000-7e779d84b000 rw-p 00008000 103:02 1589076                   /usr/lib/x86_64-linux-gnu/libxcb-sync.so.1.0.0
7e779d84b000-7e779d853000 r--p 00000000 103:02 1588191                   /usr/lib/x86_64-linux-gnu/libGLESv2.so.2.1.0
7e779d853000-7e779d858000 r-xp 00008000 103:02 1588191                   /usr/lib/x86_64-linux-gnu/libGLESv2.so.2.1.0
7e779d858000-7e779d85a000 r--p 0000d000 103:02 1588191                   /usr/lib/x86_64-linux-gnu/libGLESv2.so.2.1.0
7e779d85a000-7e779d85c000 r--p 0000f000 103:02 1588191                   /usr/lib/x86_64-linux-gnu/libGLESv2.so.2.1.0
7e779d85c000-7e779d85d000 rw-p 00011000 103:02 1588191                   /usr/lib/x86_64-linux-gnu/libGLESv2.so.2.1.0
7e779d85d000-7e779d862000 r--p 00000000 103:02 6975096                   /home/sergey/.local/state/Defold/unpack/574678c7d44be490d874fbed2d0ae6211feec4d9-x86_64/x86_64-linux/lib/libnewt_head.so
7e779d862000-7e779d86e000 r-xp 00005000 103:02 6975096                   /home/sergey/.local/state/Defold/unpack/574678c7d44be490d874fbed2d0ae6211feec4d9-x86_64/x86_64-linux/lib/libnewt_head.so
7e779d86e000-7e779d872000 r--p 00011000 103:02 6975096                   /home/sergey/.local/state/Defold/unpack/574678c7d44be490d874fbed2d0ae6211feec4d9-x86_64/x86_64-linux/lib/libnewt_head.so
7e779d872000-7e779d873000 r--p 00014000 103:02 6975096                   /home/sergey/.local/state/Defold/unpack/574678c7d44be490d874fbed2d0ae6211feec4d9-x86_64/x86_64-linux/lib/libnewt_head.so
7e779d873000-7e779d874000 rw-p 00015000 103:02 6975096                   /home/sergey/.local/state/Defold/unpack/574678c7d44be490d874fbed2d0ae6211feec4d9-x86_64/x86_64-linux/lib/libnewt_head.so
7e779d874000-7e779d886000 r--p 00000000 103:02 6975100                   /home/sergey/.local/state/Defold/unpack/574678c7d44be490d874fbed2d0ae6211feec4d9-x86_64/x86_64-linux/lib/libparticle_shared.so
7e779d886000-7e779d8a7000 r-xp 00011000 103:02 6975100                   /home/sergey/.local/state/Defold/unpack/574678c7d44be490d874fbed2d0ae6211feec4d9-x86_64/x86_64-linux/lib/libparticle_shared.so
7e779d8a7000-7e779d8a9000 r--p 00031000 103:02 6975100                   /home/sergey/.local/state/Defold/unpack/574678c7d44be490d874fbed2d0ae6211feec4d9-x86_64/x86_64-linux/lib/libparticle_shared.so
7e779d8a9000-7e779d8ad000 rw-p 00032000 103:02 6975100                   /home/sergey/.local/state/Defold/unpack/574678c7d44be490d874fbed2d0ae6211feec4d9-x86_64/x86_64-linux/lib/libparticle_shared.so
7e779d8ad000-7e779d8ae000 rw-p 00000000 00:00 0 
7e779d8ae000-7e779d8cf000 r--p 00000000 103:02 6975092                   /home/sergey/.local/state/Defold/unpack/574678c7d44be490d874fbed2d0ae6211feec4d9-x86_64/x86_64-linux/lib/libjogl_mobile.so
7e779d8cf000-7e779d90c000 r-xp 00021000 103:02 6975092                   /home/sergey/.local/state/Defold/unpack/574678c7d44be490d874fbed2d0ae6211feec4d9-x86_64/x86_64-linux/lib/libjogl_mobile.so
7e779d90c000-7e779d91d000 r--p 0005e000 103:02 6975092                   /home/sergey/.local/state/Defold/unpack/574678c7d44be490d874fbed2d0ae6211feec4d9-x86_64/x86_64-linux/lib/libjogl_mobile.so
7e779d91d000-7e779d91e000 r--p 0006e000 103:02 6975092                   /home/sergey/.local/state/Defold/unpack/574678c7d44be490d874fbed2d0ae6211feec4d9-x86_64/x86_64-linux/lib/libjogl_mobile.so
7e779d91e000-7e779d91f000 rw-p 0006f000 103:02 6975092                   /home/sergey/.local/state/Defold/unpack/574678c7d44be490d874fbed2d0ae6211feec4d9-x86_64/x86_64-linux/lib/libjogl_mobile.so
7e779d944000-7e779da05000 r--p 00000000 103:02 22554506                  /tmp/409186101019988121/x86_64-linux/libtexc_shared.so
7e779da05000-7e779db00000 r-xp 000c0000 103:02 22554506                  /tmp/409186101019988121/x86_64-linux/libtexc_shared.so
7e779db00000-7e779db01000 r--p 001ba000 103:02 22554506                  /tmp/409186101019988121/x86_64-linux/libtexc_shared.so
7e779db01000-7e779db03000 rw-p 001ba000 103:02 22554506                  /tmp/409186101019988121/x86_64-linux/libtexc_shared.so
7e779db03000-7e779db1f000 rw-p 00000000 00:00 0 
7e779dc1f000-7e779dc23000 ---p 00000000 00:00 0 
7e779dc23000-7e779dd1f000 rw-p 00000000 00:00 0 
7e779dd1f000-7e779dd9d000 r--p 00000000 103:02 1704743                   /usr/share/fonts/truetype/noto/NotoSans-Regular.ttf
7e779dd9d000-7e779ddf1000 r--p 00000000 103:02 22554470                  /tmp/+JXF3203009669508422740.tmp
7e779ddf1000-7e779de39000 r--p 00000000 103:02 22554469                  /tmp/+JXF13634843573660776162.tmp
7e779de39000-7e779de53000 r--p 00000000 103:02 22554468                  /tmp/+JXF5764470303565615807.tmp
7e779de53000-7e779de6d000 r--p 00000000 103:02 22554467                  /tmp/+JXF8293583977242777044.tmp
7e779de6d000-7e779deb5000 r--p 00000000 103:02 22553981                  /tmp/+JXF6355518336163762238.tmp
7e779deb5000-7e779df13000 r--s 00000000 103:02 42199                     /home/sergey/.cache/fontconfig/2300eef321c393bfd76478a5c0e95b23-le64.cache-9
7e779df14000-7e779df17000 r--p 00000000 103:02 1589078                   /usr/lib/x86_64-linux-gnu/libxcb-xfixes.so.0.0.0
7e779df17000-7e779df1a000 r-xp 00003000 103:02 1589078                   /usr/lib/x86_64-linux-gnu/libxcb-xfixes.so.0.0.0
7e779df1a000-7e779df1c000 r--p 00006000 103:02 1589078                   /usr/lib/x86_64-linux-gnu/libxcb-xfixes.so.0.0.0
7e779df1c000-7e779df1d000 r--p 00007000 103:02 1589078                   /usr/lib/x86_64-linux-gnu/libxcb-xfixes.so.0.0.0
7e779df1d000-7e779df1e000 rw-p 00008000 103:02 1589078                   /usr/lib/x86_64-linux-gnu/libxcb-xfixes.so.0.0.0
7e779df1e000-7e779df21000 r--p 00000000 103:02 6975094                   /home/sergey/.local/state/Defold/unpack/574678c7d44be490d874fbed2d0ae6211feec4d9-x86_64/x86_64-linux/lib/libnativewindow_x11.so
7e779df21000-7e779df25000 r-xp 00003000 103:02 6975094                   /home/sergey/.local/state/Defold/unpack/574678c7d44be490d874fbed2d0ae6211feec4d9-x86_64/x86_64-linux/lib/libnativewindow_x11.so
7e779df25000-7e779df27000 r--p 00007000 103:02 6975094                   /home/sergey/.local/state/Defold/unpack/574678c7d44be490d874fbed2d0ae6211feec4d9-x86_64/x86_64-linux/lib/libnativewindow_x11.so
7e779df27000-7e779df28000 r--p 00008000 103:02 6975094                   /home/sergey/.local/state/Defold/unpack/574678c7d44be490d874fbed2d0ae6211feec4d9-x86_64/x86_64-linux/lib/libnativewindow_x11.so
7e779df28000-7e779df29000 rw-p 00009000 103:02 6975094                   /home/sergey/.local/state/Defold/unpack/574678c7d44be490d874fbed2d0ae6211feec4d9-x86_64/x86_64-linux/lib/libnativewindow_x11.so
7e779df29000-7e779df71000 r--p 00000000 103:02 22553962                  /tmp/+JXF9049966561989680078.tmp
7e779df71000-7e779dfaf000 r--s 00000000 103:02 1756                      /home/sergey/.cache/fontconfig/365b55f210c0a22e9a19e35191240f32-le64.cache-9
7e779dfaf000-7e779dfb2000 rw-s 00000000 00:07 1194                       /dev/nvidiactl
7e779dfb2000-7e779dfb3000 r--p 00000000 103:02 1589092                   /usr/lib/x86_64-linux-gnu/libxshmfence.so.1.0.0
7e779dfb3000-7e779dfb4000 r-xp 00001000 103:02 1589092                   /usr/lib/x86_64-linux-gnu/libxshmfence.so.1.0.0
7e779dfb4000-7e779dfb5000 r--p 00002000 103:02 1589092                   /usr/lib/x86_64-linux-gnu/libxshmfence.so.1.0.0
7e779dfb5000-7e779dfb6000 r--p 00002000 103:02 1589092                   /usr/lib/x86_64-linux-gnu/libxshmfence.so.1.0.0
7e779dfb6000-7e779dfb7000 rw-p 00003000 103:02 1589092                   /usr/lib/x86_64-linux-gnu/libxshmfence.so.1.0.0
7e779dfb7000-7e779dfed000 r--p 00000000 103:02 22553961                  /tmp/+JXF563184166991272444.tmp
7e779dfed000-7e779e004000 r--s 00000000 103:02 42191                     /home/sergey/.cache/fontconfig/d52a8644073d54c13679302ca1180695-le64.cache-9
7e779e005000-7e779e006000 r--p 00000000 103:02 1586912                   /usr/lib/x86_64-linux-gnu/libnvidia-egl-gbm.so.1.1.3
7e779e006000-7e779e009000 r-xp 00001000 103:02 1586912                   /usr/lib/x86_64-linux-gnu/libnvidia-egl-gbm.so.1.1.3
7e779e009000-7e779e00a000 r--p 00004000 103:02 1586912                   /usr/lib/x86_64-linux-gnu/libnvidia-egl-gbm.so.1.1.3
7e779e00a000-7e779e00b000 ---p 00005000 103:02 1586912                   /usr/lib/x86_64-linux-gnu/libnvidia-egl-gbm.so.1.1.3
7e779e00b000-7e779e00c000 r--p 00005000 103:02 1586912                   /usr/lib/x86_64-linux-gnu/libnvidia-egl-gbm.so.1.1.3
7e779e00c000-7e779e00d000 rw-p 00006000 103:02 1586912                   /usr/lib/x86_64-linux-gnu/libnvidia-egl-gbm.so.1.1.3
7e779e00d000-7e779e01b000 r--s 00000000 103:02 42205                     /home/sergey/.cache/fontconfig/a4e60e8d1e10d2fdff3fe3037a1845fb-le64.cache-9
7e779e01b000-7e779e028000 r--s 00000000 103:02 40807                     /home/sergey/.cache/fontconfig/d589a48862398ed80a3d6066f4f56f4c-le64.cache-9
7e779e028000-7e779e050000 r--s 00000000 103:02 20158                     /home/sergey/.cache/fontconfig/9b89f8e3dae116d678bbf48e5f21f69b-le64.cache-9
7e779e051000-7e779e058000 r--s 00000000 103:02 1601917                   /usr/lib/x86_64-linux-gnu/gconv/gconv-modules.cache
7e779e058000-7e779e068000 r--s 00000000 103:02 42185                     /home/sergey/.cache/fontconfig/6cc790b63b123a6a96ee260fcdad32a9-le64.cache-9
7e779e068000-7e779e06a000 rw-s 00000000 00:07 1194                       /dev/nvidiactl
7e779e06a000-7e779e06c000 rw-s 00000000 00:07 1194                       /dev/nvidiactl
7e779e06c000-7e779e070000 r--p 00000000 103:02 6975098                   /home/sergey/.local/state/Defold/unpack/574678c7d44be490d874fbed2d0ae6211feec4d9-x86_64/x86_64-linux/lib/libnativewindow_drm.so
7e779e070000-7e779e074000 r-xp 00004000 103:02 6975098                   /home/sergey/.local/state/Defold/unpack/574678c7d44be490d874fbed2d0ae6211feec4d9-x86_64/x86_64-linux/lib/libnativewindow_drm.so
7e779e074000-7e779e076000 r--p 00008000 103:02 6975098                   /home/sergey/.local/state/Defold/unpack/574678c7d44be490d874fbed2d0ae6211feec4d9-x86_64/x86_64-linux/lib/libnativewindow_drm.so
7e779e076000-7e779e077000 r--p 00009000 103:02 6975098                   /home/sergey/.local/state/Defold/unpack/574678c7d44be490d874fbed2d0ae6211feec4d9-x86_64/x86_64-linux/lib/libnativewindow_drm.so
7e779e077000-7e779e078000 rw-p 0000a000 103:02 6975098                   /home/sergey/.local/state/Defold/unpack/574678c7d44be490d874fbed2d0ae6211feec4d9-x86_64/x86_64-linux/lib/libnativewindow_drm.so
7e779e078000-7e779e089000 r--s 00000000 103:02 20108                     /home/sergey/.cache/fontconfig/cadc3060d3cbe99d6aa4dd880095be12-le64.cache-9
7e779e0d5000-7e779e0d6000 r--p 00000000 103:02 12736369                  /home/sergey/defold_engines/1.13.1/packages/jdk-25+36/lib/libmlib_image.so
7e779e0d6000-7e779e157000 r-xp 00001000 103:02 12736369                  /home/sergey/defold_engines/1.13.1/packages/jdk-25+36/lib/libmlib_image.so
7e779e157000-7e779e165000 r--p 00082000 103:02 12736369                  /home/sergey/defold_engines/1.13.1/packages/jdk-25+36/lib/libmlib_image.so
7e779e165000-7e779e166000 r--p 00090000 103:02 12736369                  /home/sergey/defold_engines/1.13.1/packages/jdk-25+36/lib/libmlib_image.so
7e779e166000-7e779e167000 rw-p 00091000 103:02 12736369                  /home/sergey/defold_engines/1.13.1/packages/jdk-25+36/lib/libmlib_image.so
7e779e186000-7e779e189000 rw-s 00000000 00:07 1194                       /dev/nvidiactl
7e779e189000-7e779e18a000 ---p 00000000 00:00 0 
7e779e18a000-7e779e28a000 rw-p 00000000 00:00 0 
7e779e28a000-7e779e28b000 ---p 00000000 00:00 0 
7e779e28b000-7e779e38b000 rw-p 00000000 00:00 0 
7e779e38b000-7e779e38c000 ---p 00000000 00:00 0 
7e779e38c000-7e779e48c000 rw-p 00000000 00:00 0 
7e779e48c000-7e779e48d000 ---p 00000000 00:00 0 
7e779e48d000-7e779e58d000 rw-p 00000000 00:00 0 
7e779e58d000-7e779e58e000 ---p 00000000 00:00 0 
7e779e58e000-7e779e68e000 rw-p 00000000 00:00 0 
7e779e68e000-7e779e68f000 ---p 00000000 00:00 0 
7e779e68f000-7e779e78f000 rw-p 00000000 00:00 0 
7e779e78f000-7e779e790000 ---p 00000000 00:00 0 
7e779e790000-7e779e890000 rw-p 00000000 00:00 0 
7e779e890000-7e779e891000 ---p 00000000 00:00 0 
7e779e891000-7e779e991000 rw-p 00000000 00:00 0 
7e779e991000-7e779e992000 ---p 00000000 00:00 0 
7e779e992000-7e779ea92000 rw-p 00000000 00:00 0 
7e779ea92000-7e779ea93000 ---p 00000000 00:00 0 
7e779ea93000-7e779eb93000 rw-p 00000000 00:00 0 
7e779eb93000-7e779eb94000 ---p 00000000 00:00 0 
7e779eb94000-7e779ec94000 rw-p 00000000 00:00 0 
7e779ec94000-7e779ec98000 ---p 00000000 00:00 0 
7e779ec98000-7e779ed94000 rw-p 00000000 00:00 0 
7e779ed94000-7e779ed98000 ---p 00000000 00:00 0 
7e779ed98000-7e779ee94000 rw-p 00000000 00:00 0 
7e779ee94000-7e779ee9f000 r--p 00000000 103:02 12736367                  /home/sergey/defold_engines/1.13.1/packages/jdk-25+36/lib/libfreetype.so
7e779ee9f000-7e779ef16000 r-xp 0000b000 103:02 12736367                  /home/sergey/defold_engines/1.13.1/packages/jdk-25+36/lib/libfreetype.so
7e779ef16000-7e779ef38000 r--p 00082000 103:02 12736367                  /home/sergey/defold_engines/1.13.1/packages/jdk-25+36/lib/libfreetype.so
7e779ef38000-7e779ef3e000 r--p 000a4000 103:02 12736367                  /home/sergey/defold_engines/1.13.1/packages/jdk-25+36/lib/libfreetype.so
7e779ef3e000-7e779ef3f000 rw-p 000aa000 103:02 12736367                  /home/sergey/defold_engines/1.13.1/packages/jdk-25+36/lib/libfreetype.so
7e779ef3f000-7e779ef46000 r--p 00000000 103:02 12736384                  /home/sergey/defold_engines/1.13.1/packages/jdk-25+36/lib/libfontmanager.so
7e779ef46000-7e779f0c1000 r-xp 00007000 103:02 12736384                  /home/sergey/defold_engines/1.13.1/packages/jdk-25+36/lib/libfontmanager.so
7e779f0c1000-7e779f0fd000 r--p 00182000 103:02 12736384                  /home/sergey/defold_engines/1.13.1/packages/jdk-25+36/lib/libfontmanager.so
7e779f0fd000-7e779f0ff000 r--p 001bd000 103:02 12736384                  /home/sergey/defold_engines/1.13.1/packages/jdk-25+36/lib/libfontmanager.so
7e779f0ff000-7e779f100000 rw-p 001bf000 103:02 12736384                  /home/sergey/defold_engines/1.13.1/packages/jdk-25+36/lib/libfontmanager.so
7e779f100000-7e779f101000 rw-p 00000000 00:00 0 
7e779f101000-7e779f120000 r--p 00000000 103:02 12736396                  /home/sergey/defold_engines/1.13.1/packages/jdk-25+36/lib/libawt.so
7e779f120000-7e779f1be000 r-xp 0001f000 103:02 12736396                  /home/sergey/defold_engines/1.13.1/packages/jdk-25+36/lib/libawt.so
7e779f1be000-7e779f1cb000 r--p 000bd000 103:02 12736396                  /home/sergey/defold_engines/1.13.1/packages/jdk-25+36/lib/libawt.so
7e779f1cb000-7e779f1cc000 r--p 000c9000 103:02 12736396                  /home/sergey/defold_engines/1.13.1/packages/jdk-25+36/lib/libawt.so
7e779f1cc000-7e779f1d7000 rw-p 000ca000 103:02 12736396                  /home/sergey/defold_engines/1.13.1/packages/jdk-25+36/lib/libawt.so
7e779f1d7000-7e779f1fc000 rw-p 00000000 00:00 0 
7e779f1fc000-7e779f1fd000 ---p 00000000 00:00 0 
7e779f1fd000-7e779f9fd000 rw-p 00000000 00:00 0 
7e779f9fd000-7e779f9fe000 ---p 00000000 00:00 0 
7e779f9fe000-7e77a01fe000 rw-p 00000000 00:00 0 
7e77a01fe000-7e77a01ff000 ---p 00000000 00:00 0 
7e77a01ff000-7e77a09ff000 rw-p 00000000 00:00 0 
7e77a09ff000-7e77a0a00000 ---p 00000000 00:00 0 
7e77a0a00000-7e77a1200000 rw-p 00000000 00:00 0 
7e77a1200000-7e77a129d000 r--p 00000000 103:02 1588407                   /usr/lib/x86_64-linux-gnu/libstdc++.so.6.0.33
7e77a129d000-7e77a13e5000 r-xp 0009d000 103:02 1588407                   /usr/lib/x86_64-linux-gnu/libstdc++.so.6.0.33
7e77a13e5000-7e77a146c000 r--p 001e5000 103:02 1588407                   /usr/lib/x86_64-linux-gnu/libstdc++.so.6.0.33
7e77a146c000-7e77a1477000 r--p 0026b000 103:02 1588407                   /usr/lib/x86_64-linux-gnu/libstdc++.so.6.0.33
7e77a1477000-7e77a147a000 rw-p 00276000 103:02 1588407                   /usr/lib/x86_64-linux-gnu/libstdc++.so.6.0.33
7e77a147a000-7e77a147e000 rw-p 00000000 00:00 0 
7e77a147f000-7e77a1480000 r--p 00000000 103:02 1589069                   /usr/lib/x86_64-linux-gnu/libxcb-present.so.0.0.0
7e77a1480000-7e77a1481000 r-xp 00001000 103:02 1589069                   /usr/lib/x86_64-linux-gnu/libxcb-present.so.0.0.0
7e77a1481000-7e77a1482000 r--p 00002000 103:02 1589069                   /usr/lib/x86_64-linux-gnu/libxcb-present.so.0.0.0
7e77a1482000-7e77a1483000 r--p 00002000 103:02 1589069                   /usr/lib/x86_64-linux-gnu/libxcb-present.so.0.0.0
7e77a1483000-7e77a1484000 rw-p 00003000 103:02 1589069                   /usr/lib/x86_64-linux-gnu/libxcb-present.so.0.0.0
7e77a1484000-7e77a1495000 r--s 00000000 103:02 42154                     /home/sergey/.cache/fontconfig/e13b20fdb08344e0e664864cc2ede53d-le64.cache-9
7e77a1495000-7e77a149d000 r--s 00000000 103:02 42196                     /home/sergey/.cache/fontconfig/3047814df9a2f067bd2d96a2b9c36e5a-le64.cache-9
7e77a149d000-7e77a14a6000 r--s 00000000 103:02 42183                     /home/sergey/.cache/fontconfig/bb9ef35e7661cc55c3d6e0d2d8cc2051-le64.cache-9
7e77a14a6000-7e77a14af000 r--s 00000000 103:02 36358                     /home/sergey/.cache/fontconfig/b3f42a2cb91e47b5000011e18047e29a-le64.cache-9
7e77a14af000-7e77a14b8000 r--s 00000000 103:02 8133662                   /var/cache/fontconfig/bf3b770c553c462765856025a94f1ce6-le64.cache-9
7e77a14b8000-7e77a14db000 r-xp 00000000 103:02 12735782                  /home/sergey/.openjfx/cache/25+29/amd64/libjavafx_iio.so
7e77a14db000-7e77a14dc000 r--p 00022000 103:02 12735782                  /home/sergey/.openjfx/cache/25+29/amd64/libjavafx_iio.so
7e77a14dc000-7e77a14dd000 rw-p 00023000 103:02 12735782                  /home/sergey/.openjfx/cache/25+29/amd64/libjavafx_iio.so
7e77a14dd000-7e77a14ee000 r--p 00000000 103:02 12736390                  /home/sergey/defold_engines/1.13.1/packages/jdk-25+36/lib/libawt_xawt.so
7e77a14ee000-7e77a1530000 r-xp 00011000 103:02 12736390                  /home/sergey/defold_engines/1.13.1/packages/jdk-25+36/lib/libawt_xawt.so
7e77a1530000-7e77a1543000 r--p 00053000 103:02 12736390                  /home/sergey/defold_engines/1.13.1/packages/jdk-25+36/lib/libawt_xawt.so
7e77a1543000-7e77a1545000 r--p 00066000 103:02 12736390                  /home/sergey/defold_engines/1.13.1/packages/jdk-25+36/lib/libawt_xawt.so
7e77a1545000-7e77a1547000 rw-p 00068000 103:02 12736390                  /home/sergey/defold_engines/1.13.1/packages/jdk-25+36/lib/libawt_xawt.so
7e77a1547000-7e77a1549000 rw-p 00000000 00:00 0 
7e77a1549000-7e77a15c9000 rw-s 00000000 00:07 1195                       /dev/nvidia0
7e77a15c9000-7e77a1600000 r--p 00000000 103:02 1704162                   /usr/share/glib-2.0/schemas/gschemas.compiled
7e77a1600000-7e77a1601000 r--p 00000000 103:02 1588634                   /usr/lib/x86_64-linux-gnu/libicudata.so.74.2
7e77a1601000-7e77a1602000 r-xp 00001000 103:02 1588634                   /usr/lib/x86_64-linux-gnu/libicudata.so.74.2
7e77a1602000-7e77a335e000 r--p 00002000 103:02 1588634                   /usr/lib/x86_64-linux-gnu/libicudata.so.74.2
7e77a335e000-7e77a335f000 r--p 01d5d000 103:02 1588634                   /usr/lib/x86_64-linux-gnu/libicudata.so.74.2
7e77a335f000-7e77a3360000 rw-p 01d5e000 103:02 1588634                   /usr/lib/x86_64-linux-gnu/libicudata.so.74.2
7e77a3360000-7e77a3362000 r--p 00000000 103:02 6975093                   /home/sergey/.local/state/Defold/unpack/574678c7d44be490d874fbed2d0ae6211feec4d9-x86_64/x86_64-linux/lib/libnewt_drm.so
7e77a3362000-7e77a3365000 r-xp 00002000 103:02 6975093                   /home/sergey/.local/state/Defold/unpack/574678c7d44be490d874fbed2d0ae6211feec4d9-x86_64/x86_64-linux/lib/libnewt_drm.so
7e77a3365000-7e77a3366000 r--p 00005000 103:02 6975093                   /home/sergey/.local/state/Defold/unpack/574678c7d44be490d874fbed2d0ae6211feec4d9-x86_64/x86_64-linux/lib/libnewt_drm.so
7e77a3366000-7e77a3367000 r--p 00005000 103:02 6975093                   /home/sergey/.local/state/Defold/unpack/574678c7d44be490d874fbed2d0ae6211feec4d9-x86_64/x86_64-linux/lib/libnewt_drm.so
7e77a3367000-7e77a3368000 rw-p 00006000 103:02 6975093                   /home/sergey/.local/state/Defold/unpack/574678c7d44be490d874fbed2d0ae6211feec4d9-x86_64/x86_64-linux/lib/libnewt_drm.so
7e77a3368000-7e77a3370000 r--s 00000000 103:02 8127727                   /var/cache/fontconfig/3830d5c3ddfd5cd38a049b759396e72e-le64.cache-9
7e77a3370000-7e77a3372000 r--p 00000000 103:02 1588802                   /usr/lib/x86_64-linux-gnu/libogg.so.0.8.5
7e77a3372000-7e77a3375000 r-xp 00002000 103:02 1588802                   /usr/lib/x86_64-linux-gnu/libogg.so.0.8.5
7e77a3375000-7e77a3378000 r--p 00005000 103:02 1588802                   /usr/lib/x86_64-linux-gnu/libogg.so.0.8.5
7e77a3378000-7e77a3379000 r--p 00007000 103:02 1588802                   /usr/lib/x86_64-linux-gnu/libogg.so.0.8.5
7e77a3379000-7e77a337a000 rw-p 00008000 103:02 1588802                   /usr/lib/x86_64-linux-gnu/libogg.so.0.8.5
7e77a337a000-7e77a337d000 r--p 00000000 103:02 1589021                   /usr/lib/x86_64-linux-gnu/libvorbis.so.0.4.9
7e77a337d000-7e77a3395000 r-xp 00003000 103:02 1589021                   /usr/lib/x86_64-linux-gnu/libvorbis.so.0.4.9
7e77a3395000-7e77a33a6000 r--p 0001b000 103:02 1589021                   /usr/lib/x86_64-linux-gnu/libvorbis.so.0.4.9
7e77a33a6000-7e77a33a7000 r--p 0002b000 103:02 1589021                   /usr/lib/x86_64-linux-gnu/libvorbis.so.0.4.9
7e77a33a7000-7e77a33a8000 rw-p 0002c000 103:02 1589021                   /usr/lib/x86_64-linux-gnu/libvorbis.so.0.4.9
7e77a33a8000-7e77a33aa000 r--p 00000000 103:02 1588691                   /usr/lib/x86_64-linux-gnu/libltdl.so.7.3.2
7e77a33aa000-7e77a33af000 r-xp 00002000 103:02 1588691                   /usr/lib/x86_64-linux-gnu/libltdl.so.7.3.2
7e77a33af000-7e77a33b1000 r--p 00007000 103:02 1588691                   /usr/lib/x86_64-linux-gnu/libltdl.so.7.3.2
7e77a33b1000-7e77a33b2000 r--p 00008000 103:02 1588691                   /usr/lib/x86_64-linux-gnu/libltdl.so.7.3.2
7e77a33b2000-7e77a33b3000 rw-p 00009000 103:02 1588691                   /usr/lib/x86_64-linux-gnu/libltdl.so.7.3.2
7e77a33b3000-7e77a33b7000 r--p 00000000 103:02 1588967                   /usr/lib/x86_64-linux-gnu/libtdb.so.1.4.10
7e77a33b7000-7e77a33c5000 r-xp 00004000 103:02 1588967                   /usr/lib/x86_64-linux-gnu/libtdb.so.1.4.10
7e77a33c5000-7e77a33ca000 r--p 00012000 103:02 1588967                   /usr/lib/x86_64-linux-gnu/libtdb.so.1.4.10
7e77a33ca000-7e77a33cb000 r--p 00016000 103:02 1588967                   /usr/lib/x86_64-linux-gnu/libtdb.so.1.4.10
7e77a33cb000-7e77a33cc000 rw-p 00017000 103:02 1588967                   /usr/lib/x86_64-linux-gnu/libtdb.so.1.4.10
7e77a33cc000-7e77a33cf000 r--p 00000000 103:02 1588377                   /usr/lib/x86_64-linux-gnu/libcanberra.so.0.2.5
7e77a33cf000-7e77a33da000 r-xp 00003000 103:02 1588377                   /usr/lib/x86_64-linux-gnu/libcanberra.so.0.2.5
7e77a33da000-7e77a33dd000 r--p 0000e000 103:02 1588377                   /usr/lib/x86_64-linux-gnu/libcanberra.so.0.2.5
7e77a33dd000-7e77a33de000 r--p 00010000 103:02 1588377                   /usr/lib/x86_64-linux-gnu/libcanberra.so.0.2.5
7e77a33de000-7e77a33df000 rw-p 00011000 103:02 1588377                   /usr/lib/x86_64-linux-gnu/libcanberra.so.0.2.5
7e77a33df000-7e77a33e3000 r-xp 00000000 103:02 12735785                  /home/sergey/.openjfx/cache/25+29/amd64/libjavafx_font_pango.so
7e77a33e3000-7e77a33e4000 r--p 00003000 103:02 12735785                  /home/sergey/.openjfx/cache/25+29/amd64/libjavafx_font_pango.so
7e77a33e4000-7e77a33e5000 rw-p 00004000 103:02 12735785                  /home/sergey/.openjfx/cache/25+29/amd64/libjavafx_font_pango.so
7e77a33e5000-7e77a33ea000 r-xp 00000000 103:02 12735784                  /home/sergey/.openjfx/cache/25+29/amd64/libjavafx_font_freetype.so
7e77a33ea000-7e77a33eb000 r--p 00004000 103:02 12735784                  /home/sergey/.openjfx/cache/25+29/amd64/libjavafx_font_freetype.so
7e77a33eb000-7e77a33ec000 rw-p 00005000 103:02 12735784                  /home/sergey/.openjfx/cache/25+29/amd64/libjavafx_font_freetype.so
7e77a33ec000-7e77a33ef000 r-xp 00000000 103:02 12735783                  /home/sergey/.openjfx/cache/25+29/amd64/libjavafx_font.so
7e77a33ef000-7e77a33f0000 r--p 00002000 103:02 12735783                  /home/sergey/.openjfx/cache/25+29/amd64/libjavafx_font.so
7e77a33f0000-7e77a33f1000 rw-p 00003000 103:02 12735783                  /home/sergey/.openjfx/cache/25+29/amd64/libjavafx_font.so
7e77a33f1000-7e77a33f5000 r--p 00000000 103:02 1587694                   /usr/lib/x86_64-linux-gnu/gio/modules/libdconfsettings.so
7e77a33f5000-7e77a33fc000 r-xp 00004000 103:02 1587694                   /usr/lib/x86_64-linux-gnu/gio/modules/libdconfsettings.so
7e77a33fc000-7e77a33fe000 r--p 0000b000 103:02 1587694                   /usr/lib/x86_64-linux-gnu/gio/modules/libdconfsettings.so
7e77a33fe000-7e77a33ff000 r--p 0000d000 103:02 1587694                   /usr/lib/x86_64-linux-gnu/gio/modules/libdconfsettings.so
7e77a33ff000-7e77a3400000 rw-p 0000e000 103:02 1587694                   /usr/lib/x86_64-linux-gnu/gio/modules/libdconfsettings.so
7e77a3400000-7e77a3468000 r--p 00000000 103:02 1588639                   /usr/lib/x86_64-linux-gnu/libicuuc.so.74.2
7e77a3468000-7e77a356d000 r-xp 00068000 103:02 1588639                   /usr/lib/x86_64-linux-gnu/libicuuc.so.74.2
7e77a356d000-7e77a35f7000 r--p 0016d000 103:02 1588639                   /usr/lib/x86_64-linux-gnu/libicuuc.so.74.2
7e77a35f7000-7e77a360a000 r--p 001f7000 103:02 1588639                   /usr/lib/x86_64-linux-gnu/libicuuc.so.74.2
7e77a360a000-7e77a360b000 rw-p 0020a000 103:02 1588639                   /usr/lib/x86_64-linux-gnu/libicuuc.so.74.2
7e77a360b000-7e77a360d000 rw-p 00000000 00:00 0 
7e77a360d000-7e77a36c1000 r--p 00000000 103:02 1983769                   /usr/share/themes/Yaru/gtk-3.0/gtk.gresource
7e77a36c1000-7e77a36d3000 r--p 00000000 103:02 1574702                   /usr/lib/x86_64-linux-gnu/gvfs/libgvfscommon.so
7e77a36d3000-7e77a36ef000 r-xp 00012000 103:02 1574702                   /usr/lib/x86_64-linux-gnu/gvfs/libgvfscommon.so
7e77a36ef000-7e77a36fb000 r--p 0002e000 103:02 1574702                   /usr/lib/x86_64-linux-gnu/gvfs/libgvfscommon.so
7e77a36fb000-7e77a3701000 r--p 00039000 103:02 1574702                   /usr/lib/x86_64-linux-gnu/gvfs/libgvfscommon.so
7e77a3701000-7e77a3702000 rw-p 0003f000 103:02 1574702                   /usr/lib/x86_64-linux-gnu/gvfs/libgvfscommon.so
7e77a3702000-7e77a370c000 r--p 00000000 103:02 1574705                   /usr/lib/x86_64-linux-gnu/gio/modules/libgvfsdbus.so
7e77a370c000-7e77a372a000 r-xp 0000a000 103:02 1574705                   /usr/lib/x86_64-linux-gnu/gio/modules/libgvfsdbus.so
7e77a372a000-7e77a3732000 r--p 00028000 103:02 1574705                   /usr/lib/x86_64-linux-gnu/gio/modules/libgvfsdbus.so
7e77a3732000-7e77a3734000 r--p 00030000 103:02 1574705                   /usr/lib/x86_64-linux-gnu/gio/modules/libgvfsdbus.so
7e77a3734000-7e77a3735000 rw-p 00032000 103:02 1574705                   /usr/lib/x86_64-linux-gnu/gio/modules/libgvfsdbus.so
7e77a3735000-7e77a3739000 r--p 00000000 103:02 1581511                   /usr/lib/x86_64-linux-gnu/libgcc_s.so.1
7e77a3739000-7e77a375d000 r-xp 00004000 103:02 1581511                   /usr/lib/x86_64-linux-gnu/libgcc_s.so.1
7e77a375d000-7e77a3761000 r--p 00028000 103:02 1581511                   /usr/lib/x86_64-linux-gnu/libgcc_s.so.1
7e77a3761000-7e77a3762000 r--p 0002b000 103:02 1581511                   /usr/lib/x86_64-linux-gnu/libgcc_s.so.1
7e77a3762000-7e77a3763000 rw-p 0002c000 103:02 1581511                   /usr/lib/x86_64-linux-gnu/libgcc_s.so.1
7e77a3763000-7e77a3767000 r--p 00000000 103:02 1589085                   /usr/lib/x86_64-linux-gnu/libxkbfile.so.1.0.2
7e77a3767000-7e77a3782000 r-xp 00004000 103:02 1589085                   /usr/lib/x86_64-linux-gnu/libxkbfile.so.1.0.2
7e77a3782000-7e77a3788000 r--p 0001f000 103:02 1589085                   /usr/lib/x86_64-linux-gnu/libxkbfile.so.1.0.2
7e77a3788000-7e77a3789000 r--p 00025000 103:02 1589085                   /usr/lib/x86_64-linux-gnu/libxkbfile.so.1.0.2
7e77a3789000-7e77a378a000 rw-p 00026000 103:02 1589085                   /usr/lib/x86_64-linux-gnu/libxkbfile.so.1.0.2
7e77a378a000-7e77a37b9000 r--p 00000000 103:02 1580288                   /usr/lib/x86_64-linux-gnu/libxml2.so.2.9.14
7e77a37b9000-7e77a391f000 r-xp 0002f000 103:02 1580288                   /usr/lib/x86_64-linux-gnu/libxml2.so.2.9.14
7e77a391f000-7e77a3961000 r--p 00195000 103:02 1580288                   /usr/lib/x86_64-linux-gnu/libxml2.so.2.9.14
7e77a3961000-7e77a396a000 r--p 001d6000 103:02 1580288                   /usr/lib/x86_64-linux-gnu/libxml2.so.2.9.14
7e77a396a000-7e77a396b000 rw-p 001df000 103:02 1580288                   /usr/lib/x86_64-linux-gnu/libxml2.so.2.9.14
7e77a396b000-7e77a396c000 rw-p 00000000 00:00 0 
7e77a396c000-7e77a3972000 r--p 00000000 103:02 1589087                   /usr/lib/x86_64-linux-gnu/libxklavier.so.16.4.0
7e77a3972000-7e77a397f000 r-xp 00006000 103:02 1589087                   /usr/lib/x86_64-linux-gnu/libxklavier.so.16.4.0
7e77a397f000-7e77a3986000 r--p 00013000 103:02 1589087                   /usr/lib/x86_64-linux-gnu/libxklavier.so.16.4.0
7e77a3986000-7e77a3987000 r--p 00019000 103:02 1589087                   /usr/lib/x86_64-linux-gnu/libxklavier.so.16.4.0
7e77a3987000-7e77a3988000 rw-p 0001a000 103:02 1589087                   /usr/lib/x86_64-linux-gnu/libxklavier.so.16.4.0
7e77a3988000-7e77a398b000 r--p 00000000 103:02 1588553                   /usr/lib/x86_64-linux-gnu/libgnomekbd.so.8.0.0
7e77a398b000-7e77a398e000 r-xp 00003000 103:02 1588553                   /usr/lib/x86_64-linux-gnu/libgnomekbd.so.8.0.0
7e77a398e000-7e77a398f000 r--p 00006000 103:02 1588553                   /usr/lib/x86_64-linux-gnu/libgnomekbd.so.8.0.0
7e77a398f000-7e77a3990000 r--p 00007000 103:02 1588553                   /usr/lib/x86_64-linux-gnu/libgnomekbd.so.8.0.0
7e77a3990000-7e77a3991000 rw-p 00008000 103:02 1588553                   /usr/lib/x86_64-linux-gnu/libgnomekbd.so.8.0.0
7e77a3991000-7e77a39a2000 r--p 00000000 103:02 1609415                   /usr/lib/x86_64-linux-gnu/libxapp.so.2.8.2
7e77a39a2000-7e77a39c1000 r-xp 00011000 103:02 1609415                   /usr/lib/x86_64-linux-gnu/libxapp.so.2.8.2
7e77a39c1000-7e77a39cd000 r--p 00030000 103:02 1609415                   /usr/lib/x86_64-linux-gnu/libxapp.so.2.8.2
7e77a39cd000-7e77a39d0000 r--p 0003b000 103:02 1609415                   /usr/lib/x86_64-linux-gnu/libxapp.so.2.8.2
7e77a39d0000-7e77a39d1000 rw-p 0003e000 103:02 1609415                   /usr/lib/x86_64-linux-gnu/libxapp.so.2.8.2
7e77a39d1000-7e77a39d2000 rw-s 00000000 00:07 1195                       /dev/nvidia0
7e77a39d2000-7e77a39d9000 r--p 00000000 103:02 121355                    /home/sergey/.config/dconf/user (deleted)
7e77a39d9000-7e77a39db000 r--p 00000000 103:02 1589023                   /usr/lib/x86_64-linux-gnu/libvorbisfile.so.3.3.8
7e77a39db000-7e77a39e0000 r-xp 00002000 103:02 1589023                   /usr/lib/x86_64-linux-gnu/libvorbisfile.so.3.3.8
7e77a39e0000-7e77a39e1000 r--p 00007000 103:02 1589023                   /usr/lib/x86_64-linux-gnu/libvorbisfile.so.3.3.8
7e77a39e1000-7e77a39e2000 r--p 00007000 103:02 1589023                   /usr/lib/x86_64-linux-gnu/libvorbisfile.so.3.3.8
7e77a39e2000-7e77a39e3000 rw-p 00008000 103:02 1589023                   /usr/lib/x86_64-linux-gnu/libvorbisfile.so.3.3.8
7e77a39e3000-7e77a39e5000 r--p 00000000 103:02 1588376                   /usr/lib/x86_64-linux-gnu/libcanberra-gtk3.so.0.1.9
7e77a39e5000-7e77a39e7000 r-xp 00002000 103:02 1588376                   /usr/lib/x86_64-linux-gnu/libcanberra-gtk3.so.0.1.9
7e77a39e7000-7e77a39e8000 r--p 00004000 103:02 1588376                   /usr/lib/x86_64-linux-gnu/libcanberra-gtk3.so.0.1.9
7e77a39e8000-7e77a39e9000 r--p 00004000 103:02 1588376                   /usr/lib/x86_64-linux-gnu/libcanberra-gtk3.so.0.1.9
7e77a39e9000-7e77a39ea000 rw-p 00005000 103:02 1588376                   /usr/lib/x86_64-linux-gnu/libcanberra-gtk3.so.0.1.9
7e77a39ea000-7e77a39ec000 r--p 00000000 103:02 1590463                   /usr/lib/x86_64-linux-gnu/gtk-3.0/modules/libcanberra-gtk3-module.so
7e77a39ec000-7e77a39ef000 r-xp 00002000 103:02 1590463                   /usr/lib/x86_64-linux-gnu/gtk-3.0/modules/libcanberra-gtk3-module.so
7e77a39ef000-7e77a39f0000 r--p 00005000 103:02 1590463                   /usr/lib/x86_64-linux-gnu/gtk-3.0/modules/libcanberra-gtk3-module.so
7e77a39f0000-7e77a39f1000 r--p 00005000 103:02 1590463                   /usr/lib/x86_64-linux-gnu/gtk-3.0/modules/libcanberra-gtk3-module.so
7e77a39f1000-7e77a39f2000 rw-p 00006000 103:02 1590463                   /usr/lib/x86_64-linux-gnu/gtk-3.0/modules/libcanberra-gtk3-module.so
7e77a39f2000-7e77a39f4000 r--p 00000000 103:02 1588228                   /usr/lib/x86_64-linux-gnu/libXtst.so.6.1.0
7e77a39f4000-7e77a39f7000 r-xp 00002000 103:02 1588228                   /usr/lib/x86_64-linux-gnu/libXtst.so.6.1.0
7e77a39f7000-7e77a39f8000 r--p 00005000 103:02 1588228                   /usr/lib/x86_64-linux-gnu/libXtst.so.6.1.0
7e77a39f8000-7e77a39f9000 r--p 00005000 103:02 1588228                   /usr/lib/x86_64-linux-gnu/libXtst.so.6.1.0
7e77a39f9000-7e77a39fa000 rw-p 00006000 103:02 1588228                   /usr/lib/x86_64-linux-gnu/libXtst.so.6.1.0
7e77a39fa000-7e77a39fb000 r--p 00000000 103:02 1593055                   /usr/lib/x86_64-linux-gnu/libgthread-2.0.so.0.8000.0
7e77a39fb000-7e77a39fc000 r-xp 00001000 103:02 1593055                   /usr/lib/x86_64-linux-gnu/libgthread-2.0.so.0.8000.0
7e77a39fc000-7e77a39fd000 r--p 00002000 103:02 1593055                   /usr/lib/x86_64-linux-gnu/libgthread-2.0.so.0.8000.0
7e77a39fd000-7e77a39fe000 r--p 00002000 103:02 1593055                   /usr/lib/x86_64-linux-gnu/libgthread-2.0.so.0.8000.0
7e77a39fe000-7e77a39ff000 rw-p 00003000 103:02 1593055                   /usr/lib/x86_64-linux-gnu/libgthread-2.0.so.0.8000.0
7e77a39ff000-7e77a3b9f000 r-xp 00000000 103:02 12735781                  /home/sergey/.openjfx/cache/25+29/amd64/libglassgtk3.so
7e77a3b9f000-7e77a3ba0000 ---p 001a0000 103:02 12735781                  /home/sergey/.openjfx/cache/25+29/amd64/libglassgtk3.so
7e77a3ba0000-7e77a3ba9000 r--p 001a0000 103:02 12735781                  /home/sergey/.openjfx/cache/25+29/amd64/libglassgtk3.so
7e77a3ba9000-7e77a3bad000 rw-p 001a9000 103:02 12735781                  /home/sergey/.openjfx/cache/25+29/amd64/libglassgtk3.so
7e77a3bad000-7e77a3bb0000 rw-p 00000000 00:00 0 
7e77a3bb0000-7e77a3bb1000 r--p 00000000 103:02 1588358                   /usr/lib/x86_64-linux-gnu/libbrotlicommon.so.1.1.0
7e77a3bb1000-7e77a3bb2000 r-xp 00001000 103:02 1588358                   /usr/lib/x86_64-linux-gnu/libbrotlicommon.so.1.1.0
7e77a3bb2000-7e77a3bd1000 r--p 00002000 103:02 1588358                   /usr/lib/x86_64-linux-gnu/libbrotlicommon.so.1.1.0
7e77a3bd1000-7e77a3bd2000 r--p 00021000 103:02 1588358                   /usr/lib/x86_64-linux-gnu/libbrotlicommon.so.1.1.0
7e77a3bd2000-7e77a3bd3000 rw-p 00022000 103:02 1588358                   /usr/lib/x86_64-linux-gnu/libbrotlicommon.so.1.1.0
7e77a3bd3000-7e77a3bd4000 r--p 00000000 103:02 1588359                   /usr/lib/x86_64-linux-gnu/libbrotlidec.so.1.1.0
7e77a3bd4000-7e77a3bdc000 r-xp 00001000 103:02 1588359                   /usr/lib/x86_64-linux-gnu/libbrotlidec.so.1.1.0
7e77a3bdc000-7e77a3bdf000 r--p 00009000 103:02 1588359                   /usr/lib/x86_64-linux-gnu/libbrotlidec.so.1.1.0
7e77a3bdf000-7e77a3be0000 r--p 0000b000 103:02 1588359                   /usr/lib/x86_64-linux-gnu/libbrotlidec.so.1.1.0
7e77a3be0000-7e77a3be1000 rw-p 0000c000 103:02 1588359                   /usr/lib/x86_64-linux-gnu/libbrotlidec.so.1.1.0
7e77a3be1000-7e77a3be3000 r--p 00000000 103:02 1572890                   /usr/lib/x86_64-linux-gnu/libbz2.so.1.0.4
7e77a3be3000-7e77a3bf1000 r-xp 00002000 103:02 1572890                   /usr/lib/x86_64-linux-gnu/libbz2.so.1.0.4
7e77a3bf1000-7e77a3bf3000 r--p 00010000 103:02 1572890                   /usr/lib/x86_64-linux-gnu/libbz2.so.1.0.4
7e77a3bf3000-7e77a3bf4000 r--p 00011000 103:02 1572890                   /usr/lib/x86_64-linux-gnu/libbz2.so.1.0.4
7e77a3bf4000-7e77a3bf5000 rw-p 00012000 103:02 1572890                   /usr/lib/x86_64-linux-gnu/libbz2.so.1.0.4
7e77a3bf5000-7e77a3bf7000 r--p 00000000 103:02 1588410                   /usr/lib/x86_64-linux-gnu/libdatrie.so.1.4.0
7e77a3bf7000-7e77a3bfb000 r-xp 00002000 103:02 1588410                   /usr/lib/x86_64-linux-gnu/libdatrie.so.1.4.0
7e77a3bfb000-7e77a3bfc000 r--p 00006000 103:02 1588410                   /usr/lib/x86_64-linux-gnu/libdatrie.so.1.4.0
7e77a3bfc000-7e77a3bfd000 r--p 00006000 103:02 1588410                   /usr/lib/x86_64-linux-gnu/libdatrie.so.1.4.0
7e77a3bfd000-7e77a3bfe000 rw-p 00007000 103:02 1588410                   /usr/lib/x86_64-linux-gnu/libdatrie.so.1.4.0
7e77a3bfe000-7e77a3c05000 r--p 00000000 103:02 1573786                   /usr/lib/x86_64-linux-gnu/libblkid.so.1.1.0
7e77a3c05000-7e77a3c29000 r-xp 00007000 103:02 1573786                   /usr/lib/x86_64-linux-gnu/libblkid.so.1.1.0
7e77a3c29000-7e77a3c32000 r--p 0002b000 103:02 1573786                   /usr/lib/x86_64-linux-gnu/libblkid.so.1.1.0
7e77a3c32000-7e77a3c38000 r--p 00033000 103:02 1573786                   /usr/lib/x86_64-linux-gnu/libblkid.so.1.1.0
7e77a3c38000-7e77a3c39000 rw-p 00039000 103:02 1573786                   /usr/lib/x86_64-linux-gnu/libblkid.so.1.1.0
7e77a3c39000-7e77a3c49000 r--p 00000000 103:02 1588322                   /usr/lib/x86_64-linux-gnu/libatspi.so.0.0.1
7e77a3c49000-7e77a3c62000 r-xp 00010000 103:02 1588322                   /usr/lib/x86_64-linux-gnu/libatspi.so.0.0.1
7e77a3c62000-7e77a3c6f000 r--p 00029000 103:02 1588322                   /usr/lib/x86_64-linux-gnu/libatspi.so.0.0.1
7e77a3c6f000-7e77a3c72000 r--p 00036000 103:02 1588322                   /usr/lib/x86_64-linux-gnu/libatspi.so.0.0.1
7e77a3c72000-7e77a3c73000 rw-p 00039000 103:02 1588322                   /usr/lib/x86_64-linux-gnu/libatspi.so.0.0.1
7e77a3c73000-7e77a3c77000 r--p 00000000 103:02 1588668                   /usr/lib/x86_64-linux-gnu/libjpeg.so.8.2.2
7e77a3c77000-7e77a3cc4000 r-xp 00004000 103:02 1588668                   /usr/lib/x86_64-linux-gnu/libjpeg.so.8.2.2
7e77a3cc4000-7e77a3cf4000 r--p 00051000 103:02 1588668                   /usr/lib/x86_64-linux-gnu/libjpeg.so.8.2.2
7e77a3cf4000-7e77a3cf5000 r--p 00081000 103:02 1588668                   /usr/lib/x86_64-linux-gnu/libjpeg.so.8.2.2
7e77a3cf5000-7e77a3cf6000 rw-p 00082000 103:02 1588668                   /usr/lib/x86_64-linux-gnu/libjpeg.so.8.2.2
7e77a3cf6000-7e77a3cfa000 r--p 00000000 103:02 1579780                   /usr/lib/x86_64-linux-gnu/libexpat.so.1.9.1
7e77a3cfa000-7e77a3d19000 r-xp 00004000 103:02 1579780                   /usr/lib/x86_64-linux-gnu/libexpat.so.1.9.1
7e77a3d19000-7e77a3d21000 r--p 00023000 103:02 1579780                   /usr/lib/x86_64-linux-gnu/libexpat.so.1.9.1
7e77a3d21000-7e77a3d23000 r--p 0002b000 103:02 1579780                   /usr/lib/x86_64-linux-gnu/libexpat.so.1.9.1
7e77a3d23000-7e77a3d24000 rw-p 0002d000 103:02 1579780                   /usr/lib/x86_64-linux-gnu/libexpat.so.1.9.1
7e77a3d24000-7e77a3d2e000 r--p 00000000 103:02 1588843                   /usr/lib/x86_64-linux-gnu/libpixman-1.so.0.42.2
7e77a3d2e000-7e77a3dbb000 r-xp 0000a000 103:02 1588843                   /usr/lib/x86_64-linux-gnu/libpixman-1.so.0.42.2
7e77a3dbb000-7e77a3dca000 r--p 00097000 103:02 1588843                   /usr/lib/x86_64-linux-gnu/libpixman-1.so.0.42.2
7e77a3dca000-7e77a3dd2000 r--p 000a5000 103:02 1588843                   /usr/lib/x86_64-linux-gnu/libpixman-1.so.0.42.2
7e77a3dd2000-7e77a3dd3000 rw-p 000ad000 103:02 1588843                   /usr/lib/x86_64-linux-gnu/libpixman-1.so.0.42.2
7e77a3dd3000-7e77a3dd4000 r--p 00000000 103:02 1589075                   /usr/lib/x86_64-linux-gnu/libxcb-shm.so.0.0.0
7e77a3dd4000-7e77a3dd5000 r-xp 00001000 103:02 1589075                   /usr/lib/x86_64-linux-gnu/libxcb-shm.so.0.0.0
7e77a3dd5000-7e77a3dd6000 r--p 00002000 103:02 1589075                   /usr/lib/x86_64-linux-gnu/libxcb-shm.so.0.0.0
7e77a3dd6000-7e77a3dd7000 r--p 00002000 103:02 1589075                   /usr/lib/x86_64-linux-gnu/libxcb-shm.so.0.0.0
7e77a3dd7000-7e77a3dd8000 rw-p 00003000 103:02 1589075                   /usr/lib/x86_64-linux-gnu/libxcb-shm.so.0.0.0
7e77a3dd8000-7e77a3ddd000 r--p 00000000 103:02 1589072                   /usr/lib/x86_64-linux-gnu/libxcb-render.so.0.0.0
7e77a3ddd000-7e77a3de2000 r-xp 00005000 103:02 1589072                   /usr/lib/x86_64-linux-gnu/libxcb-render.so.0.0.0
7e77a3de2000-7e77a3de5000 r--p 0000a000 103:02 1589072                   /usr/lib/x86_64-linux-gnu/libxcb-render.so.0.0.0
7e77a3de5000-7e77a3de6000 r--p 0000c000 103:02 1589072                   /usr/lib/x86_64-linux-gnu/libxcb-render.so.0.0.0
7e77a3de6000-7e77a3de7000 rw-p 0000d000 103:02 1589072                   /usr/lib/x86_64-linux-gnu/libxcb-render.so.0.0.0
7e77a3de7000-7e77a3de9000 r--p 00000000 103:02 1588225                   /usr/lib/x86_64-linux-gnu/libXrender.so.1.3.0
7e77a3de9000-7e77a3df0000 r-xp 00002000 103:02 1588225                   /usr/lib/x86_64-linux-gnu/libXrender.so.1.3.0
7e77a3df0000-7e77a3df1000 r--p 00009000 103:02 1588225                   /usr/lib/x86_64-linux-gnu/libXrender.so.1.3.0
7e77a3df1000-7e77a3df2000 r--p 00009000 103:02 1588225                   /usr/lib/x86_64-linux-gnu/libXrender.so.1.3.0
7e77a3df2000-7e77a3df3000 rw-p 0000a000 103:02 1588225                   /usr/lib/x86_64-linux-gnu/libXrender.so.1.3.0
7e77a3df3000-7e77a3df8000 r--p 00000000 103:02 1579046                   /usr/lib/x86_64-linux-gnu/libpng16.so.16.43.0
7e77a3df8000-7e77a3e20000 r-xp 00005000 103:02 1579046                   /usr/lib/x86_64-linux-gnu/libpng16.so.16.43.0
7e77a3e20000-7e77a3e29000 r--p 0002d000 103:02 1579046                   /usr/lib/x86_64-linux-gnu/libpng16.so.16.43.0
7e77a3e29000-7e77a3e2a000 r--p 00035000 103:02 1579046                   /usr/lib/x86_64-linux-gnu/libpng16.so.16.43.0
7e77a3e2a000-7e77a3e2b000 rw-p 00036000 103:02 1579046                   /usr/lib/x86_64-linux-gnu/libpng16.so.16.43.0
7e77a3e2b000-7e77a3e2e000 r--p 00000000 103:02 1581159                   /usr/lib/x86_64-linux-gnu/libgraphite2.so.3.2.1
7e77a3e2e000-7e77a3e4b000 r-xp 00003000 103:02 1581159                   /usr/lib/x86_64-linux-gnu/libgraphite2.so.3.2.1
7e77a3e4b000-7e77a3e4e000 r--p 00020000 103:02 1581159                   /usr/lib/x86_64-linux-gnu/libgraphite2.so.3.2.1
7e77a3e4e000-7e77a3e50000 r--p 00022000 103:02 1581159                   /usr/lib/x86_64-linux-gnu/libgraphite2.so.3.2.1
7e77a3e50000-7e77a3e51000 rw-p 00024000 103:02 1581159                   /usr/lib/x86_64-linux-gnu/libgraphite2.so.3.2.1
7e77a3e51000-7e77a3e5e000 r--p 00000000 103:02 1580984                   /usr/lib/x86_64-linux-gnu/libfreetype.so.6.20.1
7e77a3e5e000-7e77a3eef000 r-xp 0000d000 103:02 1580984                   /usr/lib/x86_64-linux-gnu/libfreetype.so.6.20.1
7e77a3eef000-7e77a3f15000 r--p 0009e000 103:02 1580984                   /usr/lib/x86_64-linux-gnu/libfreetype.so.6.20.1
7e77a3f15000-7e77a3f1c000 r--p 000c4000 103:02 1580984                   /usr/lib/x86_64-linux-gnu/libfreetype.so.6.20.1
7e77a3f1c000-7e77a3f1d000 rw-p 000cb000 103:02 1580984                   /usr/lib/x86_64-linux-gnu/libfreetype.so.6.20.1
7e77a3f1d000-7e77a3f1f000 r--p 00000000 103:02 1588971                   /usr/lib/x86_64-linux-gnu/libthai.so.0.3.1
7e77a3f1f000-7e77a3f23000 r-xp 00002000 103:02 1588971                   /usr/lib/x86_64-linux-gnu/libthai.so.0.3.1
7e77a3f23000-7e77a3f26000 r--p 00006000 103:02 1588971                   /usr/lib/x86_64-linux-gnu/libthai.so.0.3.1
7e77a3f26000-7e77a3f27000 r--p 00008000 103:02 1588971                   /usr/lib/x86_64-linux-gnu/libthai.so.0.3.1
7e77a3f27000-7e77a3f28000 rw-p 00009000 103:02 1588971                   /usr/lib/x86_64-linux-gnu/libthai.so.0.3.1
7e77a3f28000-7e77a3f2e000 r--p 00000000 103:02 1588916                   /usr/lib/x86_64-linux-gnu/libselinux.so.1
7e77a3f2e000-7e77a3f4b000 r-xp 00006000 103:02 1588916                   /usr/lib/x86_64-linux-gnu/libselinux.so.1
7e77a3f4b000-7e77a3f51000 r--p 00023000 103:02 1588916                   /usr/lib/x86_64-linux-gnu/libselinux.so.1
7e77a3f51000-7e77a3f52000 r--p 00029000 103:02 1588916                   /usr/lib/x86_64-linux-gnu/libselinux.so.1
7e77a3f52000-7e77a3f53000 rw-p 0002a000 103:02 1588916                   /usr/lib/x86_64-linux-gnu/libselinux.so.1
7e77a3f53000-7e77a3f55000 rw-p 00000000 00:00 0 
7e77a3f55000-7e77a3f5e000 r--p 00000000 103:02 1574319                   /usr/lib/x86_64-linux-gnu/libmount.so.1.1.0
7e77a3f5e000-7e77a3f92000 r-xp 00009000 103:02 1574319                   /usr/lib/x86_64-linux-gnu/libmount.so.1.1.0
7e77a3f92000-7e77a3f9f000 r--p 0003d000 103:02 1574319                   /usr/lib/x86_64-linux-gnu/libmount.so.1.1.0
7e77a3f9f000-7e77a3fa1000 r--p 00049000 103:02 1574319                   /usr/lib/x86_64-linux-gnu/libmount.so.1.1.0
7e77a3fa1000-7e77a3fa2000 rw-p 0004b000 103:02 1574319                   /usr/lib/x86_64-linux-gnu/libmount.so.1.1.0
7e77a3fa2000-7e77a3fa4000 r--p 00000000 103:02 1585337                   /usr/lib/x86_64-linux-gnu/libz.so.1.3
7e77a3fa4000-7e77a3fb6000 r-xp 00002000 103:02 1585337                   /usr/lib/x86_64-linux-gnu/libz.so.1.3
7e77a3fb6000-7e77a3fbc000 r--p 00014000 103:02 1585337                   /usr/lib/x86_64-linux-gnu/libz.so.1.3
7e77a3fbc000-7e77a3fbd000 r--p 0001a000 103:02 1585337                   /usr/lib/x86_64-linux-gnu/libz.so.1.3
7e77a3fbd000-7e77a3fbe000 rw-p 0001b000 103:02 1585337                   /usr/lib/x86_64-linux-gnu/libz.so.1.3
7e77a3fbe000-7e77a3fc0000 r--p 00000000 103:02 1588485                   /usr/lib/x86_64-linux-gnu/libffi.so.8.1.4
7e77a3fc0000-7e77a3fc7000 r-xp 00002000 103:02 1588485                   /usr/lib/x86_64-linux-gnu/libffi.so.8.1.4
7e77a3fc7000-7e77a3fc8000 r--p 00009000 103:02 1588485                   /usr/lib/x86_64-linux-gnu/libffi.so.8.1.4
7e77a3fc8000-7e77a3fc9000 r--p 0000a000 103:02 1588485                   /usr/lib/x86_64-linux-gnu/libffi.so.8.1.4
7e77a3fc9000-7e77a3fca000 rw-p 0000b000 103:02 1588485                   /usr/lib/x86_64-linux-gnu/libffi.so.8.1.4
7e77a3fca000-7e77a3fcc000 r--p 00000000 103:02 1588834                   /usr/lib/x86_64-linux-gnu/libpcre2-8.so.0.11.2
7e77a3fcc000-7e77a403a000 r-xp 00002000 103:02 1588834                   /usr/lib/x86_64-linux-gnu/libpcre2-8.so.0.11.2
7e77a403a000-7e77a4062000 r--p 00070000 103:02 1588834                   /usr/lib/x86_64-linux-gnu/libpcre2-8.so.0.11.2
7e77a4062000-7e77a4063000 r--p 00097000 103:02 1588834                   /usr/lib/x86_64-linux-gnu/libpcre2-8.so.0.11.2
7e77a4063000-7e77a4064000 rw-p 00098000 103:02 1588834                   /usr/lib/x86_64-linux-gnu/libpcre2-8.so.0.11.2
7e77a4064000-7e77a4065000 r--p 00000000 103:02 1588220                   /usr/lib/x86_64-linux-gnu/libXinerama.so.1.0.0
7e77a4065000-7e77a4066000 r-xp 00001000 103:02 1588220                   /usr/lib/x86_64-linux-gnu/libXinerama.so.1.0.0
7e77a4066000-7e77a4067000 r--p 00002000 103:02 1588220                   /usr/lib/x86_64-linux-gnu/libXinerama.so.1.0.0
7e77a4067000-7e77a4068000 r--p 00002000 103:02 1588220                   /usr/lib/x86_64-linux-gnu/libXinerama.so.1.0.0
7e77a4068000-7e77a4069000 rw-p 00003000 103:02 1588220                   /usr/lib/x86_64-linux-gnu/libXinerama.so.1.0.0
7e77a4069000-7e77a406b000 r--p 00000000 103:02 1588224                   /usr/lib/x86_64-linux-gnu/libXrandr.so.2.2.0
7e77a406b000-7e77a4072000 r-xp 00002000 103:02 1588224                   /usr/lib/x86_64-linux-gnu/libXrandr.so.2.2.0
7e77a4072000-7e77a4074000 r--p 00009000 103:02 1588224                   /usr/lib/x86_64-linux-gnu/libXrandr.so.2.2.0
7e77a4074000-7e77a4075000 r--p 0000a000 103:02 1588224                   /usr/lib/x86_64-linux-gnu/libXrandr.so.2.2.0
7e77a4075000-7e77a4076000 rw-p 0000b000 103:02 1588224                   /usr/lib/x86_64-linux-gnu/libXrandr.so.2.2.0
7e77a4076000-7e77a4077000 r--p 00000000 103:02 1588211                   /usr/lib/x86_64-linux-gnu/libXcomposite.so.1.0.0
7e77a4077000-7e77a4078000 r-xp 00001000 103:02 1588211                   /usr/lib/x86_64-linux-gnu/libXcomposite.so.1.0.0
7e77a4078000-7e77a4079000 r--p 00002000 103:02 1588211                   /usr/lib/x86_64-linux-gnu/libXcomposite.so.1.0.0
7e77a4079000-7e77a407a000 r--p 00002000 103:02 1588211                   /usr/lib/x86_64-linux-gnu/libXcomposite.so.1.0.0
7e77a407a000-7e77a407b000 rw-p 00003000 103:02 1588211                   /usr/lib/x86_64-linux-gnu/libXcomposite.so.1.0.0
7e77a407b000-7e77a407c000 r--p 00000000 103:02 1588213                   /usr/lib/x86_64-linux-gnu/libXdamage.so.1.1.0
7e77a407c000-7e77a407d000 r-xp 00001000 103:02 1588213                   /usr/lib/x86_64-linux-gnu/libXdamage.so.1.1.0
7e77a407d000-7e77a407e000 r--p 00002000 103:02 1588213                   /usr/lib/x86_64-linux-gnu/libXdamage.so.1.1.0
7e77a407e000-7e77a407f000 r--p 00002000 103:02 1588213                   /usr/lib/x86_64-linux-gnu/libXdamage.so.1.1.0
7e77a407f000-7e77a4080000 rw-p 00003000 103:02 1588213                   /usr/lib/x86_64-linux-gnu/libXdamage.so.1.1.0
7e77a4080000-7e77a4082000 r--p 00000000 103:02 1588212                   /usr/lib/x86_64-linux-gnu/libXcursor.so.1.0.2
7e77a4082000-7e77a4088000 r-xp 00002000 103:02 1588212                   /usr/lib/x86_64-linux-gnu/libXcursor.so.1.0.2
7e77a4088000-7e77a408a000 r--p 00008000 103:02 1588212                   /usr/lib/x86_64-linux-gnu/libXcursor.so.1.0.2
7e77a408a000-7e77a408b000 r--p 00009000 103:02 1588212                   /usr/lib/x86_64-linux-gnu/libXcursor.so.1.0.2
7e77a408b000-7e77a408c000 rw-p 0000a000 103:02 1588212                   /usr/lib/x86_64-linux-gnu/libXcursor.so.1.0.2
7e77a408c000-7e77a408e000 r--p 00000000 103:02 1589037                   /usr/lib/x86_64-linux-gnu/libwayland-cursor.so.0.22.0
7e77a408e000-7e77a4090000 r-xp 00002000 103:02 1589037                   /usr/lib/x86_64-linux-gnu/libwayland-cursor.so.0.22.0
7e77a4090000-7e77a4091000 r--p 00004000 103:02 1589037                   /usr/lib/x86_64-linux-gnu/libwayland-cursor.so.0.22.0
7e77a4091000-7e77a4092000 r--p 00004000 103:02 1589037                   /usr/lib/x86_64-linux-gnu/libwayland-cursor.so.0.22.0
7e77a4092000-7e77a4096000 rw-p 00005000 103:02 1589037                   /usr/lib/x86_64-linux-gnu/libwayland-cursor.so.0.22.0
7e77a4096000-7e77a409b000 r--p 00000000 103:02 1589084                   /usr/lib/x86_64-linux-gnu/libxkbcommon.so.0.0.0
7e77a409b000-7e77a40bb000 r-xp 00005000 103:02 1589084                   /usr/lib/x86_64-linux-gnu/libxkbcommon.so.0.0.0
7e77a40bb000-7e77a40dc000 r--p 00025000 103:02 1589084                   /usr/lib/x86_64-linux-gnu/libxkbcommon.so.0.0.0
7e77a40dc000-7e77a40de000 r--p 00045000 103:02 1589084                   /usr/lib/x86_64-linux-gnu/libxkbcommon.so.0.0.0
7e77a40de000-7e77a40df000 rw-p 00047000 103:02 1589084                   /usr/lib/x86_64-linux-gnu/libxkbcommon.so.0.0.0
7e77a40df000-7e77a40eb000 r--p 00000000 103:02 1588318                   /usr/lib/x86_64-linux-gnu/libatk-bridge-2.0.so.0.0.0
7e77a40eb000-7e77a4105000 r-xp 0000c000 103:02 1588318                   /usr/lib/x86_64-linux-gnu/libatk-bridge-2.0.so.0.0.0
7e77a4105000-7e77a4118000 r--p 00026000 103:02 1588318                   /usr/lib/x86_64-linux-gnu/libatk-bridge-2.0.so.0.0.0
7e77a4118000-7e77a4119000 r--p 00039000 103:02 1588318                   /usr/lib/x86_64-linux-gnu/libatk-bridge-2.0.so.0.0.0
7e77a4119000-7e77a411b000 rw-p 0003a000 103:02 1588318                   /usr/lib/x86_64-linux-gnu/libatk-bridge-2.0.so.0.0.0
7e77a411b000-7e77a417b000 r--p 00000000 103:02 1588466                   /usr/lib/x86_64-linux-gnu/libepoxy.so.0.0.0
7e77a417b000-7e77a41e1000 r-xp 00060000 103:02 1588466                   /usr/lib/x86_64-linux-gnu/libepoxy.so.0.0.0
7e77a41e1000-7e77a422f000 r--p 000c6000 103:02 1588466                   /usr/lib/x86_64-linux-gnu/libepoxy.so.0.0.0
7e77a422f000-7e77a4237000 r--p 00113000 103:02 1588466                   /usr/lib/x86_64-linux-gnu/libepoxy.so.0.0.0
7e77a4237000-7e77a423e000 rw-p 0011b000 103:02 1588466                   /usr/lib/x86_64-linux-gnu/libepoxy.so.0.0.0
7e77a423e000-7e77a4249000 r--p 00000000 103:02 1588317                   /usr/lib/x86_64-linux-gnu/libatk-1.0.so.0.25209.1
7e77a4249000-7e77a4259000 r-xp 0000b000 103:02 1588317                   /usr/lib/x86_64-linux-gnu/libatk-1.0.so.0.25209.1
7e77a4259000-7e77a4264000 r--p 0001b000 103:02 1588317                   /usr/lib/x86_64-linux-gnu/libatk-1.0.so.0.25209.1
7e77a4264000-7e77a4267000 r--p 00026000 103:02 1588317                   /usr/lib/x86_64-linux-gnu/libatk-1.0.so.0.25209.1
7e77a4267000-7e77a4268000 rw-p 00029000 103:02 1588317                   /usr/lib/x86_64-linux-gnu/libatk-1.0.so.0.25209.1
7e77a4268000-7e77a4270000 r--p 00000000 103:02 1580260                   /usr/lib/x86_64-linux-gnu/libgdk_pixbuf-2.0.so.0.4200.10
7e77a4270000-7e77a428b000 r-xp 00008000 103:02 1580260                   /usr/lib/x86_64-linux-gnu/libgdk_pixbuf-2.0.so.0.4200.10
7e77a428b000-7e77a4294000 r--p 00023000 103:02 1580260                   /usr/lib/x86_64-linux-gnu/libgdk_pixbuf-2.0.so.0.4200.10
7e77a4294000-7e77a4295000 r--p 0002c000 103:02 1580260                   /usr/lib/x86_64-linux-gnu/libgdk_pixbuf-2.0.so.0.4200.10
7e77a4295000-7e77a4296000 rw-p 0002d000 103:02 1580260                   /usr/lib/x86_64-linux-gnu/libgdk_pixbuf-2.0.so.0.4200.10
7e77a4296000-7e77a42aa000 r--p 00000000 103:02 1588371                   /usr/lib/x86_64-linux-gnu/libcairo.so.2.11800.0
7e77a42aa000-7e77a439b000 r-xp 00014000 103:02 1588371                   /usr/lib/x86_64-linux-gnu/libcairo.so.2.11800.0
7e77a439b000-7e77a43d3000 r--p 00105000 103:02 1588371                   /usr/lib/x86_64-linux-gnu/libcairo.so.2.11800.0
7e77a43d3000-7e77a43d7000 r--p 0013d000 103:02 1588371                   /usr/lib/x86_64-linux-gnu/libcairo.so.2.11800.0
7e77a43d7000-7e77a43d9000 rw-p 00141000 103:02 1588371                   /usr/lib/x86_64-linux-gnu/libcairo.so.2.11800.0
7e77a43d9000-7e77a43da000 rw-p 00000000 00:00 0 
7e77a43da000-7e77a43e5000 r--p 00000000 103:02 1588616                   /usr/lib/x86_64-linux-gnu/libharfbuzz.so.0.60830.0
7e77a43e5000-7e77a44b3000 r-xp 0000b000 103:02 1588616                   /usr/lib/x86_64-linux-gnu/libharfbuzz.so.0.60830.0
7e77a44b3000-7e77a44e5000 r--p 000d9000 103:02 1588616                   /usr/lib/x86_64-linux-gnu/libharfbuzz.so.0.60830.0
7e77a44e5000-7e77a44e6000 r--p 0010b000 103:02 1588616                   /usr/lib/x86_64-linux-gnu/libharfbuzz.so.0.60830.0
7e77a44e6000-7e77a44e7000 rw-p 0010c000 103:02 1588616                   /usr/lib/x86_64-linux-gnu/libharfbuzz.so.0.60830.0
7e77a44e7000-7e77a4520000 r--p 00000000 103:02 1592629                   /usr/lib/x86_64-linux-gnu/libgio-2.0.so.0.8000.0
7e77a4520000-7e77a4637000 r-xp 00039000 103:02 1592629                   /usr/lib/x86_64-linux-gnu/libgio-2.0.so.0.8000.0
7e77a4637000-7e77a46ac000 r--p 00150000 103:02 1592629                   /usr/lib/x86_64-linux-gnu/libgio-2.0.so.0.8000.0
7e77a46ac000-7e77a46b4000 r--p 001c4000 103:02 1592629                   /usr/lib/x86_64-linux-gnu/libgio-2.0.so.0.8000.0
7e77a46b4000-7e77a46b5000 rw-p 001cc000 103:02 1592629                   /usr/lib/x86_64-linux-gnu/libgio-2.0.so.0.8000.0
7e77a46b5000-7e77a46b7000 rw-p 00000000 00:00 0 
7e77a46b7000-7e77a46d5000 r--p 00000000 103:02 1592630                   /usr/lib/x86_64-linux-gnu/libglib-2.0.so.0.8000.0
7e77a46d5000-7e77a4775000 r-xp 0001e000 103:02 1592630                   /usr/lib/x86_64-linux-gnu/libglib-2.0.so.0.8000.0
7e77a4775000-7e77a47fd000 r--p 000be000 103:02 1592630                   /usr/lib/x86_64-linux-gnu/libglib-2.0.so.0.8000.0
7e77a47fd000-7e77a47fe000 r--p 00146000 103:02 1592630                   /usr/lib/x86_64-linux-gnu/libglib-2.0.so.0.8000.0
7e77a47fe000-7e77a47ff000 rw-p 00147000 103:02 1592630                   /usr/lib/x86_64-linux-gnu/libglib-2.0.so.0.8000.0
7e77a47ff000-7e77a4800000 rw-p 00000000 00:00 0 
7e77a4800000-7e77a4883000 r--p 00000000 103:02 1588599                   /usr/lib/x86_64-linux-gnu/libgtk-3.so.0.2409.32
7e77a4883000-7e77a4c31000 r-xp 00083000 103:02 1588599                   /usr/lib/x86_64-linux-gnu/libgtk-3.so.0.2409.32
7e77a4c31000-7e77a4fb6000 r--p 00431000 103:02 1588599                   /usr/lib/x86_64-linux-gnu/libgtk-3.so.0.2409.32
7e77a4fb6000-7e77a4fc6000 r--p 007b5000 103:02 1588599                   /usr/lib/x86_64-linux-gnu/libgtk-3.so.0.2409.32
7e77a4fc6000-7e77a4fc8000 rw-p 007c5000 103:02 1588599                   /usr/lib/x86_64-linux-gnu/libgtk-3.so.0.2409.32
7e77a4fc8000-7e77a4fcd000 rw-p 00000000 00:00 0 
7e77a4fcd000-7e77a4fce000 rw-s 00000000 00:07 1194                       /dev/nvidiactl
7e77a4fce000-7e77a4fcf000 r--p 00000000 103:02 1589038                   /usr/lib/x86_64-linux-gnu/libwayland-egl.so.1.22.0
7e77a4fcf000-7e77a4fd0000 r-xp 00001000 103:02 1589038                   /usr/lib/x86_64-linux-gnu/libwayland-egl.so.1.22.0
7e77a4fd0000-7e77a4fd1000 r--p 00002000 103:02 1589038                   /usr/lib/x86_64-linux-gnu/libwayland-egl.so.1.22.0
7e77a4fd1000-7e77a4fd2000 r--p 00002000 103:02 1589038                   /usr/lib/x86_64-linux-gnu/libwayland-egl.so.1.22.0
7e77a4fd2000-7e77a4fd3000 rw-p 00003000 103:02 1589038                   /usr/lib/x86_64-linux-gnu/libwayland-egl.so.1.22.0
7e77a4fd3000-7e77a4fd6000 r--p 00000000 103:02 1588219                   /usr/lib/x86_64-linux-gnu/libXi.so.6.1.0
7e77a4fd6000-7e77a4fe2000 r-xp 00003000 103:02 1588219                   /usr/lib/x86_64-linux-gnu/libXi.so.6.1.0
7e77a4fe2000-7e77a4fe4000 r--p 0000f000 103:02 1588219                   /usr/lib/x86_64-linux-gnu/libXi.so.6.1.0
7e77a4fe4000-7e77a4fe5000 r--p 00011000 103:02 1588219                   /usr/lib/x86_64-linux-gnu/libXi.so.6.1.0
7e77a4fe5000-7e77a4fe6000 rw-p 00012000 103:02 1588219                   /usr/lib/x86_64-linux-gnu/libXi.so.6.1.0
7e77a4fe6000-7e77a4fe8000 r--p 00000000 103:02 1588507                   /usr/lib/x86_64-linux-gnu/libfribidi.so.0.4.0
7e77a4fe8000-7e77a4fec000 r-xp 00002000 103:02 1588507                   /usr/lib/x86_64-linux-gnu/libfribidi.so.0.4.0
7e77a4fec000-7e77a5002000 r--p 00006000 103:02 1588507                   /usr/lib/x86_64-linux-gnu/libfribidi.so.0.4.0
7e77a5002000-7e77a5003000 r--p 0001c000 103:02 1588507                   /usr/lib/x86_64-linux-gnu/libfribidi.so.0.4.0
7e77a5003000-7e77a5004000 rw-p 0001d000 103:02 1588507                   /usr/lib/x86_64-linux-gnu/libfribidi.so.0.4.0
7e77a5004000-7e77a500c000 r--p 00000000 103:02 1588491                   /usr/lib/x86_64-linux-gnu/libfontconfig.so.1.12.1
7e77a500c000-7e77a503b000 r-xp 00008000 103:02 1588491                   /usr/lib/x86_64-linux-gnu/libfontconfig.so.1.12.1
7e77a503b000-7e77a5052000 r--p 00037000 103:02 1588491                   /usr/lib/x86_64-linux-gnu/libfontconfig.so.1.12.1
7e77a5052000-7e77a5054000 r--p 0004d000 103:02 1588491                   /usr/lib/x86_64-linux-gnu/libfontconfig.so.1.12.1
7e77a5054000-7e77a5055000 rw-p 0004f000 103:02 1588491                   /usr/lib/x86_64-linux-gnu/libfontconfig.so.1.12.1
7e77a5055000-7e77a5068000 r--p 00000000 103:02 1588820                   /usr/lib/x86_64-linux-gnu/libpango-1.0.so.0.5200.1
7e77a5068000-7e77a50a1000 r-xp 00013000 103:02 1588820                   /usr/lib/x86_64-linux-gnu/libpango-1.0.so.0.5200.1
7e77a50a1000-7e77a50bb000 r--p 0004c000 103:02 1588820                   /usr/lib/x86_64-linux-gnu/libpango-1.0.so.0.5200.1
7e77a50bb000-7e77a50bf000 r--p 00065000 103:02 1588820                   /usr/lib/x86_64-linux-gnu/libpango-1.0.so.0.5200.1
7e77a50bf000-7e77a50c0000 rw-p 00069000 103:02 1588820                   /usr/lib/x86_64-linux-gnu/libpango-1.0.so.0.5200.1
7e77a50c0000-7e77a50ea000 r--p 00000000 103:02 1588527                   /usr/lib/x86_64-linux-gnu/libgdk-3.so.0.2409.32
7e77a50ea000-7e77a516e000 r-xp 0002a000 103:02 1588527                   /usr/lib/x86_64-linux-gnu/libgdk-3.so.0.2409.32
7e77a516e000-7e77a51b0000 r--p 000ae000 103:02 1588527                   /usr/lib/x86_64-linux-gnu/libgdk-3.so.0.2409.32
7e77a51b0000-7e77a51b9000 r--p 000ef000 103:02 1588527                   /usr/lib/x86_64-linux-gnu/libgdk-3.so.0.2409.32
7e77a51b9000-7e77a51bb000 rw-p 000f8000 103:02 1588527                   /usr/lib/x86_64-linux-gnu/libgdk-3.so.0.2409.32
7e77a51bb000-7e77a523b000 rw-s 00000000 00:07 1194                       /dev/nvidiactl
7e77a523b000-7e77a523f000 ---p 00000000 00:00 0 
7e77a523f000-7e77a533b000 rw-p 00000000 00:00 0 
7e77a533b000-7e77a53bb000 rw-s 00000000 00:07 1194                       /dev/nvidiactl
7e77a53bb000-7e77a5600000 rw-s 00000000 00:01 11267                      /memfd:/.nvidia_drv.XXXXXX (deleted)
7e77a5600000-7e77a58ab000 r--p 00000000 103:02 1591971                   /usr/lib/x86_64-linux-gnu/libnvidia-gpucomp.so.580.173.02
7e77a58ab000-7e77a8999000 r-xp 002ab000 103:02 1591971                   /usr/lib/x86_64-linux-gnu/libnvidia-gpucomp.so.580.173.02
7e77a8999000-7e77a9809000 r--p 03399000 103:02 1591971                   /usr/lib/x86_64-linux-gnu/libnvidia-gpucomp.so.580.173.02
7e77a9809000-7e77a980a000 ---p 04209000 103:02 1591971                   /usr/lib/x86_64-linux-gnu/libnvidia-gpucomp.so.580.173.02
7e77a980a000-7e77a99e1000 r--p 04209000 103:02 1591971                   /usr/lib/x86_64-linux-gnu/libnvidia-gpucomp.so.580.173.02
7e77a99e1000-7e77a9aec000 rw-p 043e0000 103:02 1591971                   /usr/lib/x86_64-linux-gnu/libnvidia-gpucomp.so.580.173.02
7e77a9aec000-7e77a9b8c000 rw-p 00000000 00:00 0 
7e77a9b8c000-7e77a9b8d000 rw-s 00000000 00:07 1195                       /dev/nvidia0
7e77a9b8d000-7e77a9b92000 r--p 00000000 103:02 1589036                   /usr/lib/x86_64-linux-gnu/libwayland-client.so.0.22.0
7e77a9b92000-7e77a9b98000 r-xp 00005000 103:02 1589036                   /usr/lib/x86_64-linux-gnu/libwayland-client.so.0.22.0
7e77a9b98000-7e77a9b9a000 r--p 0000b000 103:02 1589036                   /usr/lib/x86_64-linux-gnu/libwayland-client.so.0.22.0
7e77a9b9a000-7e77a9b9c000 r--p 0000d000 103:02 1589036                   /usr/lib/x86_64-linux-gnu/libwayland-client.so.0.22.0
7e77a9b9c000-7e77a9b9d000 rw-p 0000f000 103:02 1589036                   /usr/lib/x86_64-linux-gnu/libwayland-client.so.0.22.0
7e77a9b9d000-7e77a9bac000 r--p 00000000 103:02 1592634                   /usr/lib/x86_64-linux-gnu/libgobject-2.0.so.0.8000.0
7e77a9bac000-7e77a9be3000 r-xp 0000f000 103:02 1592634                   /usr/lib/x86_64-linux-gnu/libgobject-2.0.so.0.8000.0
7e77a9be3000-7e77a9bfc000 r--p 00046000 103:02 1592634                   /usr/lib/x86_64-linux-gnu/libgobject-2.0.so.0.8000.0
7e77a9bfc000-7e77a9bff000 r--p 0005e000 103:02 1592634                   /usr/lib/x86_64-linux-gnu/libgobject-2.0.so.0.8000.0
7e77a9bff000-7e77a9c00000 rw-p 00061000 103:02 1592634                   /usr/lib/x86_64-linux-gnu/libgobject-2.0.so.0.8000.0
7e77a9c00000-7e77a9e59000 r-xp 00000000 103:02 1589056                   /usr/lib/x86_64-linux-gnu/libnvidia-glcore.so.580.173.02
7e77a9e59000-7e77a9e7a000 rwxp 00259000 103:02 1589056                   /usr/lib/x86_64-linux-gnu/libnvidia-glcore.so.580.173.02
7e77a9e7a000-7e77aa000000 r-xp 0027a000 103:02 1589056                   /usr/lib/x86_64-linux-gnu/libnvidia-glcore.so.580.173.02
7e77aa000000-7e77aac00000 r-xp 00400000 103:02 1589056                   /usr/lib/x86_64-linux-gnu/libnvidia-glcore.so.580.173.02
7e77aac00000-7e77abd7b000 r-xp 01000000 103:02 1589056                   /usr/lib/x86_64-linux-gnu/libnvidia-glcore.so.580.173.02
7e77abd7b000-7e77abef6000 r--p 0217a000 103:02 1589056                   /usr/lib/x86_64-linux-gnu/libnvidia-glcore.so.580.173.02
7e77abef6000-7e77abf59000 rw-p 022f5000 103:02 1589056                   /usr/lib/x86_64-linux-gnu/libnvidia-glcore.so.580.173.02
7e77abf59000-7e77abf79000 rw-p 00000000 00:00 0 
7e77abf79000-7e77abf7a000 rw-s 00000000 00:07 1194                       /dev/nvidiactl
7e77abf7a000-7e77abf7c000 r--s 00000000 103:02 8132556                   /var/cache/fontconfig/a698622a1794665038244195796e69d1-le64.cache-9
7e77abf7c000-7e77abf7d000 r--s 00000000 103:02 20058                     /home/sergey/.cache/fontconfig/3f7329c5293ffd510edef78f73874cfd-le64.cache-9
7e77abf7d000-7e77abf7f000 r--p 00000000 103:02 1588216                   /usr/lib/x86_64-linux-gnu/libXfixes.so.3.1.0
7e77abf7f000-7e77abf82000 r-xp 00002000 103:02 1588216                   /usr/lib/x86_64-linux-gnu/libXfixes.so.3.1.0
7e77abf82000-7e77abf83000 r--p 00005000 103:02 1588216                   /usr/lib/x86_64-linux-gnu/libXfixes.so.3.1.0
7e77abf83000-7e77abf84000 r--p 00005000 103:02 1588216                   /usr/lib/x86_64-linux-gnu/libXfixes.so.3.1.0
7e77abf84000-7e77abf85000 rw-p 00006000 103:02 1588216                   /usr/lib/x86_64-linux-gnu/libXfixes.so.3.1.0
7e77abf85000-7e77abf89000 r--p 00000000 103:02 1588369                   /usr/lib/x86_64-linux-gnu/libcairo-gobject.so.2.11800.0
7e77abf89000-7e77abf8b000 r-xp 00004000 103:02 1588369                   /usr/lib/x86_64-linux-gnu/libcairo-gobject.so.2.11800.0
7e77abf8b000-7e77abf8e000 r--p 00006000 103:02 1588369                   /usr/lib/x86_64-linux-gnu/libcairo-gobject.so.2.11800.0
7e77abf8e000-7e77abf90000 r--p 00008000 103:02 1588369                   /usr/lib/x86_64-linux-gnu/libcairo-gobject.so.2.11800.0
7e77abf90000-7e77abf91000 rw-p 0000a000 103:02 1588369                   /usr/lib/x86_64-linux-gnu/libcairo-gobject.so.2.11800.0
7e77abf91000-7e77abf99000 r--p 00000000 103:02 1588822                   /usr/lib/x86_64-linux-gnu/libpangoft2-1.0.so.0.5200.1
7e77abf99000-7e77abfa6000 r-xp 00008000 103:02 1588822                   /usr/lib/x86_64-linux-gnu/libpangoft2-1.0.so.0.5200.1
7e77abfa6000-7e77abfaa000 r--p 00015000 103:02 1588822                   /usr/lib/x86_64-linux-gnu/libpangoft2-1.0.so.0.5200.1
7e77abfaa000-7e77abfab000 r--p 00019000 103:02 1588822                   /usr/lib/x86_64-linux-gnu/libpangoft2-1.0.so.0.5200.1
7e77abfab000-7e77abfac000 rw-p 0001a000 103:02 1588822                   /usr/lib/x86_64-linux-gnu/libpangoft2-1.0.so.0.5200.1
7e77abfac000-7e77abfb1000 r--p 00000000 103:02 1588821                   /usr/lib/x86_64-linux-gnu/libpangocairo-1.0.so.0.5200.1
7e77abfb1000-7e77abfb9000 r-xp 00005000 103:02 1588821                   /usr/lib/x86_64-linux-gnu/libpangocairo-1.0.so.0.5200.1
7e77abfb9000-7e77abfbb000 r--p 0000d000 103:02 1588821                   /usr/lib/x86_64-linux-gnu/libpangocairo-1.0.so.0.5200.1
7e77abfbb000-7e77abfbc000 r--p 0000f000 103:02 1588821                   /usr/lib/x86_64-linux-gnu/libpangocairo-1.0.so.0.5200.1
7e77abfbc000-7e77abfbd000 rw-p 00010000 103:02 1588821                   /usr/lib/x86_64-linux-gnu/libpangocairo-1.0.so.0.5200.1
7e77abfbd000-7e77abfbf000 r--p 00000000 103:02 1592632                   /usr/lib/x86_64-linux-gnu/libgmodule-2.0.so.0.8000.0
7e77abfbf000-7e77abfc1000 r-xp 00002000 103:02 1592632                   /usr/lib/x86_64-linux-gnu/libgmodule-2.0.so.0.8000.0
7e77abfc1000-7e77abfc2000 r--p 00004000 103:02 1592632                   /usr/lib/x86_64-linux-gnu/libgmodule-2.0.so.0.8000.0
7e77abfc2000-7e77abfc3000 r--p 00004000 103:02 1592632                   /usr/lib/x86_64-linux-gnu/libgmodule-2.0.so.0.8000.0
7e77abfc3000-7e77abfc4000 rw-p 00005000 103:02 1592632                   /usr/lib/x86_64-linux-gnu/libgmodule-2.0.so.0.8000.0
7e77abfc4000-7e77abfc7000 rw-s 00000000 00:07 1194                       /dev/nvidiactl
7e77abfc7000-7e77abfcf000 r--p 00000000 103:02 1588554                   /usr/lib/x86_64-linux-gnu/libgnomekbdui.so.8.0.0
7e77abfcf000-7e77abfda000 r-xp 00008000 103:02 1588554                   /usr/lib/x86_64-linux-gnu/libgnomekbdui.so.8.0.0
7e77abfda000-7e77abfde000 r--p 00013000 103:02 1588554                   /usr/lib/x86_64-linux-gnu/libgnomekbdui.so.8.0.0
7e77abfde000-7e77abfdf000 r--p 00017000 103:02 1588554                   /usr/lib/x86_64-linux-gnu/libgnomekbdui.so.8.0.0
7e77abfdf000-7e77abfe0000 rw-p 00018000 103:02 1588554                   /usr/lib/x86_64-linux-gnu/libgnomekbdui.so.8.0.0
7e77abfe0000-7e77abfe1000 r--p 00000000 103:02 1609417                   /usr/lib/x86_64-linux-gnu/gtk-3.0/modules/libxapp-gtk3-module.so
7e77abfe1000-7e77abfe2000 r-xp 00001000 103:02 1609417                   /usr/lib/x86_64-linux-gnu/gtk-3.0/modules/libxapp-gtk3-module.so
7e77abfe2000-7e77abfe3000 r--p 00002000 103:02 1609417                   /usr/lib/x86_64-linux-gnu/gtk-3.0/modules/libxapp-gtk3-module.so
7e77abfe3000-7e77abfe4000 r--p 00002000 103:02 1609417                   /usr/lib/x86_64-linux-gnu/gtk-3.0/modules/libxapp-gtk3-module.so
7e77abfe4000-7e77abfe5000 rw-p 00003000 103:02 1609417                   /usr/lib/x86_64-linux-gnu/gtk-3.0/modules/libxapp-gtk3-module.so
7e77abfe5000-7e77abfe6000 r-xp 00000000 103:02 12735780                  /home/sergey/.openjfx/cache/25+29/amd64/libglass.so
7e77abfe6000-7e77abfe7000 ---p 00001000 103:02 12735780                  /home/sergey/.openjfx/cache/25+29/amd64/libglass.so
7e77abfe7000-7e77abfe8000 r--p 00001000 103:02 12735780                  /home/sergey/.openjfx/cache/25+29/amd64/libglass.so
7e77abfe8000-7e77abfe9000 rw-p 00002000 103:02 12735780                  /home/sergey/.openjfx/cache/25+29/amd64/libglass.so
7e77abfea000-7e77abfed000 rw-s 00000000 00:07 1194                       /dev/nvidiactl
7e77abfed000-7e77ac000000 rw-s 00000000 00:07 1194                       /dev/nvidiactl
7e77ac000000-7e77ac5e1000 rw-p 00000000 00:00 0 
7e77ac5e1000-7e77b0000000 ---p 00000000 00:00 0 
7e77b0000000-7e77b1567000 rw-p 00000000 00:00 0 
7e77b1567000-7e77b4000000 ---p 00000000 00:00 0 
7e77b4000000-7e77b40e0000 rw-p 00000000 00:00 0 
7e77b40e0000-7e77b8000000 ---p 00000000 00:00 0 
7e77b8000000-7e77b81b0000 rw-p 00000000 00:00 0 
7e77b81b0000-7e77bc000000 ---p 00000000 00:00 0 
7e77bc000000-7e77bcf79000 rw-p 00000000 00:00 0 
7e77bcf79000-7e77c0000000 ---p 00000000 00:00 0 
7e77c0000000-7e77c0021000 rw-p 00000000 00:00 0 
7e77c0021000-7e77c4000000 ---p 00000000 00:00 0 
7e77c4000000-7e77c78cb000 rw-p 00000000 00:00 0 
7e77c78cb000-7e77c8000000 ---p 00000000 00:00 0 
7e77c8000000-7e77c9e14000 rw-p 00000000 00:00 0 
7e77c9e14000-7e77cc000000 ---p 00000000 00:00 0 
7e77cc000000-7e77cc0ca000 rw-p 00000000 00:00 0 
7e77cc0ca000-7e77d0000000 ---p 00000000 00:00 0 
7e77d0000000-7e77d0021000 rw-p 00000000 00:00 0 
7e77d0021000-7e77d4000000 ---p 00000000 00:00 0 
7e77d4000000-7e77d4dda000 rw-p 00000000 00:00 0 
7e77d4dda000-7e77d8000000 ---p 00000000 00:00 0 
7e77d8000000-7e77d8092000 rw-p 00000000 00:00 0 
7e77d8092000-7e77dc000000 ---p 00000000 00:00 0 
7e77dc000000-7e77dc3a0000 rw-p 00000000 00:00 0 
7e77dc3a0000-7e77e0000000 ---p 00000000 00:00 0 
7e77e0000000-7e77e00d3000 rw-p 00000000 00:00 0 
7e77e00d3000-7e77e4000000 ---p 00000000 00:00 0 
7e77e4000000-7e77e4600000 rw-p 00000000 00:00 0 
7e77e4600000-7e77e4680000 rw-p 00000000 00:00 0 
7e77e4680000-7e77e4700000 rw-p 00000000 00:00 0 
7e77e4700000-7e77e4900000 rw-p 00000000 00:00 0 
7e77e4900000-7e77e4980000 rw-p 00000000 00:00 0 
7e77e4980000-7e77e4a80000 rw-p 00000000 00:00 0 
7e77e4a80000-7e77e4b00000 rw-p 00000000 00:00 0 
7e77e4b00000-7e77e4d00000 rw-p 00000000 00:00 0 
7e77e4d00000-7e77e4e00000 rw-p 00000000 00:00 0 
7e77e4e00000-7e77e5100000 rw-p 00000000 00:00 0 
7e77e5100000-7e77e5380000 rw-p 00000000 00:00 0 
7e77e5380000-7e77e5400000 rw-p 00000000 00:00 0 
7e77e5400000-7e77e5500000 rw-p 00000000 00:00 0 
7e77e5500000-7e77e5600000 rw-p 00000000 00:00 0 
7e77e5600000-7e77e5980000 rw-p 00000000 00:00 0 
7e77e5980000-7e77e5a00000 rw-p 00000000 00:00 0 
7e77e5a00000-7e77e5a80000 rw-p 00000000 00:00 0 
7e77e5a80000-7e77e5b00000 rw-p 00000000 00:00 0 
7e77e5b00000-7e77e5c00000 rw-p 00000000 00:00 0 
7e77e5c00000-7e77e6500000 rw-p 00000000 00:00 0 
7e77e6500000-7e77e6780000 rw-p 00000000 00:00 0 
7e77e6780000-7e77e6900000 rw-p 00000000 00:00 0 
7e77e6900000-7e77e6940000 rw-p 00000000 00:00 0 
7e77e6940000-7e77e6980000 rw-p 00000000 00:00 0 
7e77e6980000-7e77e7800000 rw-p 00000000 00:00 0 
7e77e7800000-7e77e8000000 rw-p 00000000 00:00 0 
7e77e8000000-7e77e8021000 rw-p 00000000 00:00 0 
7e77e8021000-7e77ec000000 ---p 00000000 00:00 0 
7e77ec000000-7e77ec021000 rw-p 00000000 00:00 0 
7e77ec021000-7e77f0000000 ---p 00000000 00:00 0 
7e77f0000000-7e77f0021000 rw-p 00000000 00:00 0 
7e77f0021000-7e77f4000000 ---p 00000000 00:00 0 
7e77f4000000-7e77f4002000 rw-s 00000000 00:01 3106605                    /memfd:/.glXXXXXX (deleted)
7e77f4002000-7e77f4042000 rw-s 00000000 00:07 1194                       /dev/nvidiactl
7e77f4042000-7e77f4043000 rw-s 00000000 00:07 1194                       /dev/nvidiactl
7e77f4043000-7e77f4044000 rw-s 00000000 00:07 1194                       /dev/nvidiactl
7e77f4044000-7e77f4048000 rw-s 00000000 00:07 1194                       /dev/nvidiactl
7e77f4048000-7e77f405b000 rw-s 00000000 00:07 1194                       /dev/nvidiactl
7e77f405b000-7e77f405c000 rw-s 00000000 00:07 1195                       /dev/nvidia0
7e77f405c000-7e77f405e000 rw-s 00000000 00:07 1194                       /dev/nvidiactl
7e77f405e000-7e77f405f000 rw-s 00000000 00:07 1194                       /dev/nvidiactl
7e77f405f000-7e77f4060000 rw-s 00000000 00:07 1194                       /dev/nvidiactl
7e77f4061000-7e77f4062000 rw-s 00044000 00:01 11267                      /memfd:/.nvidia_drv.XXXXXX (deleted)
7e77f4062000-7e77f40a2000 rw-s 00000000 00:07 1194                       /dev/nvidiactl
7e77f40a2000-7e77f40c2000 rw-s 00000000 00:07 1194                       /dev/nvidiactl
7e77f40c2000-7e77f4142000 rw-s 00000000 00:07 1195                       /dev/nvidia0
7e77f4142000-7e77f4182000 rw-s 00000000 00:07 1194                       /dev/nvidiactl
7e77f4182000-7e77f4186000 r--p 00000000 103:02 1580329                   /usr/lib/x86_64-linux-gnu/libnvidia-allocator.so.580.173.02
7e77f4186000-7e77f419f000 r-xp 00004000 103:02 1580329                   /usr/lib/x86_64-linux-gnu/libnvidia-allocator.so.580.173.02
7e77f419f000-7e77f41aa000 r--p 0001d000 103:02 1580329                   /usr/lib/x86_64-linux-gnu/libnvidia-allocator.so.580.173.02
7e77f41aa000-7e77f41ab000 r--p 00027000 103:02 1580329                   /usr/lib/x86_64-linux-gnu/libnvidia-allocator.so.580.173.02
7e77f41ab000-7e77f41ac000 rw-p 00028000 103:02 1580329                   /usr/lib/x86_64-linux-gnu/libnvidia-allocator.so.580.173.02
7e77f41ac000-7e77f41ae000 rw-p 00000000 00:00 0 
7e77f41ae000-7e77f41b3000 r--p 00000000 103:02 1580131                   /usr/lib/x86_64-linux-gnu/libdrm.so.2.125.0
7e77f41b3000-7e77f41bf000 r-xp 00005000 103:02 1580131                   /usr/lib/x86_64-linux-gnu/libdrm.so.2.125.0
7e77f41bf000-7e77f41c3000 r--p 00011000 103:02 1580131                   /usr/lib/x86_64-linux-gnu/libdrm.so.2.125.0
7e77f41c3000-7e77f41c4000 r--p 00015000 103:02 1580131                   /usr/lib/x86_64-linux-gnu/libdrm.so.2.125.0
7e77f41c4000-7e77f41c5000 rw-p 00016000 103:02 1580131                   /usr/lib/x86_64-linux-gnu/libdrm.so.2.125.0
7e77f41c5000-7e77f41c9000 r--p 00000000 103:02 1588561                   /usr/lib/x86_64-linux-gnu/libgpg-error.so.0.34.0
7e77f41c9000-7e77f41df000 r-xp 00004000 103:02 1588561                   /usr/lib/x86_64-linux-gnu/libgpg-error.so.0.34.0
7e77f41df000-7e77f41e8000 r--p 0001a000 103:02 1588561                   /usr/lib/x86_64-linux-gnu/libgpg-error.so.0.34.0
7e77f41e8000-7e77f41e9000 r--p 00023000 103:02 1588561                   /usr/lib/x86_64-linux-gnu/libgpg-error.so.0.34.0
7e77f41e9000-7e77f41ea000 rw-p 00024000 103:02 1588561                   /usr/lib/x86_64-linux-gnu/libgpg-error.so.0.34.0
7e77f41ea000-7e77f41ee000 r--p 00000000 103:02 1589100                   /usr/lib/x86_64-linux-gnu/libzstd.so.1.5.5
7e77f41ee000-7e77f4295000 r-xp 00004000 103:02 1589100                   /usr/lib/x86_64-linux-gnu/libzstd.so.1.5.5
7e77f4295000-7e77f42a2000 r--p 000ab000 103:02 1589100                   /usr/lib/x86_64-linux-gnu/libzstd.so.1.5.5
7e77f42a2000-7e77f42a3000 r--p 000b7000 103:02 1589100                   /usr/lib/x86_64-linux-gnu/libzstd.so.1.5.5
7e77f42a3000-7e77f42a4000 rw-p 000b8000 103:02 1589100                   /usr/lib/x86_64-linux-gnu/libzstd.so.1.5.5
7e77f42a4000-7e77f42a7000 r--p 00000000 103:02 1576704                   /usr/lib/x86_64-linux-gnu/liblzma.so.5.4.5
7e77f42a7000-7e77f42c9000 r-xp 00003000 103:02 1576704                   /usr/lib/x86_64-linux-gnu/liblzma.so.5.4.5
7e77f42c9000-7e77f42d4000 r--p 00025000 103:02 1576704                   /usr/lib/x86_64-linux-gnu/liblzma.so.5.4.5
7e77f42d4000-7e77f42d5000 r--p 00030000 103:02 1576704                   /usr/lib/x86_64-linux-gnu/liblzma.so.5.4.5
7e77f42d5000-7e77f42d6000 rw-p 00031000 103:02 1576704                   /usr/lib/x86_64-linux-gnu/liblzma.so.5.4.5
7e77f42d6000-7e77f42d9000 r--p 00000000 103:02 1588705                   /usr/lib/x86_64-linux-gnu/liblz4.so.1.9.4
7e77f42d9000-7e77f42f4000 r-xp 00003000 103:02 1588705                   /usr/lib/x86_64-linux-gnu/liblz4.so.1.9.4
7e77f42f4000-7e77f42f6000 r--p 0001e000 103:02 1588705                   /usr/lib/x86_64-linux-gnu/liblz4.so.1.9.4
7e77f42f6000-7e77f42f7000 r--p 00020000 103:02 1588705                   /usr/lib/x86_64-linux-gnu/liblz4.so.1.9.4
7e77f42f7000-7e77f42f8000 rw-p 00021000 103:02 1588705                   /usr/lib/x86_64-linux-gnu/liblz4.so.1.9.4
7e77f42f8000-7e77f4307000 r--p 00000000 103:02 1579399                   /usr/lib/x86_64-linux-gnu/libgcrypt.so.20.4.3
7e77f4307000-7e77f43fc000 r-xp 0000f000 103:02 1579399                   /usr/lib/x86_64-linux-gnu/libgcrypt.so.20.4.3
7e77f43fc000-7e77f4437000 r--p 00104000 103:02 1579399                   /usr/lib/x86_64-linux-gnu/libgcrypt.so.20.4.3
7e77f4437000-7e77f443c000 r--p 0013f000 103:02 1579399                   /usr/lib/x86_64-linux-gnu/libgcrypt.so.20.4.3
7e77f443c000-7e77f4440000 rw-p 00144000 103:02 1579399                   /usr/lib/x86_64-linux-gnu/libgcrypt.so.20.4.3
7e77f4440000-7e77f4441000 rw-p 00000000 00:00 0 
7e77f4441000-7e77f4457000 r--p 00000000 103:02 1574231                   /usr/lib/x86_64-linux-gnu/libsystemd.so.0.38.0
7e77f4457000-7e77f44e6000 r-xp 00016000 103:02 1574231                   /usr/lib/x86_64-linux-gnu/libsystemd.so.0.38.0
7e77f44e6000-7e77f4514000 r--p 000a5000 103:02 1574231                   /usr/lib/x86_64-linux-gnu/libsystemd.so.0.38.0
7e77f4514000-7e77f451f000 r--p 000d2000 103:02 1574231                   /usr/lib/x86_64-linux-gnu/libsystemd.so.0.38.0
7e77f451f000-7e77f4520000 rw-p 000dd000 103:02 1574231                   /usr/lib/x86_64-linux-gnu/libsystemd.so.0.38.0
7e77f4520000-7e77f4521000 rw-p 00000000 00:00 0 
7e77f4521000-7e77f452d000 r--p 00000000 103:02 1588412                   /usr/lib/x86_64-linux-gnu/libdbus-1.so.3.32.4
7e77f452d000-7e77f455d000 r-xp 0000c000 103:02 1588412                   /usr/lib/x86_64-linux-gnu/libdbus-1.so.3.32.4
7e77f455d000-7e77f456e000 r--p 0003c000 103:02 1588412                   /usr/lib/x86_64-linux-gnu/libdbus-1.so.3.32.4
7e77f456e000-7e77f456f000 r--p 0004c000 103:02 1588412                   /usr/lib/x86_64-linux-gnu/libdbus-1.so.3.32.4
7e77f456f000-7e77f4570000 rw-p 0004d000 103:02 1588412                   /usr/lib/x86_64-linux-gnu/libdbus-1.so.3.32.4
7e77f4570000-7e77f4571000 r--s 00000000 103:02 8133109                   /var/cache/fontconfig/da43223dd54fb3bb4243ae19d4b583b2-le64.cache-9
7e77f4571000-7e77f4572000 rw-s 00000000 00:07 1194                       /dev/nvidiactl
7e77f4572000-7e77f4573000 rw-s 00000000 00:07 1194                       /dev/nvidiactl
7e77f4573000-7e77f4574000 rw-s 00044000 00:01 11267                      /memfd:/.nvidia_drv.XXXXXX (deleted)
7e77f4574000-7e77f4575000 r--s 00000000 00:07 1194                       /dev/nvidiactl
7e77f4575000-7e77f4577000 r--p 00000000 103:02 1588135                   /usr/lib/x86_64-linux-gnu/libgbm.so.1.0.0
7e77f4577000-7e77f4579000 r-xp 00002000 103:02 1588135                   /usr/lib/x86_64-linux-gnu/libgbm.so.1.0.0
7e77f4579000-7e77f457a000 r--p 00004000 103:02 1588135                   /usr/lib/x86_64-linux-gnu/libgbm.so.1.0.0
7e77f457a000-7e77f457b000 r--p 00004000 103:02 1588135                   /usr/lib/x86_64-linux-gnu/libgbm.so.1.0.0
7e77f457b000-7e77f457c000 rw-p 00005000 103:02 1588135                   /usr/lib/x86_64-linux-gnu/libgbm.so.1.0.0
7e77f457c000-7e77f457d000 r--p 00000000 103:02 6975091                   /home/sergey/.local/state/Defold/unpack/574678c7d44be490d874fbed2d0ae6211feec4d9-x86_64/x86_64-linux/lib/libmouse_capture_shared.so
7e77f457d000-7e77f457f000 r-xp 00000000 103:02 6975091                   /home/sergey/.local/state/Defold/unpack/574678c7d44be490d874fbed2d0ae6211feec4d9-x86_64/x86_64-linux/lib/libmouse_capture_shared.so
7e77f457f000-7e77f4580000 r--p 00001000 103:02 6975091                   /home/sergey/.local/state/Defold/unpack/574678c7d44be490d874fbed2d0ae6211feec4d9-x86_64/x86_64-linux/lib/libmouse_capture_shared.so
7e77f4580000-7e77f4581000 rw-p 00001000 103:02 6975091                   /home/sergey/.local/state/Defold/unpack/574678c7d44be490d874fbed2d0ae6211feec4d9-x86_64/x86_64-linux/lib/libmouse_capture_shared.so
7e77f4581000-7e77f4582000 r--p 00000000 103:02 12736431                  /home/sergey/defold_engines/1.13.1/packages/jdk-25+36/lib/libjawt.so
7e77f4582000-7e77f4583000 r-xp 00001000 103:02 12736431                  /home/sergey/defold_engines/1.13.1/packages/jdk-25+36/lib/libjawt.so
7e77f4583000-7e77f4584000 r--p 00002000 103:02 12736431                  /home/sergey/defold_engines/1.13.1/packages/jdk-25+36/lib/libjawt.so
7e77f4584000-7e77f4585000 r--p 00002000 103:02 12736431                  /home/sergey/defold_engines/1.13.1/packages/jdk-25+36/lib/libjawt.so
7e77f4585000-7e77f4586000 rw-p 00003000 103:02 12736431                  /home/sergey/defold_engines/1.13.1/packages/jdk-25+36/lib/libjawt.so
7e77f4586000-7e77f4587000 r--p 00000000 103:02 6975099                   /home/sergey/.local/state/Defold/unpack/574678c7d44be490d874fbed2d0ae6211feec4d9-x86_64/x86_64-linux/lib/libnativewindow_awt.so
7e77f4587000-7e77f4588000 r-xp 00001000 103:02 6975099                   /home/sergey/.local/state/Defold/unpack/574678c7d44be490d874fbed2d0ae6211feec4d9-x86_64/x86_64-linux/lib/libnativewindow_awt.so
7e77f4588000-7e77f4589000 r--p 00002000 103:02 6975099                   /home/sergey/.local/state/Defold/unpack/574678c7d44be490d874fbed2d0ae6211feec4d9-x86_64/x86_64-linux/lib/libnativewindow_awt.so
7e77f4589000-7e77f458a000 r--p 00002000 103:02 6975099                   /home/sergey/.local/state/Defold/unpack/574678c7d44be490d874fbed2d0ae6211feec4d9-x86_64/x86_64-linux/lib/libnativewindow_awt.so
7e77f458a000-7e77f458b000 rw-p 00003000 103:02 6975099                   /home/sergey/.local/state/Defold/unpack/574678c7d44be490d874fbed2d0ae6211feec4d9-x86_64/x86_64-linux/lib/libnativewindow_awt.so
7e77f458b000-7e77f458d000 r--p 00000000 103:02 6975097                   /home/sergey/.local/state/Defold/unpack/574678c7d44be490d874fbed2d0ae6211feec4d9-x86_64/x86_64-linux/lib/libgluegen_rt.so
7e77f458d000-7e77f458e000 r-xp 00002000 103:02 6975097                   /home/sergey/.local/state/Defold/unpack/574678c7d44be490d874fbed2d0ae6211feec4d9-x86_64/x86_64-linux/lib/libgluegen_rt.so
7e77f458e000-7e77f458f000 r--p 00003000 103:02 6975097                   /home/sergey/.local/state/Defold/unpack/574678c7d44be490d874fbed2d0ae6211feec4d9-x86_64/x86_64-linux/lib/libgluegen_rt.so
7e77f458f000-7e77f4590000 r--p 00003000 103:02 6975097                   /home/sergey/.local/state/Defold/unpack/574678c7d44be490d874fbed2d0ae6211feec4d9-x86_64/x86_64-linux/lib/libgluegen_rt.so
7e77f4590000-7e77f4591000 rw-p 00004000 103:02 6975097                   /home/sergey/.local/state/Defold/unpack/574678c7d44be490d874fbed2d0ae6211feec4d9-x86_64/x86_64-linux/lib/libgluegen_rt.so
7e77f4591000-7e77f4592000 r--p 00000000 103:02 1588206                   /usr/lib/x86_64-linux-gnu/libX11-xcb.so.1.0.0
7e77f4592000-7e77f4593000 r-xp 00001000 103:02 1588206                   /usr/lib/x86_64-linux-gnu/libX11-xcb.so.1.0.0
7e77f4593000-7e77f4594000 r--p 00002000 103:02 1588206                   /usr/lib/x86_64-linux-gnu/libX11-xcb.so.1.0.0
7e77f4594000-7e77f4595000 r--p 00002000 103:02 1588206                   /usr/lib/x86_64-linux-gnu/libX11-xcb.so.1.0.0
7e77f4595000-7e77f4596000 rw-p 00003000 103:02 1588206                   /usr/lib/x86_64-linux-gnu/libX11-xcb.so.1.0.0
7e77f4596000-7e77f459d000 r--p 00000000 103:02 1589070                   /usr/lib/x86_64-linux-gnu/libxcb-randr.so.0.1.0
7e77f459d000-7e77f45a2000 r-xp 00007000 103:02 1589070                   /usr/lib/x86_64-linux-gnu/libxcb-randr.so.0.1.0
7e77f45a2000-7e77f45a5000 r--p 0000c000 103:02 1589070                   /usr/lib/x86_64-linux-gnu/libxcb-randr.so.0.1.0
7e77f45a5000-7e77f45a6000 r--p 0000f000 103:02 1589070                   /usr/lib/x86_64-linux-gnu/libxcb-randr.so.0.1.0
7e77f45a6000-7e77f45a7000 rw-p 00010000 103:02 1589070                   /usr/lib/x86_64-linux-gnu/libxcb-randr.so.0.1.0
7e77f45a7000-7e77f45b2000 r--p 00000000 103:02 1589065                   /usr/lib/x86_64-linux-gnu/libxcb-glx.so.0.0.0
7e77f45b2000-7e77f45bb000 r-xp 0000b000 103:02 1589065                   /usr/lib/x86_64-linux-gnu/libxcb-glx.so.0.0.0
7e77f45bb000-7e77f45c0000 r--p 00014000 103:02 1589065                   /usr/lib/x86_64-linux-gnu/libxcb-glx.so.0.0.0
7e77f45c0000-7e77f45c2000 r--p 00019000 103:02 1589065                   /usr/lib/x86_64-linux-gnu/libxcb-glx.so.0.0.0
7e77f45c2000-7e77f45c3000 rw-p 0001b000 103:02 1589065                   /usr/lib/x86_64-linux-gnu/libxcb-glx.so.0.0.0
7e77f45c3000-7e77f45d3000 r--p 00000000 103:02 1590152                   /usr/lib/x86_64-linux-gnu/libnvidia-glsi.so.580.173.02
7e77f45d3000-7e77f4633000 r-xp 00010000 103:02 1590152                   /usr/lib/x86_64-linux-gnu/libnvidia-glsi.so.580.173.02
7e77f4633000-7e77f4650000 r--p 00070000 103:02 1590152                   /usr/lib/x86_64-linux-gnu/libnvidia-glsi.so.580.173.02
7e77f4650000-7e77f4656000 r--p 0008c000 103:02 1590152                   /usr/lib/x86_64-linux-gnu/libnvidia-glsi.so.580.173.02
7e77f4656000-7e77f4657000 rw-p 00092000 103:02 1590152                   /usr/lib/x86_64-linux-gnu/libnvidia-glsi.so.580.173.02
7e77f4657000-7e77f465f000 rw-p 00000000 00:00 0 
7e77f465f000-7e77f46b0000 r--p 00000000 103:02 1582047                   /usr/lib/x86_64-linux-gnu/libGLX_nvidia.so.580.173.02
7e77f46b0000-7e77f470d000 r-xp 00051000 103:02 1582047                   /usr/lib/x86_64-linux-gnu/libGLX_nvidia.so.580.173.02
7e77f470d000-7e77f4742000 rwxp 000ae000 103:02 1582047                   /usr/lib/x86_64-linux-gnu/libGLX_nvidia.so.580.173.02
7e77f4742000-7e77f4743000 r-xp 000e3000 103:02 1582047                   /usr/lib/x86_64-linux-gnu/libGLX_nvidia.so.580.173.02
7e77f4743000-7e77f4763000 r--p 000e4000 103:02 1582047                   /usr/lib/x86_64-linux-gnu/libGLX_nvidia.so.580.173.02
7e77f4763000-7e77f4783000 r--p 00103000 103:02 1582047                   /usr/lib/x86_64-linux-gnu/libGLX_nvidia.so.580.173.02
7e77f4783000-7e77f4788000 rw-p 00123000 103:02 1582047                   /usr/lib/x86_64-linux-gnu/libGLX_nvidia.so.580.173.02
7e77f4788000-7e77f478a000 rw-p 00000000 00:00 0 
7e77f478a000-7e77f478c000 r--p 00000000 103:02 1588720                   /usr/lib/x86_64-linux-gnu/libmd.so.0.1.0
7e77f478c000-7e77f4795000 r-xp 00002000 103:02 1588720                   /usr/lib/x86_64-linux-gnu/libmd.so.0.1.0
7e77f4795000-7e77f4797000 r--p 0000b000 103:02 1588720                   /usr/lib/x86_64-linux-gnu/libmd.so.0.1.0
7e77f4797000-7e77f4798000 r--p 0000c000 103:02 1588720                   /usr/lib/x86_64-linux-gnu/libmd.so.0.1.0
7e77f4798000-7e77f4799000 rw-p 0000d000 103:02 1588720                   /usr/lib/x86_64-linux-gnu/libmd.so.0.1.0
7e77f4799000-7e77f479d000 r--p 00000000 103:02 1588361                   /usr/lib/x86_64-linux-gnu/libbsd.so.0.12.1
7e77f479d000-7e77f47a9000 r-xp 00004000 103:02 1588361                   /usr/lib/x86_64-linux-gnu/libbsd.so.0.12.1
7e77f47a9000-7e77f47ac000 r--p 00010000 103:02 1588361                   /usr/lib/x86_64-linux-gnu/libbsd.so.0.12.1
7e77f47ac000-7e77f47ad000 r--p 00012000 103:02 1588361                   /usr/lib/x86_64-linux-gnu/libbsd.so.0.12.1
7e77f47ad000-7e77f47ae000 rw-p 00013000 103:02 1588361                   /usr/lib/x86_64-linux-gnu/libbsd.so.0.12.1
7e77f47ae000-7e77f47af000 rw-p 00000000 00:00 0 
7e77f47af000-7e77f47b2000 r--p 00000000 103:02 1588193                   /usr/lib/x86_64-linux-gnu/libGLX.so.0.0.0
7e77f47b2000-7e77f47cd000 r-xp 00003000 103:02 1588193                   /usr/lib/x86_64-linux-gnu/libGLX.so.0.0.0
7e77f47cd000-7e77f47d0000 r--p 0001e000 103:02 1588193                   /usr/lib/x86_64-linux-gnu/libGLX.so.0.0.0
7e77f47d0000-7e77f47d1000 r--p 00020000 103:02 1588193                   /usr/lib/x86_64-linux-gnu/libGLX.so.0.0.0
7e77f47d1000-7e77f47d2000 rw-p 00021000 103:02 1588193                   /usr/lib/x86_64-linux-gnu/libGLX.so.0.0.0
7e77f47d2000-7e77f47e2000 rw-p 00000000 00:00 0 
7e77f47e2000-7e77f4823000 r--p 00000000 103:02 1588195                   /usr/lib/x86_64-linux-gnu/libGLdispatch.so.0.0.0
7e77f4823000-7e77f4826000 r-xp 00041000 103:02 1588195                   /usr/lib/x86_64-linux-gnu/libGLdispatch.so.0.0.0
7e77f4826000-7e77f4861000 r-xp 00044000 103:02 1588195                   /usr/lib/x86_64-linux-gnu/libGLdispatch.so.0.0.0
7e77f4861000-7e77f4862000 r-xp 0007f000 103:02 1588195                   /usr/lib/x86_64-linux-gnu/libGLdispatch.so.0.0.0
7e77f4862000-7e77f4875000 r--p 00080000 103:02 1588195                   /usr/lib/x86_64-linux-gnu/libGLdispatch.so.0.0.0
7e77f4875000-7e77f4891000 r--p 00093000 103:02 1588195                   /usr/lib/x86_64-linux-gnu/libGLdispatch.so.0.0.0
7e77f4891000-7e77f4892000 rw-p 000af000 103:02 1588195                   /usr/lib/x86_64-linux-gnu/libGLdispatch.so.0.0.0
7e77f4892000-7e77f489a000 rw-p 00000000 00:00 0 
7e77f489a000-7e77f48a5000 r--p 00000000 103:02 1589081                   /usr/lib/x86_64-linux-gnu/libxcb.so.1.1.0
7e77f48a5000-7e77f48b8000 r-xp 0000b000 103:02 1589081                   /usr/lib/x86_64-linux-gnu/libxcb.so.1.1.0
7e77f48b8000-7e77f48c1000 r--p 0001e000 103:02 1589081                   /usr/lib/x86_64-linux-gnu/libxcb.so.1.1.0
7e77f48c1000-7e77f48c2000 r--p 00026000 103:02 1589081                   /usr/lib/x86_64-linux-gnu/libxcb.so.1.1.0
7e77f48c2000-7e77f48c3000 rw-p 00027000 103:02 1589081                   /usr/lib/x86_64-linux-gnu/libxcb.so.1.1.0
7e77f48c3000-7e77f48dc000 r--p 00000000 103:02 1588207                   /usr/lib/x86_64-linux-gnu/libX11.so.6.4.0
7e77f48dc000-7e77f496c000 r-xp 00019000 103:02 1588207                   /usr/lib/x86_64-linux-gnu/libX11.so.6.4.0
7e77f496c000-7e77f49fb000 r--p 000a9000 103:02 1588207                   /usr/lib/x86_64-linux-gnu/libX11.so.6.4.0
7e77f49fb000-7e77f49fc000 r--p 00138000 103:02 1588207                   /usr/lib/x86_64-linux-gnu/libX11.so.6.4.0
7e77f49fc000-7e77f4a00000 rw-p 00139000 103:02 1588207                   /usr/lib/x86_64-linux-gnu/libX11.so.6.4.0
7e77f4a00000-7e77f4a04000 ---p 00000000 00:00 0 
7e77f4a04000-7e77f4b00000 rw-p 00000000 00:00 0 
7e77f4b00000-7e77f4b04000 ---p 00000000 00:00 0 
7e77f4b04000-7e77f4c00000 rw-p 00000000 00:00 0 
7e77f4c00000-7e77f4c04000 ---p 00000000 00:00 0 
7e77f4c04000-7e77f4d00000 rw-p 00000000 00:00 0 
7e77f4d00000-7e77f4d04000 ---p 00000000 00:00 0 
7e77f4d04000-7e77f4e00000 rw-p 00000000 00:00 0 
7e77f4e00000-7e77f4e04000 ---p 00000000 00:00 0 
7e77f4e04000-7e77f4f00000 rw-p 00000000 00:00 0 
7e77f4f00000-7e77f4f04000 ---p 00000000 00:00 0 
7e77f4f04000-7e77f5000000 rw-p 00000000 00:00 0 
7e77f5000000-7e77f5004000 ---p 00000000 00:00 0 
7e77f5004000-7e77f5100000 rw-p 00000000 00:00 0 
7e77f5100000-7e77f5104000 ---p 00000000 00:00 0 
7e77f5104000-7e77f5200000 rw-p 00000000 00:00 0 
7e77f5200000-7e77f5204000 ---p 00000000 00:00 0 
7e77f5204000-7e77f5300000 rw-p 00000000 00:00 0 
7e77f5300000-7e77f5304000 ---p 00000000 00:00 0 
7e77f5304000-7e77f5400000 rw-p 00000000 00:00 0 
7e77f5400000-7e77f5404000 ---p 00000000 00:00 0 
7e77f5404000-7e77f5500000 rw-p 00000000 00:00 0 
7e77f5500000-7e77f5504000 ---p 00000000 00:00 0 
7e77f5504000-7e77f5600000 rw-p 00000000 00:00 0 
7e77f5600000-7e77f5b75000 r--p 00000000 103:02 1573270                   /usr/lib/locale/locale-archive
7e77f5b75000-7e77f5b76000 r--s 00000000 00:3b 1606                       /run/user/1000/dconf/user (deleted)
7e77f5b76000-7e77f5b77000 r--p 00000000 103:02 1862261                   /usr/share/locale-langpack/en/LC_MESSAGES/gtk30.mo
7e77f5b77000-7e77f5b78000 rw-s 00000000 00:07 1194                       /dev/nvidiactl
7e77f5b78000-7e77f5b7a000 r--p 00000000 103:02 1589064                   /usr/lib/x86_64-linux-gnu/libxcb-dri3.so.0.1.0
7e77f5b7a000-7e77f5b7c000 r-xp 00002000 103:02 1589064                   /usr/lib/x86_64-linux-gnu/libxcb-dri3.so.0.1.0
7e77f5b7c000-7e77f5b7d000 r--p 00004000 103:02 1589064                   /usr/lib/x86_64-linux-gnu/libxcb-dri3.so.0.1.0
7e77f5b7d000-7e77f5b7e000 r--p 00004000 103:02 1589064                   /usr/lib/x86_64-linux-gnu/libxcb-dri3.so.0.1.0
7e77f5b7e000-7e77f5b7f000 rw-p 00005000 103:02 1589064                   /usr/lib/x86_64-linux-gnu/libxcb-dri3.so.0.1.0
7e77f5b7f000-7e77f5b81000 r--p 00000000 103:02 1588214                   /usr/lib/x86_64-linux-gnu/libXdmcp.so.6.0.0
7e77f5b81000-7e77f5b83000 r-xp 00002000 103:02 1588214                   /usr/lib/x86_64-linux-gnu/libXdmcp.so.6.0.0
7e77f5b83000-7e77f5b85000 r--p 00004000 103:02 1588214                   /usr/lib/x86_64-linux-gnu/libXdmcp.so.6.0.0
7e77f5b85000-7e77f5b86000 r--p 00005000 103:02 1588214                   /usr/lib/x86_64-linux-gnu/libXdmcp.so.6.0.0
7e77f5b86000-7e77f5b87000 rw-p 00006000 103:02 1588214                   /usr/lib/x86_64-linux-gnu/libXdmcp.so.6.0.0
7e77f5b87000-7e77f5b8b000 r--p 00000000 103:02 1588215                   /usr/lib/x86_64-linux-gnu/libXext.so.6.4.0
7e77f5b8b000-7e77f5b96000 r-xp 00004000 103:02 1588215                   /usr/lib/x86_64-linux-gnu/libXext.so.6.4.0
7e77f5b96000-7e77f5b99000 r--p 0000f000 103:02 1588215                   /usr/lib/x86_64-linux-gnu/libXext.so.6.4.0
7e77f5b99000-7e77f5b9a000 r--p 00011000 103:02 1588215                   /usr/lib/x86_64-linux-gnu/libXext.so.6.4.0
7e77f5b9a000-7e77f5b9b000 rw-p 00012000 103:02 1588215                   /usr/lib/x86_64-linux-gnu/libXext.so.6.4.0
7e77f5b9b000-7e77f5bde000 r--p 00000000 103:02 1588190                   /usr/lib/x86_64-linux-gnu/libGL.so.1.7.0
7e77f5bde000-7e77f5be2000 r-xp 00043000 103:02 1588190                   /usr/lib/x86_64-linux-gnu/libGL.so.1.7.0
7e77f5be2000-7e77f5bfd000 r-xp 00047000 103:02 1588190                   /usr/lib/x86_64-linux-gnu/libGL.so.1.7.0
7e77f5bfd000-7e77f5bfe000 r-xp 00062000 103:02 1588190                   /usr/lib/x86_64-linux-gnu/libGL.so.1.7.0
7e77f5bfe000-7e77f5c12000 r--p 00063000 103:02 1588190                   /usr/lib/x86_64-linux-gnu/libGL.so.1.7.0
7e77f5c12000-7e77f5c20000 r--p 00077000 103:02 1588190                   /usr/lib/x86_64-linux-gnu/libGL.so.1.7.0
7e77f5c20000-7e77f5c21000 rw-p 00085000 103:02 1588190                   /usr/lib/x86_64-linux-gnu/libGL.so.1.7.0
7e77f5c21000-7e77f5c22000 rw-p 00000000 00:00 0 
7e77f5c22000-7e77f5c26000 ---p 00000000 00:00 0 
7e77f5c26000-7e77f5d22000 rw-p 00000000 00:00 0 
7e77f5d22000-7e77f5d23000 ---p 00000000 00:00 0 
7e77f5d23000-7e77f5e23000 rw-p 00000000 00:00 0 
7e77f5e23000-7e77f5e24000 ---p 00000000 00:00 0 
7e77f5e24000-7e77f5f24000 rw-p 00000000 00:00 0 
7e77f5f24000-7e77f8021000 rw-p 00000000 00:00 0 
7e77f8021000-7e77fc000000 ---p 00000000 00:00 0 
7e77fc000000-7e77fc021000 rw-p 00000000 00:00 0 
7e77fc021000-7e7800000000 ---p 00000000 00:00 0 
7e7800000000-7e7800021000 rw-p 00000000 00:00 0 
7e7800021000-7e7804000000 ---p 00000000 00:00 0 
7e7804000000-7e7804001000 rw-s 00000000 00:07 1195                       /dev/nvidia0
7e7804001000-7e7804003000 rw-s 00000000 00:07 1194                       /dev/nvidiactl
7e7804003000-7e7804007000 rw-s 00000000 00:07 1194                       /dev/nvidiactl
7e7804007000-7e780400a000 r--p 00000000 103:02 1573021                   /usr/lib/x86_64-linux-gnu/libcap.so.2.66
7e780400a000-7e7804010000 r-xp 00003000 103:02 1573021                   /usr/lib/x86_64-linux-gnu/libcap.so.2.66
7e7804010000-7e7804012000 r--p 00009000 103:02 1573021                   /usr/lib/x86_64-linux-gnu/libcap.so.2.66
7e7804012000-7e7804013000 r--p 0000b000 103:02 1573021                   /usr/lib/x86_64-linux-gnu/libcap.so.2.66
7e7804013000-7e7804014000 rw-p 0000c000 103:02 1573021                   /usr/lib/x86_64-linux-gnu/libcap.so.2.66
7e7804014000-7e7804024000 rw-s 00000000 00:07 1195                       /dev/nvidia0
7e7804024000-7e7804028000 r--p 00000000 103:02 12736394                  /home/sergey/defold_engines/1.13.1/packages/jdk-25+36/lib/libverify.so
7e7804028000-7e7804031000 r-xp 00004000 103:02 12736394                  /home/sergey/defold_engines/1.13.1/packages/jdk-25+36/lib/libverify.so
7e7804031000-7e7804033000 r--p 0000d000 103:02 12736394                  /home/sergey/defold_engines/1.13.1/packages/jdk-25+36/lib/libverify.so
7e7804033000-7e7804035000 r--p 0000e000 103:02 12736394                  /home/sergey/defold_engines/1.13.1/packages/jdk-25+36/lib/libverify.so
7e7804035000-7e7804036000 rw-p 00010000 103:02 12736394                  /home/sergey/defold_engines/1.13.1/packages/jdk-25+36/lib/libverify.so
7e7804036000-7e780403e000 r--p 00000000 103:02 12736381                  /home/sergey/defold_engines/1.13.1/packages/jdk-25+36/lib/libnio.so
7e780403e000-7e7804047000 r-xp 00008000 103:02 12736381                  /home/sergey/defold_engines/1.13.1/packages/jdk-25+36/lib/libnio.so
7e7804047000-7e780404b000 r--p 00011000 103:02 12736381                  /home/sergey/defold_engines/1.13.1/packages/jdk-25+36/lib/libnio.so
7e780404b000-7e780404c000 r--p 00015000 103:02 12736381                  /home/sergey/defold_engines/1.13.1/packages/jdk-25+36/lib/libnio.so
7e780404c000-7e780404d000 rw-p 00016000 103:02 12736381                  /home/sergey/defold_engines/1.13.1/packages/jdk-25+36/lib/libnio.so
7e780404d000-7e780404e000 ---p 00000000 00:00 0 
7e780404e000-7e780414e000 rw-p 00000000 00:00 0 
7e780414e000-7e780414f000 ---p 00000000 00:00 0 
7e780414f000-7e780424f000 rw-p 00000000 00:00 0 
7e780424f000-7e7804c59000 rw-p 00000000 00:00 0 
7e7804c59000-7e7804c5a000 ---p 00000000 00:00 0 
7e7804c5a000-7e7804d5a000 rw-p 00000000 00:00 0 
7e7804d5a000-7e7804d5b000 ---p 00000000 00:00 0 
7e7804d5b000-7e7804e5b000 rw-p 00000000 00:00 0 
7e7804e5b000-7e7804e5c000 ---p 00000000 00:00 0 
7e7804e5c000-7e7804f5c000 rw-p 00000000 00:00 0 
7e7804f5c000-7e780589b000 rw-p 00000000 00:00 0 
7e780589b000-7e7805e1b000 ---p 00000000 00:00 0 
7e7805e1b000-7e7805e5b000 rw-p 00000000 00:00 0 
7e7805e5b000-7e781c5db000 ---p 00000000 00:00 0 
7e781c5db000-7e781c7ab000 rw-p 00000000 00:00 0 
7e781c7ab000-7e781c85b000 ---p 00000000 00:00 0 
7e781c85b000-7e781c863000 rw-p 00000000 00:00 0 
7e781c863000-7e781f553000 ---p 00000000 00:00 0 
7e781f553000-7e781f67b000 rw-p 00000000 00:00 0 
7e781f67b000-7e781f72b000 ---p 00000000 00:00 0 
7e781f72b000-7e781f733000 rw-p 00000000 00:00 0 
7e781f733000-7e7822423000 ---p 00000000 00:00 0 
7e7822423000-7e7822e00000 rw-p 00000000 00:00 0 
7e7822e00000-7e7824e80000 rwxp 00000000 00:00 0 
7e7824e80000-7e782a337000 ---p 00000000 00:00 0 
7e782a337000-7e782a647000 rwxp 00000000 00:00 0 
7e782a647000-7e782a8c8000 ---p 00000000 00:00 0 
7e782a8c8000-7e782b3d8000 rwxp 00000000 00:00 0 
7e782b3d8000-7e7831e00000 ---p 00000000 00:00 0 
7e7831e00000-7e7833eac000 r--s 00000000 103:02 12736389                  /home/sergey/defold_engines/1.13.1/packages/jdk-25+36/lib/modules
7e7833eac000-7e7833ead000 rw-s 00000000 00:07 1194                       /dev/nvidiactl
7e7833ead000-7e7833eae000 rw-s 00000000 00:07 1194                       /dev/nvidiactl
7e7833eae000-7e7833eaf000 rw-s 00000000 00:07 1194                       /dev/nvidiactl
7e7833eaf000-7e7833ebb000 r-xp 00000000 103:02 12735779                  /home/sergey/.openjfx/cache/25+29/amd64/libprism_es2.so
7e7833ebb000-7e7833ebc000 r--p 0000b000 103:02 12735779                  /home/sergey/.openjfx/cache/25+29/amd64/libprism_es2.so
7e7833ebc000-7e7833ebd000 rw-p 0000c000 103:02 12735779                  /home/sergey/.openjfx/cache/25+29/amd64/libprism_es2.so
7e7833ebd000-7e7833ebe000 r--p 00000000 103:02 12736368                  /home/sergey/defold_engines/1.13.1/packages/jdk-25+36/lib/libsimdsort.so
7e7833ebe000-7e7833ef7000 r-xp 00001000 103:02 12736368                  /home/sergey/defold_engines/1.13.1/packages/jdk-25+36/lib/libsimdsort.so
7e7833ef7000-7e7833efd000 r--p 0003a000 103:02 12736368                  /home/sergey/defold_engines/1.13.1/packages/jdk-25+36/lib/libsimdsort.so
7e7833efd000-7e7833efe000 r--p 0003f000 103:02 12736368                  /home/sergey/defold_engines/1.13.1/packages/jdk-25+36/lib/libsimdsort.so
7e7833efe000-7e7833eff000 rw-p 00040000 103:02 12736368                  /home/sergey/defold_engines/1.13.1/packages/jdk-25+36/lib/libsimdsort.so
7e7833eff000-7e7834404000 rw-p 00000000 00:00 0 
7e7834404000-7e7838000000 ---p 00000000 00:00 0 
7e7838001000-7e7838002000 r--p 00000000 00:00 0 
7e7838002000-7e7838003000 rw-s 00000000 00:07 1194                       /dev/nvidiactl
7e7838003000-7e7838004000 rw-s 00044000 00:01 11267                      /memfd:/.nvidia_drv.XXXXXX (deleted)
7e7838004000-7e783803a000 r--p 00000000 103:02 22554490                  /tmp/+JXF1546840219901043157.tmp
7e783803a000-7e783803d000 r--p 00000000 103:02 12736387                  /home/sergey/defold_engines/1.13.1/packages/jdk-25+36/lib/libmanagement.so
7e783803d000-7e783803e000 r-xp 00003000 103:02 12736387                  /home/sergey/defold_engines/1.13.1/packages/jdk-25+36/lib/libmanagement.so
7e783803e000-7e783803f000 r--p 00004000 103:02 12736387                  /home/sergey/defold_engines/1.13.1/packages/jdk-25+36/lib/libmanagement.so
7e783803f000-7e7838040000 r--p 00004000 103:02 12736387                  /home/sergey/defold_engines/1.13.1/packages/jdk-25+36/lib/libmanagement.so
7e7838040000-7e7838041000 rw-p 00005000 103:02 12736387                  /home/sergey/defold_engines/1.13.1/packages/jdk-25+36/lib/libmanagement.so
7e7838041000-7e7838058000 rw-p 00000000 00:00 0 
7e7838058000-7e783812c000 ---p 00000000 00:00 0 
7e783812c000-7e783816d000 rw-p 00000000 00:00 0 
7e783816d000-7e7838217000 ---p 00000000 00:00 0 
7e7838217000-7e783821b000 ---p 00000000 00:00 0 
7e783821b000-7e7838317000 rw-p 00000000 00:00 0 
7e7838317000-7e7838327000 r--p 00000000 103:02 1601934                   /usr/lib/x86_64-linux-gnu/libm.so.6
7e7838327000-7e78383a6000 r-xp 00010000 103:02 1601934                   /usr/lib/x86_64-linux-gnu/libm.so.6
7e78383a6000-7e78383fe000 r--p 0008f000 103:02 1601934                   /usr/lib/x86_64-linux-gnu/libm.so.6
7e78383fe000-7e78383ff000 r--p 000e7000 103:02 1601934                   /usr/lib/x86_64-linux-gnu/libm.so.6
7e78383ff000-7e7838400000 rw-p 000e8000 103:02 1601934                   /usr/lib/x86_64-linux-gnu/libm.so.6
7e7838400000-7e78386e2000 r--p 00000000 103:02 12736606                  /home/sergey/defold_engines/1.13.1/packages/jdk-25+36/lib/server/libjvm.so
7e78386e2000-7e78396e2000 r-xp 002e2000 103:02 12736606                  /home/sergey/defold_engines/1.13.1/packages/jdk-25+36/lib/server/libjvm.so
7e78396e2000-7e78399f2000 r--p 012e2000 103:02 12736606                  /home/sergey/defold_engines/1.13.1/packages/jdk-25+36/lib/server/libjvm.so
7e78399f2000-7e7839add000 r--p 015f2000 103:02 12736606                  /home/sergey/defold_engines/1.13.1/packages/jdk-25+36/lib/server/libjvm.so
7e7839add000-7e7839b08000 rw-p 016dd000 103:02 12736606                  /home/sergey/defold_engines/1.13.1/packages/jdk-25+36/lib/server/libjvm.so
7e7839b08000-7e7839b84000 rw-p 00000000 00:00 0 
7e7839b84000-7e7839b85000 r--p 00000000 103:02 1593177                   /usr/lib/x86_64-linux-gnu/libnvidia-tls.so.580.173.02
7e7839b85000-7e7839b87000 r-xp 00001000 103:02 1593177                   /usr/lib/x86_64-linux-gnu/libnvidia-tls.so.580.173.02
7e7839b87000-7e7839b88000 r--p 00003000 103:02 1593177                   /usr/lib/x86_64-linux-gnu/libnvidia-tls.so.580.173.02
7e7839b88000-7e7839b89000 r--p 00003000 103:02 1593177                   /usr/lib/x86_64-linux-gnu/libnvidia-tls.so.580.173.02
7e7839b89000-7e7839b8a000 rw-p 00004000 103:02 1593177                   /usr/lib/x86_64-linux-gnu/libnvidia-tls.so.580.173.02
7e7839b8a000-7e7839b8d000 r--p 00000000 103:02 12736401                  /home/sergey/defold_engines/1.13.1/packages/jdk-25+36/lib/libnet.so
7e7839b8d000-7e7839b95000 r-xp 00003000 103:02 12736401                  /home/sergey/defold_engines/1.13.1/packages/jdk-25+36/lib/libnet.so
7e7839b95000-7e7839b97000 r--p 0000b000 103:02 12736401                  /home/sergey/defold_engines/1.13.1/packages/jdk-25+36/lib/libnet.so
7e7839b97000-7e7839b98000 r--p 0000c000 103:02 12736401                  /home/sergey/defold_engines/1.13.1/packages/jdk-25+36/lib/libnet.so
7e7839b98000-7e7839b99000 rw-p 0000d000 103:02 12736401                  /home/sergey/defold_engines/1.13.1/packages/jdk-25+36/lib/libnet.so
7e7839b99000-7e7839b9b000 r--p 00000000 103:02 12736386                  /home/sergey/defold_engines/1.13.1/packages/jdk-25+36/lib/libzip.so
7e7839b9b000-7e7839bad000 r-xp 00002000 103:02 12736386                  /home/sergey/defold_engines/1.13.1/packages/jdk-25+36/lib/libzip.so
7e7839bad000-7e7839bb5000 r--p 00014000 103:02 12736386                  /home/sergey/defold_engines/1.13.1/packages/jdk-25+36/lib/libzip.so
7e7839bb5000-7e7839bb6000 r--p 0001b000 103:02 12736386                  /home/sergey/defold_engines/1.13.1/packages/jdk-25+36/lib/libzip.so
7e7839bb6000-7e7839bb7000 rw-p 0001c000 103:02 12736386                  /home/sergey/defold_engines/1.13.1/packages/jdk-25+36/lib/libzip.so
7e7839bb7000-7e7839bc5000 r--p 00000000 103:02 12736393                  /home/sergey/defold_engines/1.13.1/packages/jdk-25+36/lib/libjava.so
7e7839bc5000-7e7839bd3000 r-xp 0000e000 103:02 12736393                  /home/sergey/defold_engines/1.13.1/packages/jdk-25+36/lib/libjava.so
7e7839bd3000-7e7839bd8000 r--p 0001c000 103:02 12736393                  /home/sergey/defold_engines/1.13.1/packages/jdk-25+36/lib/libjava.so
7e7839bd8000-7e7839bd9000 r--p 00021000 103:02 12736393                  /home/sergey/defold_engines/1.13.1/packages/jdk-25+36/lib/libjava.so
7e7839bd9000-7e7839bda000 rw-p 00022000 103:02 12736393                  /home/sergey/defold_engines/1.13.1/packages/jdk-25+36/lib/libjava.so
7e7839bda000-7e7839bdb000 rw-p 00000000 00:00 0 
7e7839bdb000-7e7839bdf000 r--p 00000000 103:02 12736432                  /home/sergey/defold_engines/1.13.1/packages/jdk-25+36/lib/libjimage.so
7e7839bdf000-7e7839bf7000 r-xp 00004000 103:02 12736432                  /home/sergey/defold_engines/1.13.1/packages/jdk-25+36/lib/libjimage.so
7e7839bf7000-7e7839bfd000 r--p 0001c000 103:02 12736432                  /home/sergey/defold_engines/1.13.1/packages/jdk-25+36/lib/libjimage.so
7e7839bfd000-7e7839bff000 r--p 00021000 103:02 12736432                  /home/sergey/defold_engines/1.13.1/packages/jdk-25+36/lib/libjimage.so
7e7839bff000-7e7839c00000 rw-p 00023000 103:02 12736432                  /home/sergey/defold_engines/1.13.1/packages/jdk-25+36/lib/libjimage.so
7e7839c00000-7e7839c28000 r--p 00000000 103:02 1601930                   /usr/lib/x86_64-linux-gnu/libc.so.6
7e7839c28000-7e7839db1000 r-xp 00028000 103:02 1601930                   /usr/lib/x86_64-linux-gnu/libc.so.6
7e7839db1000-7e7839e00000 r--p 001b1000 103:02 1601930                   /usr/lib/x86_64-linux-gnu/libc.so.6
7e7839e00000-7e7839e04000 r--p 001ff000 103:02 1601930                   /usr/lib/x86_64-linux-gnu/libc.so.6
7e7839e04000-7e7839e06000 rw-p 00203000 103:02 1601930                   /usr/lib/x86_64-linux-gnu/libc.so.6
7e7839e06000-7e7839e13000 rw-p 00000000 00:00 0 
7e7839e13000-7e7839e14000 r--p 00000000 103:02 1588209                   /usr/lib/x86_64-linux-gnu/libXau.so.6.0.0
7e7839e14000-7e7839e16000 r-xp 00001000 103:02 1588209                   /usr/lib/x86_64-linux-gnu/libXau.so.6.0.0
7e7839e16000-7e7839e17000 r--p 00003000 103:02 1588209                   /usr/lib/x86_64-linux-gnu/libXau.so.6.0.0
7e7839e17000-7e7839e18000 r--p 00003000 103:02 1588209                   /usr/lib/x86_64-linux-gnu/libXau.so.6.0.0
7e7839e18000-7e7839e19000 rw-p 00004000 103:02 1588209                   /usr/lib/x86_64-linux-gnu/libXau.so.6.0.0
7e7839e19000-7e7839e1a000 r--p 00000000 103:02 1602008                   /usr/lib/x86_64-linux-gnu/librt.so.1
7e7839e1a000-7e7839e1b000 r-xp 00001000 103:02 1602008                   /usr/lib/x86_64-linux-gnu/librt.so.1
7e7839e1b000-7e7839e1c000 r--p 00002000 103:02 1602008                   /usr/lib/x86_64-linux-gnu/librt.so.1
7e7839e1c000-7e7839e1d000 r--p 00002000 103:02 1602008                   /usr/lib/x86_64-linux-gnu/librt.so.1
7e7839e1d000-7e7839e1e000 rw-p 00003000 103:02 1602008                   /usr/lib/x86_64-linux-gnu/librt.so.1
7e7839e1e000-7e7839e20000 rw-p 00000000 00:00 0 
7e7839e20000-7e7839e21000 r--p 00000000 103:02 1602006                   /usr/lib/x86_64-linux-gnu/libpthread.so.0
7e7839e21000-7e7839e22000 r-xp 00001000 103:02 1602006                   /usr/lib/x86_64-linux-gnu/libpthread.so.0
7e7839e22000-7e7839e23000 r--p 00002000 103:02 1602006                   /usr/lib/x86_64-linux-gnu/libpthread.so.0
7e7839e23000-7e7839e24000 r--p 00002000 103:02 1602006                   /usr/lib/x86_64-linux-gnu/libpthread.so.0
7e7839e24000-7e7839e25000 rw-p 00003000 103:02 1602006                   /usr/lib/x86_64-linux-gnu/libpthread.so.0
7e7839e25000-7e7839e26000 r--p 00000000 103:02 1601933                   /usr/lib/x86_64-linux-gnu/libdl.so.2
7e7839e26000-7e7839e27000 r-xp 00001000 103:02 1601933                   /usr/lib/x86_64-linux-gnu/libdl.so.2
7e7839e27000-7e7839e28000 r--p 00002000 103:02 1601933                   /usr/lib/x86_64-linux-gnu/libdl.so.2
7e7839e28000-7e7839e29000 r--p 00002000 103:02 1601933                   /usr/lib/x86_64-linux-gnu/libdl.so.2
7e7839e29000-7e7839e2a000 rw-p 00003000 103:02 1601933                   /usr/lib/x86_64-linux-gnu/libdl.so.2
7e7839e2a000-7e7839e2b000 rw-s 00000000 00:07 1194                       /dev/nvidiactl
7e7839e2b000-7e7839e2c000 rw-s 00044000 00:01 11267                      /memfd:/.nvidia_drv.XXXXXX (deleted)
7e7839e2c000-7e7839e2d000 r--s 00000000 00:07 1194                       /dev/nvidiactl
7e7839e2d000-7e7839e2e000 r--p 00000000 103:02 1588233                   /usr/lib/x86_64-linux-gnu/libXxf86vm.so.1.0.0
7e7839e2e000-7e7839e31000 r-xp 00001000 103:02 1588233                   /usr/lib/x86_64-linux-gnu/libXxf86vm.so.1.0.0
7e7839e31000-7e7839e32000 r--p 00004000 103:02 1588233                   /usr/lib/x86_64-linux-gnu/libXxf86vm.so.1.0.0
7e7839e32000-7e7839e33000 r--p 00004000 103:02 1588233                   /usr/lib/x86_64-linux-gnu/libXxf86vm.so.1.0.0
7e7839e33000-7e7839e34000 rw-p 00005000 103:02 1588233                   /usr/lib/x86_64-linux-gnu/libXxf86vm.so.1.0.0
7e7839e34000-7e7839e3b000 rw-p 00000000 00:00 0 
7e7839e3b000-7e7839e40000 ---p 00000000 00:00 0 
7e7839e40000-7e7839e48000 rw-s 00000000 103:02 22553960                  /tmp/hsperfdata_sergey/846417
7e7839e48000-7e7839e49000 ---p 00000000 00:00 0 
7e7839e49000-7e7839e4a000 r--p 00000000 00:00 0 
7e7839e4a000-7e7839e4b000 ---p 00000000 00:00 0 
7e7839e4b000-7e7839e4e000 r--p 00000000 103:02 12736380                  /home/sergey/defold_engines/1.13.1/packages/jdk-25+36/lib/libjli.so
7e7839e4e000-7e7839e5f000 r-xp 00003000 103:02 12736380                  /home/sergey/defold_engines/1.13.1/packages/jdk-25+36/lib/libjli.so
7e7839e5f000-7e7839e66000 r--p 00014000 103:02 12736380                  /home/sergey/defold_engines/1.13.1/packages/jdk-25+36/lib/libjli.so
7e7839e66000-7e7839e67000 r--p 0001a000 103:02 12736380                  /home/sergey/defold_engines/1.13.1/packages/jdk-25+36/lib/libjli.so
7e7839e67000-7e7839e68000 rw-p 0001b000 103:02 12736380                  /home/sergey/defold_engines/1.13.1/packages/jdk-25+36/lib/libjli.so
7e7839e68000-7e7839e6a000 rw-p 00000000 00:00 0 
7e7839e6a000-7e7839e6e000 r--p 00000000 00:00 0                          [vvar]
7e7839e6e000-7e7839e70000 r--p 00000000 00:00 0                          [vvar_vclock]
7e7839e70000-7e7839e72000 r-xp 00000000 00:00 0                          [vdso]
7e7839e72000-7e7839e73000 r--p 00000000 103:02 1601926                   /usr/lib/x86_64-linux-gnu/ld-linux-x86-64.so.2
7e7839e73000-7e7839e9e000 r-xp 00001000 103:02 1601926                   /usr/lib/x86_64-linux-gnu/ld-linux-x86-64.so.2
7e7839e9e000-7e7839ea8000 r--p 0002c000 103:02 1601926                   /usr/lib/x86_64-linux-gnu/ld-linux-x86-64.so.2
7e7839ea8000-7e7839eaa000 r--p 00036000 103:02 1601926                   /usr/lib/x86_64-linux-gnu/ld-linux-x86-64.so.2
7e7839eaa000-7e7839eac000 rw-p 00038000 103:02 1601926                   /usr/lib/x86_64-linux-gnu/ld-linux-x86-64.so.2
7ffd21897000-7ffd218b9000 rw-p 00000000 00:00 0                          [stack]
ffffffffff600000-ffffffffff601000 --xp 00000000 00:00 0                  [vsyscall]
Total number of mappings: 1628

JVMTI agents: none


VM Arguments:
jvm_args: -Dfile.encoding=UTF-8 -Djna.nosys=true -Ddefold.launcherpath=/home/sergey/defold_engines/1.13.1/Defold -Ddefold.resourcespath=/home/sergey/defold_engines/1.13.1 -Ddefold.version=1.13.1 -Ddefold.editor.sha1=574678c7d44be490d874fbed2d0ae6211feec4d9 -Ddefold.engine.sha1=574678c7d44be490d874fbed2d0ae6211feec4d9 -Ddefold.buildtime=2026-08-17T09:32:15.286642 -Ddefold.channel=stable -Ddefold.archive.domain=d.defold.com -Djava.net.preferIPv4Stack=true -Ddefold.library.connectTimeoutMillis=10000 -Ddefold.library.hostProbeTimeoutMillis=10000 -Dsun.net.client.defaultConnectTimeout=30000 -Dsun.net.client.defaultReadTimeout=30000 -Djogl.texture.notexrect=true -Dglass.accessible.force=false -Ddefold.schema.check.disable=true --add-opens=java.base/java.lang=ALL-UNNAMED --add-opens=java.desktop/sun.awt=ALL-UNNAMED --add-opens=java.desktop/sun.java2d.opengl=ALL-UNNAMED --add-opens=java.xml/com.sun.org.apache.xerces.internal.jaxp=ALL-UNNAMED --add-opens=java.base/sun.nio.fs=ALL-UNNAMED --add-opens=java.desktop/sun.awt.image=ALL-UNNAMED --enable-native-access=ALL-UNNAMED -XX:+UseCompactObjectHeaders --sun-misc-unsafe-memory-access=allow -Xmx25121323008 
java_command: com.defold.editor.Main /home/sergey/defold_projects/Defigma_Defold/game.project
java_class_path (initial): /home/sergey/defold_engines/1.13.1/packages/defold-574678c7d44be490d874fbed2d0ae6211feec4d9.jar
Launcher Type: SUN_STANDARD

[Global flags]
     intx CICompilerCount                          = 4                                         {product} {ergonomic}
     uint ConcGCThreads                            = 3                                         {product} {ergonomic}
     uint G1ConcRefinementThreads                  = 10                                        {product} {ergonomic}
   size_t G1HeapRegionSize                         = 16777216                                  {product} {ergonomic}
   size_t InitialHeapSize                          = 536870912                                 {product} {ergonomic}
   size_t MarkStackSize                            = 4194304                                   {product} {ergonomic}
   size_t MarkStackSizeMax                         = 536870912                                 {product} {ergonomic}
   size_t MaxHeapSize                              = 25132269568                               {product} {command line, ergonomic}
   size_t MaxNewSize                               = 15065939968                               {product} {ergonomic}
   size_t MinHeapDeltaBytes                        = 16777216                                  {product} {ergonomic}
   size_t MinHeapSize                              = 16777216                                  {product} {ergonomic}
    uintx NonNMethodCodeHeapSize                   = 5836800                                {pd product} {ergonomic}
    uintx NonProfiledCodeHeapSize                  = 122912768                              {pd product} {ergonomic}
    uintx ProfiledCodeHeapSize                     = 122908672                              {pd product} {ergonomic}
    uintx ReservedCodeCacheSize                    = 251658240                              {pd product} {ergonomic}
     bool SegmentedCodeCache                       = true                                      {product} {ergonomic}
   size_t SoftMaxHeapSize                          = 25132269568                            {manageable} {ergonomic}
     bool UseCompactObjectHeaders                  = true                           {product lp64_product} {command line}
     bool UseCompressedOops                        = true                           {product lp64_product} {ergonomic}
     bool UseG1GC                                  = true                                      {product} {ergonomic}

Logging:
Log output configuration:
 #0: stdout all=warning uptime,level,tags foldmultilines=false
 #1: stderr all=off uptime,level,tags foldmultilines=false

Release file:
JAVA_VERSION="25"
MODULES="java.base java.datatransfer java.xml java.prefs java.desktop java.logging java.management java.security.sasl java.naming java.net.http java.scripting java.security.jgss java.transaction.xa java.sql java.xml.crypto jdk.crypto.ec jdk.httpserver jdk.internal.opt jdk.jartool jdk.security.jgss jdk.unsupported jdk.zipfs"

Environment Variables:
JAVA_TOOL_OPTIONS=
_JAVA_OPTIONS=
PATH=/home/sergey/.local/bin:/home/sergey/.nvm/versions/node/v25.0.0/bin:/home/sergey/.local/bin:/home/sergey/.cargo/bin:/home/sergey/.local/bin:/usr/local/sbin:/usr/local/bin:/usr/sbin:/usr/bin:/sbin:/bin:/usr/games:/usr/local/games:/snap/bin:/snap/bin:/usr/local/go/bin:/home/sergey/.config/Claude/local-agent-mode-sessions/skills-plugin/5de55069-79c8-48d1-98de-14f17a38942a/3753edff-0782-41d5-94b9-d15adf1b425f/bin
USERNAME=sergey
SHELL=/bin/bash
DISPLAY=:0
LANG=en_US.UTF-8

Active Locale:
LC_ALL=en_US.UTF-8
LC_COLLATE=en_US.UTF-8
LC_CTYPE=en_US.UTF-8
LC_MESSAGES=en_US.UTF-8
LC_MONETARY=en_US.UTF-8
LC_NUMERIC=en_US.UTF-8
LC_TIME=en_US.UTF-8

Signal Handlers:
   SIGSEGV: crash_handler in libjvm.so, mask=11100100010111111101111111111110, flags=SA_RESTART|SA_SIGINFO, unblocked
    SIGBUS: crash_handler in libjvm.so, mask=11100100010111111101111111111110, flags=SA_RESTART|SA_SIGINFO, unblocked
    SIGFPE: crash_handler in libjvm.so, mask=11100100010111111101111111111110, flags=SA_RESTART|SA_SIGINFO, unblocked
   SIGPIPE: SIG_IGN, mask=00000000000010000000000000000000, flags=SA_RESTART, blocked
  *** Handler was modified!
  *** Expected: javaSignalHandler in libjvm.so, mask=11100100110111111111111111111110, flags=SA_RESTART|SA_SIGINFO
   SIGXFSZ: javaSignalHandler in libjvm.so, mask=11100100010111111101111111111110, flags=SA_RESTART|SA_SIGINFO, blocked
    SIGILL: crash_handler in libjvm.so, mask=11100100010111111101111111111110, flags=SA_RESTART|SA_SIGINFO, unblocked
   SIGUSR2: SR_handler in libjvm.so, mask=00000000000000000000000000000000, flags=SA_RESTART|SA_SIGINFO, blocked
    SIGHUP: UserHandler in libjvm.so, mask=11100100010111111101111111111110, flags=SA_RESTART|SA_SIGINFO, blocked
    SIGINT: UserHandler in libjvm.so, mask=11100100010111111101111111111110, flags=SA_RESTART|SA_SIGINFO, blocked
   SIGTERM: UserHandler in libjvm.so, mask=11100100010111111101111111111110, flags=SA_RESTART|SA_SIGINFO, blocked
   SIGQUIT: UserHandler in libjvm.so, mask=11100100010111111101111111111110, flags=SA_RESTART|SA_SIGINFO, blocked
   SIGTRAP: crash_handler in libjvm.so, mask=11100100010111111101111111111110, flags=SA_RESTART|SA_SIGINFO, unblocked


Compilation memory statistics disabled.

Periodic native trim disabled

---------------  S Y S T E M  ---------------

OS:
DISTRIB_ID=Ubuntu
DISTRIB_RELEASE=24.04
DISTRIB_CODENAME=noble
DISTRIB_DESCRIPTION="Ubuntu 24.04.4 LTS"
uname: Linux 7.0.0-34-generic #34~24.04.1-Ubuntu SMP PREEMPT_DYNAMIC Fri Sep  4 15:38:29 UTC 2 x86_64
OS uptime: 0 days 12:05 hours
libc: glibc 2.39 NPTL 2.39 
rlimit (soft/hard): STACK 8192k/infinity , CORE 0k/infinity , NPROC 116111/116111 , NOFILE 1048576/1048576 , AS infinity/infinity , CPU infinity/infinity , DATA infinity/infinity , FSIZE infinity/infinity , MEMLOCK 4088756k/4088756k
load average: 1.89 1.47 1.55

/proc/meminfo:
MemTotal:       32710056 kB
MemFree:         1427804 kB
MemAvailable:   11332752 kB
Buffers:         1851996 kB
Cached:         10935164 kB
SwapCached:        81748 kB
Active:         15491584 kB
Inactive:       12291164 kB
Active(anon):   12100628 kB
Inactive(anon):  6616768 kB
Active(file):    3390956 kB
Inactive(file):  5674396 kB
Unevictable:         224 kB
Mlocked:             224 kB
SwapTotal:       8388604 kB
SwapFree:        2893556 kB
Zswap:                 0 kB
Zswapped:              0 kB
Dirty:              1528 kB
Writeback:             0 kB
AnonPages:      14915528 kB
Mapped:          2503936 kB
Shmem:           3936480 kB
KReclaimable:    1662936 kB
Slab:            2283200 kB
SReclaimable:    1662936 kB
SUnreclaim:       620264 kB
KernelStack:       51568 kB
PageTables:       196836 kB
SecPageTables:      4888 kB
NFS_Unstable:          0 kB
Bounce:                0 kB
WritebackTmp:          0 kB
CommitLimit:    24743632 kB
Committed_AS:   62776776 kB
VmallocTotal:   34359738367 kB
VmallocUsed:      152832 kB
VmallocChunk:          0 kB
Percpu:            16992 kB
HardwareCorrupted:     0 kB
AnonHugePages:         0 kB
ShmemHugePages:        0 kB
ShmemPmdMapped:        0 kB
FileHugePages:    913408 kB
FilePmdMapped:      2048 kB
CmaTotal:              0 kB
CmaFree:           81204 kB
Unaccepted:            0 kB
Balloon:               0 kB
HugePages_Total:       0
HugePages_Free:        0
HugePages_Rsvd:        0
HugePages_Surp:        0
Hugepagesize:       2048 kB
Hugetlb:               0 kB
DirectMap4k:     3430136 kB
DirectMap2M:    26828800 kB
DirectMap1G:     5242880 kB

/sys/kernel/mm/transparent_hugepage/enabled: always [madvise] never
/sys/kernel/mm/transparent_hugepage/hpage_pmd_size: 2097152
/sys/kernel/mm/transparent_hugepage/shmem_enabled: always within_size advise [never] deny force
/sys/kernel/mm/transparent_hugepage/defrag (defrag/compaction efforts parameter): always defer defer+madvise [madvise] never

Process Memory:
Virtual Size: 33663256K (peak: 33729604K)
Resident Set Size: 1749028K (peak: 1749028K) (anon: 1535828K, file: 208380K, shmem: 4820K)
Swapped out: 0K
C-Heap outstanding allocations: 228179K, retained: 654664K
glibc malloc tunables: (default)

/proc/sys/kernel/threads-max (system-wide limit on the number of threads): 232223
/proc/sys/vm/max_map_count (maximum number of memory map areas a process may have): 1048576
/proc/sys/vm/swappiness (control to define how aggressively the kernel swaps out anonymous memory): 60
/proc/sys/kernel/pid_max (system-wide limit on number of process identifiers): 4194304

container information not found.
Steal ticks since vm start: 0
Steal ticks percentage since vm start:  0.000

CPU: total 12 (initial active 12) (6 cores per cpu, 2 threads per core) family 6 model 151 stepping 5 microcode 0x3e, cx8, cmov, fxsr, ht, mmx, 3dnowpref, sse, sse2, sse3, ssse3, sse4.1, sse4.2, popcnt, lzcnt, tsc, tscinvbit, avx, avx2, aes, erms, clmul, bmi1, bmi2, adx, sha, fma, vzeroupper, clflush, clflushopt, clwb, serialize, rdtscp, rdpid, fsrm, gfni, f16c, pku, ospke, cet_ibt, cet_ss
CPU Model and flags from /proc/cpuinfo:
model name	: 12th Gen Intel(R) Core(TM) i5-12400F
flags		: fpu vme de pse tsc msr pae mce cx8 apic sep mtrr pge mca cmov pat pse36 clflush dts acpi mmx fxsr sse sse2 ss ht tm pbe syscall nx pdpe1gb rdtscp lm constant_tsc art arch_perfmon pebs bts rep_good nopl xtopology nonstop_tsc cpuid aperfmperf tsc_known_freq pni pclmulqdq dtes64 monitor ds_cpl vmx est tm2 ssse3 sdbg fma cx16 xtpr pdcm pcid sse4_1 sse4_2 x2apic movbe popcnt tsc_deadline_timer aes xsave avx f16c rdrand lahf_lm abm 3dnowprefetch cpuid_fault ssbd ibrs ibpb stibp ibrs_enhanced tpr_shadow flexpriority ept vpid ept_ad fsgsbase tsc_adjust bmi1 avx2 smep bmi2 erms invpcid rdseed adx smap clflushopt clwb intel_pt sha_ni xsaveopt xsavec xgetbv1 xsaves split_lock_detect user_shstk avx_vnni dtherm ida arat pln pts hwp hwp_notify hwp_act_window hwp_epp hwp_pkg_req hfi vnmi umip pku ospke waitpkg gfni vaes vpclmulqdq rdpid movdiri movdir64b fsrm md_clear serialize arch_lbr ibt flush_l1d arch_capabilities

Online cpus: 0-11
Offline cpus: 
BIOS frequency limitation: <Not Available>
Frequency switch latency (ns): 0
Available cpu frequencies: <Not Available>
Current governor: powersave
Core performance/turbo boost: <Not Available>

Memory: 4k page, physical 32710056k(11332752k free), swap 8388604k(2893556k free)
Page Sizes: 4k

vm_info: OpenJDK 64-Bit Server VM (25+36-LTS) for linux-amd64 JRE (25+36-LTS), built on 2025-09-16T00:00:00Z with gcc 14.2.0

END.
